{"type":"FeatureCollection","bbox":[120.4874,13.162,122.7925,15.2169],"metadata":{"source":"geoBoundaries gbOpen PHL ADM3 + ADM2","sourceUrl":"https://www.geoboundaries.org/","licence":"CC-BY 4.0","boundaryYear":2020,"generatedBy":"backend/scripts/build-boundaries.js","note":"Simplified with Douglas-Peucker (eps 0.0016 deg) and rounded to 4 dp (~11 m)."},"features":[{"type":"Feature","properties":{"key":"AGONCILLO","name":"Agoncillo","province":"Batangas","lng":120.9274,"lat":13.96775},"geometry":{"type":"Polygon","coordinates":[[[120.9558,14.0142],[120.9524,14.0211],[120.9256,14.0101],[120.9133,14.0092],[120.903,13.9912],[120.9005,13.9833],[120.9009,13.9635],[120.904,13.9465],[120.9089,13.9413],[120.9105,13.9339],[120.9057,13.9235],[120.9105,13.9196],[120.916,13.9091],[120.9255,13.9191],[120.943,13.9217],[120.9495,13.9288],[120.9461,13.9391],[120.9472,13.9453],[120.9414,13.9594],[120.9465,13.9715],[120.9594,13.9826],[120.9517,13.9882],[120.9527,13.9937],[120.9499,14.0009],[120.9538,14.0095],[120.9529,14.0144],[120.9558,14.0142]]]}},{"type":"Feature","properties":{"key":"ALITAGTAG","name":"Alitagtag","province":"Batangas","lng":121.01377,"lat":13.86618},"geometry":{"type":"Polygon","coordinates":[[[121.0452,13.8633],[121.038,13.8624],[121.036,13.8739],[121.0398,13.8783],[121.0365,13.881],[121.0319,13.8975],[121.0272,13.8951],[121.0195,13.8964],[121.0201,13.8912],[121.0177,13.8877],[121.0096,13.888],[121.0066,13.8906],[120.9934,13.8776],[120.9896,13.8784],[120.993,13.8642],[120.9848,13.8503],[120.9835,13.8383],[120.9991,13.8408],[121.0063,13.8461],[121.0213,13.8452],[121.0322,13.8492],[121.0452,13.8633]]]}},{"type":"Feature","properties":{"key":"BALAYAN","name":"Balayan","province":"Batangas","lng":120.73216,"lat":13.96633},"geometry":{"type":"Polygon","coordinates":[[[120.7772,13.9264],[120.7783,13.9386],[120.7715,13.9525],[120.7718,13.962],[120.7691,13.9667],[120.7703,13.9856],[120.7748,13.9927],[120.7808,13.9952],[120.7864,14.004],[120.795,14.0105],[120.7995,14.0093],[120.8084,14.0142],[120.8141,14.0285],[120.8183,14.033],[120.8218,14.0539],[120.8088,14.0527],[120.8028,14.0496],[120.7894,14.032],[120.7858,14.0172],[120.7756,14.0147],[120.7685,14.0092],[120.7645,13.998],[120.7345,13.9814],[120.7326,13.9773],[120.7241,13.9721],[120.718,13.9602],[120.714,13.9652],[120.7125,13.9803],[120.7078,13.9872],[120.6904,13.9954],[120.6862,13.9946],[120.6744,13.9789],[120.6669,13.962],[120.6661,13.9399],[120.6775,13.9117],[120.6988,13.9071],[120.7113,13.9253],[120.7208,13.9289],[120.7257,13.9283],[120.7276,13.9256],[120.7328,13.9324],[120.741,13.9363],[120.7772,13.9264]]]}},{"type":"Feature","properties":{"key":"BALETE","name":"Balete","province":"Batangas","lng":121.1126,"lat":14.01231},"geometry":{"type":"MultiPolygon","coordinates":[[[[121.0103,13.9933],[121.0147,13.9948],[121.02,14.0173],[121.0163,14.0137],[121.0031,14.0106],[121.0021,14.0078],[121.0103,13.9933]]],[[[121.1444,14.0013],[121.1385,14.0173],[121.1331,14.0225],[121.1167,14.0306],[121.1058,14.0276],[121.1043,14.0369],[121.1002,14.0394],[121.0757,14.0294],[121.0609,14.0275],[121.0617,14.0245],[121.0585,14.0203],[121.0599,14.0177],[121.0643,14.0243],[121.0769,14.0277],[121.091,14.0219],[121.0956,14.0157],[121.094,14.0112],[121.0981,14.0092],[121.1017,13.9946],[121.1094,13.9936],[121.1221,13.9801],[121.1311,13.9939],[121.1444,14.0013]]]]}},{"type":"Feature","properties":{"key":"BATANGAS","name":"Batangas City","province":"Batangas","lng":121.1044,"lat":13.72053},"geometry":{"type":"MultiPolygon","coordinates":[[[[121.089,13.5694],[121.0856,13.5738],[121.0678,13.5638],[121.0604,13.5628],[121.049,13.5659],[121.0445,13.5729],[121.0424,13.5708],[121.044,13.5591],[121.0529,13.5557],[121.0571,13.548],[121.0803,13.5262],[121.0994,13.5338],[121.0928,13.5645],[121.089,13.5694]]],[[[121.1625,13.7665],[121.1473,13.7771],[121.1378,13.7902],[121.1324,13.7916],[121.1271,13.789],[121.1243,13.7907],[121.1203,13.7877],[121.1118,13.7914],[121.1031,13.787],[121.1,13.7898],[121.0962,13.7892],[121.0951,13.7926],[121.0975,13.7937],[121.0986,13.805],[121.104,13.8092],[121.1036,13.8172],[121.1003,13.818],[121.0991,13.8229],[121.1044,13.8366],[121.0995,13.8428],[121.0941,13.8431],[121.087,13.8379],[121.0735,13.8366],[121.0604,13.8311],[121.0587,13.8213],[121.0446,13.7983],[121.0448,13.7929],[121.0335,13.7839],[121.0287,13.7697],[121.0377,13.7622],[121.0428,13.7665],[121.0454,13.762],[121.0412,13.76],[121.0428,13.7573],[121.0409,13.7599],[121.039,13.7565],[121.0428,13.7539],[121.0421,13.7508],[121.0448,13.7518],[121.0467,13.7446],[121.0524,13.7433],[121.0509,13.7407],[121.0556,13.7366],[121.0602,13.7385],[121.0564,13.7335],[121.0592,13.7315],[121.0602,13.726],[121.0567,13.7239],[121.0595,13.7207],[121.0585,13.7175],[121.0603,13.7207],[121.0616,13.7163],[121.0592,13.7098],[121.0609,13.7102],[121.0605,13.7076],[121.054,13.7023],[121.051,13.6928],[121.049,13.6933],[121.051,13.6928],[121.049,13.6835],[121.0533,13.6656],[121.0487,13.654],[121.0389,13.6424],[121.0364,13.6339],[121.0425,13.6326],[121.0517,13.6357],[121.0586,13.6274],[121.0696,13.6309],[121.0781,13.6189],[121.0895,13.6241],[121.1042,13.625],[121.116,13.6316],[121.1417,13.6349],[121.1566,13.6422],[121.1759,13.6439],[121.167,13.6663],[121.1694,13.6829],[121.1773,13.6862],[121.1721,13.6909],[121.1802,13.6926],[121.1773,13.6978],[121.1787,13.7035],[121.1732,13.709],[121.1753,13.7169],[121.1785,13.7193],[121.1761,13.7251],[121.1794,13.736],[121.1779,13.7468],[121.1731,13.7538],[121.1655,13.7578],[121.1625,13.7665]]]]}},{"type":"Feature","properties":{"key":"BAUAN","name":"Bauan","province":"Batangas","lng":120.97026,"lat":13.80132},"geometry":{"type":"Polygon","coordinates":[[[120.9835,13.8383],[120.9826,13.8365],[120.9779,13.8396],[120.9706,13.8252],[120.9625,13.8202],[120.9649,13.8182],[120.9506,13.808],[120.9352,13.8059],[120.912,13.8097],[120.9113,13.8009],[120.9187,13.7986],[120.919,13.7877],[120.9255,13.785],[120.9282,13.7809],[120.9282,13.7745],[120.9244,13.7704],[120.9269,13.7638],[120.935,13.7661],[120.9422,13.7649],[120.9582,13.7714],[120.966,13.7718],[120.9738,13.7789],[120.9764,13.7771],[120.9747,13.779],[120.9772,13.7819],[120.9832,13.7828],[120.9837,13.781],[120.9869,13.7835],[120.9929,13.7829],[120.9933,13.7809],[120.9934,13.7828],[121.0025,13.7815],[121.0174,13.7755],[121.0214,13.7825],[121.0134,13.7859],[121.0145,13.794],[121.0059,13.7943],[121.0071,13.7967],[121.0045,13.8026],[121.0012,13.8038],[121.0084,13.8158],[121.0077,13.8215],[121.0139,13.8341],[121.0143,13.8466],[121.0063,13.8461],[120.9991,13.8408],[120.9835,13.8383]]]}},{"type":"Feature","properties":{"key":"CALACA","name":"Calaca","province":"Batangas","lng":120.82284,"lat":13.9772},"geometry":{"type":"Polygon","coordinates":[[[120.7772,13.9264],[120.785,13.9279],[120.788,13.924],[120.7902,13.9281],[120.792,13.9223],[120.799,13.9243],[120.8455,13.9089],[120.8523,13.9176],[120.8544,13.9305],[120.86,13.9411],[120.8608,13.9508],[120.8663,13.9643],[120.8663,13.9755],[120.861,13.9978],[120.8628,14.0129],[120.8588,14.0205],[120.8552,14.0472],[120.8465,14.0508],[120.843,14.0568],[120.8218,14.0539],[120.8183,14.033],[120.8141,14.0285],[120.8084,14.0142],[120.7995,14.0093],[120.795,14.0105],[120.7864,14.004],[120.7808,13.9952],[120.7748,13.9927],[120.7703,13.9856],[120.7691,13.9667],[120.7718,13.962],[120.7715,13.9525],[120.7783,13.9386],[120.7772,13.9264]]]}},{"type":"Feature","properties":{"key":"CALATAGAN","name":"Calatagan","province":"Batangas","lng":120.6585,"lat":13.8634},"geometry":{"type":"Polygon","coordinates":[[[120.6724,13.9263],[120.6522,13.9275],[120.6344,13.9318],[120.6203,13.9302],[120.6205,13.9241],[120.618,13.9226],[120.6212,13.9199],[120.6183,13.9125],[120.6224,13.9111],[120.6242,13.9053],[120.6215,13.9014],[120.6257,13.8958],[120.6189,13.8902],[120.6167,13.8821],[120.6204,13.8727],[120.6173,13.8667],[120.6205,13.8652],[120.6234,13.8562],[120.6196,13.8502],[120.624,13.8464],[120.6199,13.8426],[120.6181,13.8354],[120.6242,13.831],[120.6221,13.8215],[120.6269,13.8253],[120.6279,13.8219],[120.6308,13.8212],[120.627,13.8186],[120.6288,13.8171],[120.6268,13.8148],[120.6221,13.8158],[120.6214,13.8112],[120.6245,13.8078],[120.6311,13.8072],[120.6327,13.7994],[120.6381,13.7978],[120.6461,13.784],[120.6443,13.7823],[120.6464,13.7832],[120.6515,13.7742],[120.6504,13.7722],[120.6518,13.7734],[120.6578,13.7684],[120.666,13.771],[120.6749,13.7836],[120.6761,13.7892],[120.672,13.7958],[120.6726,13.8011],[120.6658,13.8097],[120.6592,13.8257],[120.6548,13.8316],[120.6517,13.8299],[120.6559,13.8376],[120.6556,13.8458],[120.6514,13.8484],[120.6569,13.8472],[120.6542,13.8493],[120.6557,13.8531],[120.6588,13.8536],[120.6564,13.8565],[120.6609,13.8557],[120.6646,13.8596],[120.6689,13.8562],[120.6868,13.8544],[120.7121,13.8399],[120.7179,13.8422],[120.7227,13.8489],[120.7224,13.8585],[120.7126,13.8752],[120.7002,13.8848],[120.6975,13.8927],[120.6988,13.9071],[120.6775,13.9117],[120.6724,13.9263]]]}},{"type":"Feature","properties":{"key":"LIPA","name":"City of Lipa","province":"Batangas","lng":121.17065,"lat":13.93954},"geometry":{"type":"Polygon","coordinates":[[[121.1221,13.9801],[121.1201,13.9787],[121.1254,13.9625],[121.1201,13.9461],[121.1114,13.9475],[121.1067,13.9613],[121.0875,13.9586],[121.078,13.9622],[121.0753,13.9617],[121.0743,13.9546],[121.0674,13.9433],[121.0644,13.9442],[121.0774,13.9254],[121.1091,13.9248],[121.1149,13.9187],[121.119,13.9003],[121.1256,13.9005],[121.122,13.8856],[121.1338,13.8824],[121.1285,13.8701],[121.1379,13.8709],[121.1648,13.8612],[121.1947,13.8866],[121.2023,13.8894],[121.205,13.8996],[121.214,13.9051],[121.2338,13.8913],[121.2426,13.8883],[121.2638,13.8849],[121.2721,13.8876],[121.2726,13.891],[121.2628,13.8904],[121.2616,13.8937],[121.2467,13.8994],[121.2404,13.9051],[121.2374,13.9166],[121.237,13.9309],[121.2465,13.9635],[121.2481,13.9844],[121.2393,13.9905],[121.2307,13.9833],[121.2243,13.982],[121.2035,13.9891],[121.1976,13.9963],[121.1946,14.009],[121.1841,14.0306],[121.1748,14.0262],[121.1774,14.019],[121.1752,14.0146],[121.1612,14.0029],[121.1532,13.9995],[121.1523,13.9944],[121.1471,13.9924],[121.1444,14.0013],[121.1311,13.9939],[121.1221,13.9801]]]}},{"type":"Feature","properties":{"key":"SANTO TOMAS","name":"City of Sto. Tomas","province":"Batangas","lng":121.18338,"lat":14.07569},"geometry":{"type":"Polygon","coordinates":[[[121.21,14.087],[121.2056,14.1096],[121.1944,14.1311],[121.1867,14.1357],[121.1384,14.1446],[121.1335,14.1417],[121.1286,14.1473],[121.1258,14.1308],[121.1278,14.1278],[121.1253,14.1251],[121.1401,14.114],[121.1353,14.106],[121.1358,14.1012],[121.1415,14.0991],[121.1558,14.0858],[121.159,14.074],[121.1641,14.0701],[121.1632,14.0653],[121.1673,14.0597],[121.173,14.0574],[121.1746,14.0495],[121.18,14.0473],[121.1803,14.034],[121.1827,14.0333],[121.1946,14.009],[121.1976,13.9963],[121.2035,13.9891],[121.2243,13.982],[121.2307,13.9833],[121.2393,13.9905],[121.2259,14.0077],[121.2162,14.0266],[121.2134,14.0397],[121.2136,14.055],[121.2105,14.0644],[121.21,14.087]]]}},{"type":"Feature","properties":{"key":"TANAUAN","name":"City of Tanauan","province":"Batangas","lng":121.09878,"lat":14.09423},"geometry":{"type":"Polygon","coordinates":[[[121.1002,14.0394],[121.1017,14.0429],[121.1221,14.0461],[121.1547,14.0582],[121.1612,14.0701],[121.1546,14.0844],[121.1558,14.0858],[121.1415,14.0991],[121.1358,14.1012],[121.1353,14.106],[121.1401,14.114],[121.1253,14.1251],[121.1278,14.1278],[121.1258,14.1308],[121.1275,14.1454],[121.1022,14.1558],[121.0598,14.1535],[121.0454,14.1549],[121.0434,14.1539],[121.0512,14.1441],[121.0592,14.1254],[121.0606,14.1161],[121.0597,14.1057],[121.0522,14.0983],[121.0485,14.0902],[121.0538,14.089],[121.0548,14.0845],[121.0592,14.0865],[121.0647,14.0767],[121.0641,14.0739],[121.0714,14.0645],[121.0632,14.0428],[121.0542,14.0311],[121.0574,14.0277],[121.0757,14.0294],[121.1002,14.0394]]]}},{"type":"Feature","properties":{"key":"CUENCA","name":"Cuenca","province":"Batangas","lng":121.053,"lat":13.90593},"geometry":{"type":"Polygon","coordinates":[[[121.0452,13.8633],[121.0514,13.8663],[121.0554,13.8639],[121.0612,13.8661],[121.0569,13.8762],[121.0729,13.9017],[121.0787,13.9206],[121.0629,13.9456],[121.0597,13.9421],[121.0513,13.9394],[121.0358,13.9387],[121.0389,13.9343],[121.0387,13.9237],[121.0297,13.9138],[121.033,13.9127],[121.035,13.905],[121.0319,13.8975],[121.0365,13.881],[121.0398,13.8783],[121.036,13.8739],[121.038,13.8624],[121.0452,13.8633]]]}},{"type":"Feature","properties":{"key":"IBAAN","name":"Ibaan","province":"Batangas","lng":121.14033,"lat":13.81905},"geometry":{"type":"Polygon","coordinates":[[[121.1625,13.7665],[121.1802,13.7626],[121.1866,13.7673],[121.1819,13.7728],[121.1848,13.7755],[121.1806,13.7893],[121.1664,13.7959],[121.1706,13.8009],[121.1716,13.8164],[121.1661,13.8406],[121.1688,13.8489],[121.1648,13.8612],[121.1569,13.8653],[121.1379,13.8709],[121.1285,13.8701],[121.1284,13.8677],[121.1207,13.8664],[121.1068,13.8497],[121.0991,13.8229],[121.1003,13.818],[121.1036,13.8172],[121.104,13.8092],[121.0986,13.805],[121.0975,13.7937],[121.0951,13.7926],[121.0962,13.7892],[121.1,13.7898],[121.1031,13.787],[121.1118,13.7914],[121.1203,13.7877],[121.1243,13.7907],[121.1271,13.789],[121.1324,13.7916],[121.1378,13.7902],[121.1473,13.7771],[121.1625,13.7665]]]}},{"type":"Feature","properties":{"key":"LAUREL","name":"Laurel","province":"Batangas","lng":120.90625,"lat":14.05114},"geometry":{"type":"Polygon","coordinates":[[[120.9558,14.0142],[120.9554,14.0194],[120.9472,14.0325],[120.9482,14.0377],[120.9536,14.0427],[120.9485,14.0434],[120.9468,14.0476],[120.9491,14.0512],[120.9393,14.0567],[120.9362,14.0627],[120.9458,14.0715],[120.9573,14.0685],[120.963,14.0753],[120.9605,14.0765],[120.9572,14.0947],[120.9513,14.0913],[120.9464,14.0933],[120.9376,14.0859],[120.919,14.0833],[120.9025,14.0768],[120.8977,14.0791],[120.8927,14.0876],[120.878,14.0838],[120.8624,14.0754],[120.849,14.0635],[120.8468,14.0566],[120.843,14.0568],[120.8465,14.0508],[120.8552,14.0472],[120.8573,14.0354],[120.9035,14.0125],[120.915,14.0084],[120.9256,14.0101],[120.9524,14.0211],[120.9558,14.0142]]]}},{"type":"Feature","properties":{"key":"LEMERY","name":"Lemery","province":"Batangas","lng":120.88427,"lat":13.95471},"geometry":{"type":"Polygon","coordinates":[[[120.9133,14.0092],[120.8573,14.0354],[120.8588,14.0205],[120.8628,14.0129],[120.861,13.9978],[120.8638,13.9924],[120.8663,13.9643],[120.8608,13.9508],[120.86,13.9411],[120.8544,13.9305],[120.8536,13.9212],[120.8488,13.9155],[120.8473,13.9093],[120.8758,13.9028],[120.8878,13.8973],[120.906,13.8846],[120.9138,13.8712],[120.9189,13.8802],[120.9117,13.8918],[120.912,13.9037],[120.916,13.9091],[120.9105,13.9196],[120.9057,13.9235],[120.9105,13.9339],[120.9089,13.9413],[120.904,13.9465],[120.9005,13.9833],[120.9133,14.0092]]]}},{"type":"Feature","properties":{"key":"LIAN","name":"Lian","province":"Batangas","lng":120.64896,"lat":13.99337},"geometry":{"type":"Polygon","coordinates":[[[120.6862,13.9946],[120.6874,14.0279],[120.6887,14.0372],[120.6932,14.0458],[120.6863,14.0444],[120.6803,14.0392],[120.6744,14.0504],[120.6695,14.0453],[120.6626,14.0483],[120.6474,14.0422],[120.6463,14.0516],[120.6431,14.055],[120.6365,14.054],[120.624,14.0578],[120.6222,14.0384],[120.6143,14.0325],[120.6196,14.0255],[120.618,14.0203],[120.6199,14.017],[120.6155,14.0124],[120.618,14.0069],[120.6266,14.0039],[120.6227,13.9954],[120.6322,13.984],[120.6295,13.9787],[120.6307,13.9765],[120.627,13.971],[120.625,13.9714],[120.6252,13.9688],[120.6139,13.9674],[120.604,13.9792],[120.6027,13.9741],[120.6048,13.9661],[120.6161,13.9606],[120.6187,13.9548],[120.6123,13.9399],[120.6172,13.9378],[120.6164,13.9324],[120.6203,13.9302],[120.6344,13.9318],[120.6522,13.9275],[120.6724,13.9263],[120.6661,13.9399],[120.6669,13.962],[120.6744,13.9789],[120.6862,13.9946]]]}},{"type":"Feature","properties":{"key":"LOBO","name":"Lobo","province":"Batangas","lng":121.26271,"lat":13.6654},"geometry":{"type":"Polygon","coordinates":[[[121.1759,13.6439],[121.1897,13.643],[121.1972,13.6318],[121.2004,13.6317],[121.199,13.6299],[121.2048,13.6273],[121.2211,13.6295],[121.2333,13.6278],[121.2563,13.6056],[121.2594,13.5979],[121.2855,13.597],[121.2945,13.6002],[121.3044,13.6126],[121.3128,13.6125],[121.3149,13.6215],[121.3262,13.6343],[121.3384,13.644],[121.3484,13.6459],[121.3588,13.6549],[121.3605,13.6749],[121.3519,13.7015],[121.3473,13.7052],[121.3416,13.7065],[121.3369,13.7019],[121.3348,13.7046],[121.332,13.7039],[121.3304,13.6991],[121.3262,13.698],[121.327,13.6961],[121.319,13.6967],[121.3178,13.6932],[121.3161,13.6955],[121.3092,13.6937],[121.3085,13.691],[121.3025,13.6892],[121.2963,13.6937],[121.2936,13.6901],[121.2928,13.6935],[121.2887,13.6939],[121.2882,13.6975],[121.2904,13.6972],[121.2943,13.7037],[121.2925,13.7158],[121.2941,13.72],[121.291,13.7323],[121.2797,13.7342],[121.2671,13.7304],[121.2692,13.7281],[121.2673,13.7215],[121.271,13.6955],[121.2548,13.7143],[121.2542,13.7181],[121.2475,13.7109],[121.2423,13.7112],[121.2392,13.7146],[121.221,13.7159],[121.2051,13.7056],[121.2008,13.7059],[121.1982,13.7159],[121.1785,13.7193],[121.1753,13.7169],[121.1732,13.709],[121.1787,13.7035],[121.1773,13.6978],[121.1802,13.6926],[121.1721,13.6909],[121.1773,13.6862],[121.1694,13.6829],[121.167,13.6663],[121.1759,13.6439]]]}},{"type":"Feature","properties":{"key":"MABINI","name":"Mabini","province":"Batangas","lng":120.91344,"lat":13.73006},"geometry":{"type":"Polygon","coordinates":[[[120.9269,13.7638],[120.927,13.759],[120.9244,13.7569],[120.9069,13.7554],[120.8922,13.7402],[120.8826,13.7245],[120.878,13.7246],[120.8734,13.7195],[120.874,13.7103],[120.8917,13.6887],[120.8929,13.6827],[120.8966,13.6884],[120.9174,13.6999],[120.9302,13.7274],[120.9476,13.7416],[120.9481,13.7454],[120.9564,13.7552],[120.9558,13.7601],[120.9617,13.7648],[120.9618,13.7721],[120.9422,13.7649],[120.935,13.7661],[120.9269,13.7638]]]}},{"type":"Feature","properties":{"key":"MALVAR","name":"Malvar","province":"Batangas","lng":121.14906,"lat":14.0329},"geometry":{"type":"Polygon","coordinates":[[[121.1444,14.0013],[121.1471,13.9924],[121.1523,13.9944],[121.1532,13.9995],[121.1612,14.0029],[121.1752,14.0146],[121.1774,14.019],[121.1748,14.0262],[121.1841,14.0306],[121.1803,14.034],[121.18,14.0473],[121.1746,14.0495],[121.173,14.0574],[121.1673,14.0597],[121.1632,14.0653],[121.1641,14.0701],[121.159,14.074],[121.1607,14.0666],[121.1547,14.0582],[121.1221,14.0461],[121.1017,14.0429],[121.1002,14.0394],[121.1043,14.0369],[121.1058,14.0276],[121.1167,14.0306],[121.1331,14.0225],[121.1385,14.0173],[121.1444,14.0013]]]}},{"type":"Feature","properties":{"key":"MATAASNAKAHOY","name":"Mataasnakahoy","province":"Batangas","lng":121.10256,"lat":13.97584},"geometry":{"type":"Polygon","coordinates":[[[121.094,14.0112],[121.0918,14.0033],[121.0829,13.9894],[121.0838,13.9836],[121.0807,13.9759],[121.0819,13.966],[121.0848,13.9635],[121.0828,13.9612],[121.0875,13.9586],[121.1067,13.9613],[121.1114,13.9475],[121.1201,13.9461],[121.1254,13.9625],[121.1201,13.9787],[121.1221,13.9801],[121.1094,13.9936],[121.1017,13.9946],[121.0981,14.0092],[121.094,14.0112]]]}},{"type":"Feature","properties":{"key":"NASUGBU","name":"Nasugbu","province":"Batangas","lng":120.688,"lat":14.11888},"geometry":{"type":"MultiPolygon","coordinates":[[[[120.4874,14.0616],[120.4954,14.052],[120.495,14.0553],[120.4874,14.0616]]],[[[120.571,14.1505],[120.5695,14.1493],[120.5716,14.1494],[120.571,14.1505]]],[[[120.5719,14.1519],[120.5719,14.15],[120.5753,14.1489],[120.5759,14.1501],[120.5719,14.1519]]],[[[120.58,14.1925],[120.5781,14.1902],[120.5805,14.1907],[120.58,14.1925]]],[[[120.5786,14.1997],[120.5784,14.1983],[120.5803,14.1988],[120.5786,14.1997]]],[[[120.7697,14.1261],[120.7689,14.1334],[120.7648,14.1358],[120.7503,14.1376],[120.7377,14.1334],[120.7347,14.1383],[120.7294,14.1404],[120.7261,14.1336],[120.7159,14.1265],[120.7068,14.1322],[120.7087,14.1348],[120.7071,14.1377],[120.6982,14.1369],[120.7013,14.1444],[120.6967,14.1484],[120.6942,14.1596],[120.692,14.1605],[120.6924,14.1634],[120.708,14.1721],[120.7038,14.1752],[120.6948,14.1736],[120.6905,14.1752],[120.6888,14.1801],[120.6752,14.1823],[120.6716,14.1878],[120.6584,14.1857],[120.6612,14.1899],[120.6492,14.2035],[120.6512,14.2144],[120.6473,14.215],[120.6456,14.2119],[120.6413,14.2112],[120.6309,14.2154],[120.6221,14.2151],[120.6212,14.2185],[120.6122,14.2221],[120.6125,14.2261],[120.6084,14.2291],[120.6092,14.226],[120.6045,14.2267],[120.6056,14.2229],[120.6013,14.2201],[120.5974,14.2226],[120.5959,14.2298],[120.5878,14.2295],[120.592,14.2265],[120.5912,14.2227],[120.5882,14.2227],[120.5908,14.219],[120.5852,14.2172],[120.5889,14.2148],[120.584,14.212],[120.5949,14.2099],[120.5907,14.2078],[120.5931,14.2063],[120.5925,14.2029],[120.5837,14.204],[120.5848,14.199],[120.582,14.1984],[120.5861,14.1981],[120.5864,14.196],[120.583,14.1936],[120.5874,14.1937],[120.587,14.1877],[120.5974,14.1893],[120.5968,14.1837],[120.5916,14.1823],[120.5947,14.182],[120.5939,14.1803],[120.6004,14.1799],[120.6076,14.1858],[120.6134,14.1781],[120.6082,14.1751],[120.606,14.1764],[120.6056,14.1741],[120.5867,14.1755],[120.5754,14.1709],[120.5788,14.1675],[120.5846,14.1697],[120.5905,14.1684],[120.5892,14.1657],[120.5966,14.1621],[120.5863,14.1613],[120.585,14.157],[120.5905,14.1575],[120.5947,14.1541],[120.5987,14.1558],[120.6036,14.1536],[120.6048,14.1557],[120.6085,14.1527],[120.6099,14.1455],[120.6069,14.1418],[120.5864,14.1437],[120.5889,14.1394],[120.593,14.1385],[120.5948,14.1355],[120.5933,14.1331],[120.5749,14.1366],[120.5683,14.1346],[120.5768,14.1348],[120.5789,14.1318],[120.5758,14.1307],[120.5864,14.129],[120.5892,14.1311],[120.5965,14.1302],[120.5899,14.128],[120.592,14.1266],[120.5903,14.1222],[120.5944,14.1186],[120.5985,14.122],[120.607,14.1209],[120.6091,14.1139],[120.616,14.1181],[120.6199,14.1161],[120.6198,14.1118],[120.6226,14.1116],[120.6242,14.1084],[120.6179,14.1034],[120.6221,14.1018],[120.6183,14.0977],[120.6222,14.0963],[120.6171,14.0897],[120.6171,14.0859],[120.6192,14.083],[120.6227,14.0853],[120.62,14.0822],[120.6234,14.0801],[120.6252,14.0587],[120.6312,14.055],[120.6431,14.055],[120.6463,14.0516],[120.6474,14.0422],[120.6626,14.0483],[120.6695,14.0453],[120.6744,14.0504],[120.6803,14.0392],[120.6863,14.0444],[120.6932,14.0458],[120.6928,14.0518],[120.6972,14.055],[120.6984,14.061],[120.7011,14.0618],[120.7018,14.059],[120.7039,14.0621],[120.7081,14.0593],[120.7179,14.0586],[120.7202,14.061],[120.7206,14.0587],[120.7234,14.0605],[120.7254,14.0577],[120.7276,14.0595],[120.7305,14.0571],[120.7337,14.0623],[120.7403,14.0652],[120.7417,14.0636],[120.7597,14.0762],[120.7699,14.0759],[120.7717,14.079],[120.7758,14.0787],[120.7832,14.0834],[120.7891,14.0833],[120.7897,14.0692],[120.7956,14.0475],[120.8008,14.0471],[120.8088,14.0527],[120.843,14.0568],[120.845,14.0762],[120.8393,14.0888],[120.8168,14.1026],[120.8021,14.1053],[120.7969,14.1031],[120.7677,14.1177],[120.7697,14.1261]]],[[[120.59,14.2398],[120.5874,14.237],[120.5947,14.231],[120.59,14.2398]]]]}},{"type":"Feature","properties":{"key":"PADRE GARCIA","name":"Padre Garcia","province":"Batangas","lng":121.23958,"lat":13.87424},"geometry":{"type":"Polygon","coordinates":[[[121.1848,13.8783],[121.1901,13.8713],[121.1916,13.8632],[121.2027,13.8653],[121.2086,13.857],[121.2166,13.8558],[121.2518,13.8595],[121.2593,13.8573],[121.2635,13.8591],[121.2973,13.8585],[121.3182,13.8647],[121.3201,13.8676],[121.308,13.867],[121.2999,13.8757],[121.2907,13.8721],[121.2827,13.8722],[121.2716,13.8781],[121.2721,13.8876],[121.2638,13.8849],[121.2426,13.8883],[121.2338,13.8913],[121.214,13.9051],[121.205,13.8996],[121.2023,13.8894],[121.1947,13.8866],[121.1848,13.8783]]]}},{"type":"Feature","properties":{"key":"ROSARIO","name":"Rosario","province":"Batangas","lng":121.27056,"lat":13.80451},"geometry":{"type":"Polygon","coordinates":[[[121.1739,13.7931],[121.176,13.7985],[121.1805,13.7978],[121.193,13.8057],[121.1996,13.8077],[121.2088,13.8063],[121.2179,13.8033],[121.2183,13.8001],[121.2245,13.8],[121.2315,13.7827],[121.2461,13.7791],[121.2507,13.7854],[121.2663,13.7783],[121.2697,13.7707],[121.2797,13.7707],[121.2835,13.7563],[121.2664,13.7426],[121.2765,13.7416],[121.2797,13.7342],[121.291,13.7323],[121.2941,13.72],[121.2925,13.7158],[121.2943,13.7037],[121.2904,13.6972],[121.2882,13.6975],[121.2887,13.6939],[121.2928,13.6935],[121.2936,13.6901],[121.2963,13.6937],[121.3025,13.6892],[121.3085,13.691],[121.3092,13.6937],[121.3161,13.6955],[121.3178,13.6932],[121.319,13.6967],[121.327,13.6961],[121.3262,13.698],[121.3304,13.6991],[121.332,13.7039],[121.3348,13.7046],[121.3369,13.7019],[121.3401,13.7055],[121.3376,13.7091],[121.3399,13.7134],[121.327,13.7386],[121.3313,13.816],[121.3412,13.8479],[121.3541,13.8536],[121.3588,13.8629],[121.3685,13.8691],[121.3544,13.8674],[121.3476,13.8624],[121.338,13.8643],[121.3315,13.87],[121.2973,13.8585],[121.2635,13.8591],[121.2593,13.8573],[121.2518,13.8595],[121.2166,13.8558],[121.2086,13.857],[121.2027,13.8653],[121.1916,13.8632],[121.1901,13.8713],[121.1848,13.8783],[121.1648,13.8612],[121.1688,13.8489],[121.1661,13.8406],[121.1716,13.8164],[121.1706,13.8009],[121.1664,13.7959],[121.1739,13.7931]]]}},{"type":"Feature","properties":{"key":"SAN JOSE","name":"San Jose","province":"Batangas","lng":121.08962,"lat":13.87815},"geometry":{"type":"Polygon","coordinates":[[[121.045,13.8618],[121.0604,13.8311],[121.0735,13.8366],[121.087,13.8379],[121.0941,13.8431],[121.1036,13.8397],[121.1112,13.8559],[121.1207,13.8664],[121.1284,13.8677],[121.1338,13.8824],[121.122,13.8856],[121.1256,13.9005],[121.119,13.9003],[121.1149,13.9187],[121.1091,13.9248],[121.0774,13.9254],[121.074,13.9289],[121.0787,13.9206],[121.0729,13.9017],[121.0569,13.8762],[121.0612,13.8661],[121.0554,13.8639],[121.0514,13.8663],[121.045,13.8618]]]}},{"type":"Feature","properties":{"key":"SAN JUAN","name":"San Juan","province":"Batangas","lng":121.39048,"lat":13.75744},"geometry":{"type":"Polygon","coordinates":[[[121.3981,13.8456],[121.3955,13.8455],[121.3955,13.8431],[121.3923,13.8459],[121.3877,13.8448],[121.3794,13.8502],[121.3796,13.856],[121.375,13.8594],[121.3743,13.8669],[121.3685,13.8691],[121.3588,13.8629],[121.3541,13.8536],[121.3412,13.8479],[121.3313,13.816],[121.327,13.7386],[121.3399,13.7134],[121.3376,13.7091],[121.3401,13.7055],[121.3473,13.7052],[121.3519,13.7015],[121.3605,13.6749],[121.3588,13.6549],[121.3965,13.6723],[121.4094,13.6672],[121.4191,13.6547],[121.4235,13.6556],[121.4349,13.6595],[121.4427,13.6674],[121.4673,13.682],[121.4716,13.6902],[121.4575,13.7015],[121.4498,13.6996],[121.4521,13.6974],[121.4469,13.6943],[121.4427,13.6959],[121.4475,13.7082],[121.449,13.7219],[121.4517,13.7229],[121.4488,13.7223],[121.4394,13.7341],[121.4324,13.7599],[121.4384,13.7919],[121.4582,13.8117],[121.4567,13.8182],[121.4506,13.82],[121.4523,13.8265],[121.4493,13.8307],[121.4464,13.8305],[121.443,13.8242],[121.4407,13.8291],[121.4364,13.8283],[121.4296,13.8342],[121.4249,13.832],[121.4249,13.8357],[121.4306,13.8361],[121.4175,13.8439],[121.4125,13.842],[121.4104,13.8461],[121.4095,13.8401],[121.407,13.8393],[121.3981,13.8456]]]}},{"type":"Feature","properties":{"key":"SAN LUIS","name":"San Luis","province":"Batangas","lng":120.94438,"lat":13.83537},"geometry":{"type":"Polygon","coordinates":[[[120.9909,13.86],[120.9789,13.8625],[120.9772,13.8583],[120.9588,13.8554],[120.946,13.8571],[120.9452,13.8631],[120.9374,13.8603],[120.9296,13.8627],[120.9149,13.8562],[120.9168,13.8481],[120.9152,13.8299],[120.9109,13.8245],[120.9016,13.8219],[120.912,13.8097],[120.9352,13.8059],[120.9506,13.808],[120.9649,13.8182],[120.9625,13.8202],[120.9706,13.8252],[120.9779,13.8396],[120.9826,13.8365],[120.9848,13.8503],[120.9909,13.86]]]}},{"type":"Feature","properties":{"key":"SAN NICOLAS","name":"San Nicolas","province":"Batangas","lng":120.98626,"lat":13.99985},"geometry":{"type":"MultiPolygon","coordinates":[[[[120.9255,13.9191],[120.9252,13.9158],[120.9339,13.9108],[120.9336,13.9036],[120.9419,13.9023],[120.948,13.9076],[120.9627,13.9046],[120.9755,13.9091],[120.9762,13.9144],[120.9525,13.931],[120.9495,13.9307],[120.943,13.9217],[120.9255,13.9191]]],[[[121.0021,14.0078],[120.9985,14.0037],[120.9924,14.0112],[120.9734,14.0254],[120.9708,14.0188],[120.9725,14.0143],[120.9709,14.0078],[120.9753,13.9787],[120.9775,13.978],[120.9857,13.9847],[120.9998,13.9863],[121.0103,13.9933],[121.0021,14.0078]]]]}},{"type":"Feature","properties":{"key":"SAN PASCUAL","name":"San Pascual","province":"Batangas","lng":121.03153,"lat":13.81746},"geometry":{"type":"Polygon","coordinates":[[[121.0143,13.8466],[121.0139,13.8341],[121.0077,13.8215],[121.0084,13.8158],[121.0012,13.8038],[121.0045,13.8026],[121.0071,13.7967],[121.0059,13.7943],[121.0145,13.794],[121.0134,13.7859],[121.0214,13.7825],[121.0174,13.7755],[121.0204,13.7738],[121.0183,13.7716],[121.02,13.771],[121.0205,13.7737],[121.0287,13.7697],[121.0335,13.7839],[121.0448,13.7929],[121.0446,13.7983],[121.0587,13.8213],[121.0604,13.8311],[121.045,13.8618],[121.0322,13.8492],[121.0213,13.8452],[121.0143,13.8466]]]}},{"type":"Feature","properties":{"key":"SANTA TERESITA","name":"Santa Teresita","province":"Batangas","lng":120.97175,"lat":13.8776},"geometry":{"type":"Polygon","coordinates":[[[120.9896,13.8784],[120.981,13.8881],[120.9806,13.9016],[120.983,13.9039],[120.9833,13.9131],[120.9762,13.9144],[120.9755,13.9091],[120.969,13.9075],[120.9651,13.8941],[120.9645,13.8791],[120.9578,13.8702],[120.9454,13.866],[120.9449,13.8579],[120.9588,13.8554],[120.9772,13.8583],[120.9789,13.8625],[120.9909,13.86],[120.993,13.8642],[120.9896,13.8784]]]}},{"type":"Feature","properties":{"key":"TAAL","name":"Taal","province":"Batangas","lng":120.9375,"lat":13.88679},"geometry":{"type":"Polygon","coordinates":[[[120.916,13.9091],[120.912,13.9037],[120.9117,13.8918],[120.9189,13.8802],[120.9138,13.8712],[120.9149,13.8562],[120.9296,13.8627],[120.9374,13.8603],[120.9452,13.8631],[120.9454,13.866],[120.9578,13.8702],[120.9645,13.8791],[120.9651,13.8941],[120.969,13.9075],[120.9627,13.9046],[120.948,13.9076],[120.9419,13.9023],[120.9336,13.9036],[120.9339,13.9108],[120.9252,13.9158],[120.9255,13.9191],[120.916,13.9091]]]}},{"type":"Feature","properties":{"key":"TALISAY","name":"Talisay","province":"Batangas","lng":121.01703,"lat":14.1102},"geometry":{"type":"MultiPolygon","coordinates":[[[[121.0314,14.0301],[121.0291,14.0353],[121.0266,14.0319],[121.0314,14.0301]]],[[[121.0483,14.0312],[121.0456,14.0363],[121.0419,14.0305],[121.0493,14.0257],[121.054,14.0274],[121.0483,14.0312]]],[[[121.02,14.0173],[121.0156,14.0247],[121.0169,14.0355],[121.0195,14.0382],[121.0137,14.0431],[121.0084,14.0366],[121.0037,14.0351],[120.9936,14.0368],[120.9873,14.0319],[120.9808,14.033],[120.9726,14.0424],[120.966,14.0353],[120.9734,14.0296],[120.9734,14.0254],[120.9924,14.0112],[120.9956,14.0163],[121.0008,14.0151],[121.0031,14.0106],[121.0163,14.0137],[121.02,14.0173]]],[[[121.0359,14.1518],[121.0263,14.1346],[121.0071,14.1215],[120.9804,14.1201],[120.9732,14.1077],[120.9714,14.0979],[120.9572,14.0947],[120.9605,14.0765],[120.9618,14.0755],[120.9622,14.0805],[120.9683,14.0867],[120.9704,14.084],[120.9747,14.0876],[120.9847,14.0867],[120.9862,14.0833],[120.9991,14.0812],[121.0141,14.0908],[121.0187,14.0883],[121.0418,14.0913],[121.0473,14.0885],[121.0522,14.0983],[121.0597,14.1057],[121.0592,14.1254],[121.0512,14.1441],[121.0434,14.1539],[121.0359,14.1518]]]]}},{"type":"Feature","properties":{"key":"TAYSAN","name":"Taysan","province":"Batangas","lng":121.22307,"lat":13.75325},"geometry":{"type":"Polygon","coordinates":[[[121.1785,13.7193],[121.1982,13.7159],[121.2008,13.7059],[121.2051,13.7056],[121.221,13.7159],[121.2392,13.7146],[121.2423,13.7112],[121.2475,13.7109],[121.2542,13.7181],[121.2548,13.7143],[121.2725,13.696],[121.2673,13.7215],[121.2692,13.7281],[121.2671,13.7304],[121.2797,13.7342],[121.2765,13.7416],[121.2664,13.7426],[121.2835,13.7563],[121.2797,13.7707],[121.2697,13.7707],[121.2663,13.7783],[121.2507,13.7854],[121.2461,13.7791],[121.2315,13.7827],[121.2245,13.8],[121.2183,13.8001],[121.2179,13.8033],[121.2088,13.8063],[121.1996,13.8077],[121.1831,13.8011],[121.1805,13.7978],[121.176,13.7985],[121.1739,13.7931],[121.1806,13.7893],[121.1835,13.7843],[121.1848,13.7755],[121.1819,13.7728],[121.1866,13.7673],[121.1802,13.7626],[121.1625,13.7665],[121.1655,13.7578],[121.1731,13.7538],[121.1779,13.7468],[121.1794,13.736],[121.1761,13.7251],[121.1785,13.7193]]]}},{"type":"Feature","properties":{"key":"TINGLOY","name":"Tingloy","province":"Batangas","lng":120.89254,"lat":13.64729},"geometry":{"type":"MultiPolygon","coordinates":[[[[120.9493,13.6311],[120.948,13.6311],[120.948,13.6295],[120.9519,13.6288],[120.9493,13.6311]]],[[[120.8312,13.6877],[120.8268,13.6862],[120.8316,13.6854],[120.8315,13.6773],[120.8374,13.6722],[120.842,13.6513],[120.8483,13.6525],[120.8601,13.6438],[120.866,13.6461],[120.8705,13.6416],[120.8726,13.6347],[120.905,13.6244],[120.9418,13.6317],[120.9465,13.6381],[120.9341,13.6554],[120.9077,13.6591],[120.8849,13.6549],[120.8784,13.6622],[120.8721,13.6608],[120.8693,13.6634],[120.8597,13.6641],[120.8565,13.6692],[120.8409,13.6724],[120.8312,13.6877]]],[[[120.8426,13.6918],[120.8405,13.6805],[120.8428,13.6742],[120.8426,13.6918]]]]}},{"type":"Feature","properties":{"key":"TUY","name":"Tuy","province":"Batangas","lng":120.73913,"lat":14.02817},"geometry":{"type":"Polygon","coordinates":[[[120.8008,14.0471],[120.7956,14.0475],[120.7933,14.052],[120.7891,14.0833],[120.7832,14.0834],[120.7758,14.0787],[120.7742,14.0801],[120.7699,14.0759],[120.7597,14.0762],[120.7417,14.0636],[120.7403,14.0652],[120.7337,14.0623],[120.7305,14.0571],[120.7276,14.0595],[120.7254,14.0577],[120.7234,14.0605],[120.7206,14.0587],[120.7202,14.061],[120.7179,14.0586],[120.7081,14.0593],[120.7039,14.0621],[120.7018,14.059],[120.7011,14.0618],[120.6984,14.061],[120.6972,14.055],[120.6928,14.0518],[120.6932,14.0458],[120.6887,14.0372],[120.6855,14.0123],[120.6862,13.9946],[120.6991,13.9926],[120.7078,13.9872],[120.7125,13.9803],[120.714,13.9652],[120.718,13.9602],[120.7241,13.9721],[120.7326,13.9773],[120.7345,13.9814],[120.7645,13.998],[120.7685,14.0092],[120.7756,14.0147],[120.7858,14.0172],[120.7894,14.032],[120.8008,14.0471]]]}},{"type":"Feature","properties":{"key":"ALFONSO","name":"Alfonso","province":"Cavite","lng":120.84052,"lat":14.11834},"geometry":{"type":"Polygon","coordinates":[[[120.8703,14.1354],[120.8543,14.1551],[120.849,14.1677],[120.841,14.1698],[120.8308,14.1807],[120.8263,14.1973],[120.8174,14.192],[120.8173,14.1894],[120.8236,14.1761],[120.8343,14.1628],[120.8382,14.1503],[120.8055,14.1338],[120.8059,14.126],[120.8021,14.1222],[120.7959,14.1239],[120.7863,14.1328],[120.7823,14.1306],[120.785,14.1267],[120.7791,14.1238],[120.7709,14.1302],[120.7677,14.1177],[120.7969,14.1031],[120.8021,14.1053],[120.8168,14.1026],[120.8393,14.0888],[120.845,14.0762],[120.843,14.0568],[120.8468,14.0566],[120.849,14.0635],[120.8624,14.0754],[120.8937,14.0897],[120.8843,14.1098],[120.8869,14.1122],[120.8794,14.1241],[120.8733,14.1279],[120.8703,14.1354]]]}},{"type":"Feature","properties":{"key":"AMADEO","name":"Amadeo","province":"Cavite","lng":120.92897,"lat":14.17826},"geometry":{"type":"Polygon","coordinates":[[[120.9294,14.1245],[120.9554,14.1339],[120.9494,14.1633],[120.9509,14.1738],[120.9405,14.1853],[120.9367,14.1997],[120.9374,14.2139],[120.9305,14.2271],[120.8966,14.2181],[120.8979,14.2085],[120.9103,14.1912],[120.9116,14.1869],[120.9095,14.1823],[120.9119,14.1768],[120.9255,14.1581],[120.9231,14.1505],[120.9294,14.1245]]]}},{"type":"Feature","properties":{"key":"CARMONA","name":"Carmona","province":"Cavite","lng":121.03751,"lat":14.30219},"geometry":{"type":"Polygon","coordinates":[[[121.0408,14.2744],[121.0449,14.2765],[121.0486,14.2837],[121.0485,14.2929],[121.0508,14.2954],[121.0549,14.295],[121.0623,14.3067],[121.062,14.3111],[121.0668,14.313],[121.0702,14.3234],[121.0775,14.3279],[121.0681,14.3292],[121.0595,14.3222],[121.0472,14.3281],[121.0394,14.3236],[121.0345,14.326],[121.0279,14.3247],[121.0276,14.32],[121.0295,14.3191],[121.0256,14.3148],[121.0269,14.3114],[121.0124,14.3008],[121.001,14.2791],[121.0064,14.2769],[121.0118,14.2802],[121.0227,14.2819],[121.0408,14.2744]]]}},{"type":"Feature","properties":{"key":"BACOOR","name":"City of Bacoor","province":"Cavite","lng":120.97193,"lat":14.41505},"geometry":{"type":"Polygon","coordinates":[[[121.0108,14.3749],[121.0116,14.3803],[121.0066,14.3872],[121.0079,14.3909],[121.0017,14.3942],[121.0021,14.3993],[120.9984,14.4054],[120.9953,14.4057],[120.9841,14.4334],[120.9739,14.4392],[120.9699,14.4468],[120.9705,14.4547],[120.966,14.4652],[120.9696,14.4684],[120.9681,14.4712],[120.9716,14.4716],[120.9699,14.4755],[120.9498,14.4669],[120.9247,14.4616],[120.9282,14.4568],[120.9272,14.4483],[120.9309,14.4462],[120.9308,14.4427],[120.9333,14.4426],[120.9395,14.4316],[120.9485,14.4333],[120.9475,14.4216],[120.9555,14.4158],[120.9596,14.4044],[120.9648,14.4034],[120.9723,14.3925],[120.9726,14.3873],[120.9691,14.3868],[120.97,14.3829],[120.9734,14.3798],[120.9755,14.3667],[120.9816,14.3657],[120.9817,14.3587],[121.0069,14.3539],[121.0071,14.3699],[121.0108,14.3749]]]}},{"type":"Feature","properties":{"key":"CAVITE","name":"City of Cavite","province":"Cavite","lng":120.89774,"lat":14.48048},"geometry":{"type":"MultiPolygon","coordinates":[[[[120.6235,14.3674],[120.6225,14.3702],[120.6201,14.3673],[120.6122,14.3655],[120.6188,14.3646],[120.6235,14.3674]]],[[[120.6084,14.3938],[120.6021,14.3912],[120.5906,14.3915],[120.586,14.3876],[120.5795,14.3927],[120.5732,14.3927],[120.5636,14.3885],[120.5621,14.3844],[120.5668,14.3761],[120.5798,14.3724],[120.5839,14.3754],[120.5853,14.3831],[120.5893,14.3834],[120.5931,14.3875],[120.6004,14.3864],[120.6105,14.3911],[120.6204,14.3857],[120.6155,14.3909],[120.6084,14.3938]]],[[[120.8891,14.4558],[120.8849,14.4596],[120.8882,14.4636],[120.8868,14.4651],[120.892,14.468],[120.8971,14.4753],[120.9039,14.4765],[120.9057,14.4811],[120.9175,14.4792],[120.919,14.4818],[120.921,14.4807],[120.9171,14.4843],[120.9031,14.4844],[120.908,14.4931],[120.919,14.4958],[120.9178,14.499],[120.9075,14.499],[120.8931,14.4913],[120.8902,14.4801],[120.8784,14.4565],[120.8856,14.4542],[120.8891,14.4558]]]]}},{"type":"Feature","properties":{"key":"DASMARIÑAS","name":"City of Dasmariñas","province":"Cavite","lng":120.9646,"lat":14.31327},"geometry":{"type":"Polygon","coordinates":[[[120.9816,14.3644],[120.9407,14.3647],[120.9411,14.3622],[120.9345,14.3569],[120.9204,14.3541],[120.9242,14.3428],[120.9229,14.3334],[120.9287,14.327],[120.926,14.3118],[120.9329,14.3029],[120.929,14.2918],[120.9325,14.2819],[120.9309,14.279],[120.9348,14.2755],[120.9331,14.2705],[120.9426,14.2474],[120.9587,14.2492],[120.9557,14.2565],[120.9623,14.2626],[120.9928,14.2608],[120.9949,14.2657],[120.9903,14.2783],[120.9966,14.2897],[120.9999,14.2916],[120.9996,14.3052],[121.0079,14.3174],[121.0053,14.3188],[121.0073,14.321],[121.009,14.342],[121.0162,14.3518],[120.9836,14.3575],[120.9816,14.3644]]]}},{"type":"Feature","properties":{"key":"GENERAL TRIAS","name":"City of General Trias","province":"Cavite","lng":120.90082,"lat":14.32244},"geometry":{"type":"Polygon","coordinates":[[[120.9305,14.2271],[120.9213,14.2494],[120.926,14.2568],[120.9259,14.2767],[120.9328,14.2774],[120.929,14.2918],[120.9329,14.3029],[120.926,14.3118],[120.9287,14.327],[120.9229,14.3334],[120.9242,14.3428],[120.922,14.3525],[120.9191,14.3596],[120.9157,14.3602],[120.9148,14.3699],[120.9126,14.371],[120.9137,14.3768],[120.9055,14.3872],[120.9058,14.3936],[120.8822,14.4215],[120.8767,14.4216],[120.8791,14.4139],[120.8767,14.4041],[120.871,14.3998],[120.867,14.4024],[120.8595,14.4008],[120.8655,14.3881],[120.8745,14.3835],[120.8754,14.3795],[120.8729,14.3551],[120.8686,14.3494],[120.8739,14.3369],[120.8682,14.3213],[120.8719,14.3164],[120.8702,14.3124],[120.8755,14.3071],[120.8906,14.3111],[120.8938,14.3024],[120.895,14.2977],[120.8922,14.2903],[120.8966,14.2871],[120.9011,14.2748],[120.8959,14.2696],[120.8998,14.2558],[120.8984,14.2504],[120.9018,14.2445],[120.8904,14.2398],[120.8979,14.2249],[120.9018,14.2197],[120.9305,14.2271]]]}},{"type":"Feature","properties":{"key":"IMUS","name":"City of Imus","province":"Cavite","lng":120.93511,"lat":14.39654},"geometry":{"type":"Polygon","coordinates":[[[120.932,14.4421],[120.9224,14.4464],[120.9111,14.4427],[120.9157,14.4329],[120.9151,14.4183],[120.9182,14.4138],[120.9118,14.4121],[120.9108,14.4152],[120.9041,14.4163],[120.9034,14.4188],[120.8954,14.4138],[120.8928,14.4088],[120.9058,14.3936],[120.9055,14.3872],[120.9137,14.3768],[120.9126,14.371],[120.9148,14.3699],[120.9157,14.3602],[120.9191,14.3596],[120.9204,14.3541],[120.9345,14.3569],[120.9411,14.3622],[120.9407,14.3647],[120.9816,14.3644],[120.9755,14.3667],[120.9734,14.3798],[120.97,14.3829],[120.9691,14.3868],[120.9726,14.3873],[120.9723,14.3925],[120.9648,14.4034],[120.9596,14.4044],[120.9555,14.4158],[120.9475,14.4216],[120.9485,14.4333],[120.9395,14.4316],[120.932,14.4421]]]}},{"type":"Feature","properties":{"key":"TAGAYTAY","name":"City of Tagaytay","province":"Cavite","lng":120.95496,"lat":14.11613},"geometry":{"type":"Polygon","coordinates":[[[120.8927,14.0876],[120.8977,14.0791],[120.9025,14.0768],[120.919,14.0833],[120.9376,14.0859],[120.9464,14.0933],[120.9513,14.0913],[120.968,14.0986],[120.9714,14.0979],[120.9732,14.1077],[120.9804,14.1201],[121.0071,14.1215],[121.0263,14.1346],[121.0359,14.1518],[121.0264,14.1574],[121.0153,14.1557],[121.0032,14.1515],[121.001,14.1469],[120.9701,14.1386],[120.9645,14.1342],[120.9554,14.1339],[120.9294,14.1245],[120.9278,14.121],[120.8869,14.1122],[120.8843,14.1098],[120.8924,14.0932],[120.8927,14.0876]]]}},{"type":"Feature","properties":{"key":"TRECE MARTIRES","name":"City of Trece Martires","province":"Cavite","lng":120.86957,"lat":14.27627},"geometry":{"type":"Polygon","coordinates":[[[120.9018,14.2197],[120.8904,14.2398],[120.9018,14.2445],[120.8984,14.2504],[120.8998,14.2558],[120.8959,14.2696],[120.9011,14.2748],[120.8966,14.2871],[120.8922,14.2903],[120.895,14.2977],[120.8938,14.3024],[120.8906,14.3111],[120.8755,14.3071],[120.8702,14.3124],[120.8719,14.3164],[120.8682,14.3213],[120.8643,14.311],[120.8582,14.3095],[120.8548,14.3132],[120.8447,14.3075],[120.8391,14.2995],[120.8437,14.2909],[120.8217,14.2835],[120.8251,14.2771],[120.8375,14.2675],[120.8461,14.2631],[120.8526,14.2633],[120.8621,14.2502],[120.8629,14.2454],[120.8735,14.2456],[120.8753,14.2374],[120.8827,14.2374],[120.8896,14.2274],[120.8931,14.2269],[120.8966,14.2181],[120.9018,14.2197]]]}},{"type":"Feature","properties":{"key":"GENERAL MARIANO ALVAREZ","name":"Gen. Mariano Alvarez","province":"Cavite","lng":121.01448,"lat":14.31035},"geometry":{"type":"Polygon","coordinates":[[[121.0388,14.3248],[121.0399,14.3318],[121.0323,14.3346],[121.0221,14.3254],[121.0104,14.321],[120.9996,14.3052],[120.9999,14.2916],[120.9935,14.2854],[121.0027,14.2817],[121.0124,14.3008],[121.0269,14.3114],[121.0256,14.3148],[121.0295,14.3191],[121.0276,14.32],[121.0279,14.3247],[121.0388,14.3248]]]}},{"type":"Feature","properties":{"key":"GENERAL EMILIO AGUINALDO","name":"General Emilio Aguinaldo","province":"Cavite","lng":120.80138,"lat":14.17943},"geometry":{"type":"Polygon","coordinates":[[[120.8174,14.192],[120.8093,14.208],[120.7979,14.2204],[120.7912,14.2233],[120.7896,14.2293],[120.7827,14.2383],[120.7799,14.2177],[120.7716,14.2076],[120.7791,14.1714],[120.7825,14.1697],[120.7837,14.1606],[120.7903,14.1547],[120.7926,14.1465],[120.8014,14.1415],[120.8055,14.1338],[120.8382,14.1503],[120.8343,14.1628],[120.8236,14.1761],[120.8174,14.192]]]}},{"type":"Feature","properties":{"key":"INDANG","name":"Indang","province":"Cavite","lng":120.87044,"lat":14.19159},"geometry":{"type":"Polygon","coordinates":[[[120.8703,14.1354],[120.894,14.1426],[120.9017,14.1554],[120.9196,14.1348],[120.921,14.1257],[120.9247,14.1211],[120.9278,14.121],[120.9294,14.1245],[120.9231,14.1505],[120.9255,14.1581],[120.9119,14.1768],[120.9095,14.1823],[120.9116,14.1869],[120.9103,14.1912],[120.8979,14.2085],[120.8931,14.2269],[120.8896,14.2274],[120.8827,14.2374],[120.8753,14.2374],[120.8735,14.2456],[120.8605,14.2466],[120.8416,14.2402],[120.8341,14.2451],[120.8107,14.2408],[120.8189,14.2313],[120.8203,14.2222],[120.8249,14.2181],[120.8234,14.2144],[120.8275,14.2099],[120.825,14.2028],[120.8279,14.1981],[120.8308,14.1807],[120.841,14.1698],[120.849,14.1677],[120.8543,14.1551],[120.8703,14.1354]]]}},{"type":"Feature","properties":{"key":"KAWIT","name":"Kawit","province":"Cavite","lng":120.90407,"lat":14.4372},"geometry":{"type":"Polygon","coordinates":[[[120.9247,14.4616],[120.9194,14.4677],[120.9166,14.4642],[120.923,14.4601],[120.9182,14.4619],[120.9181,14.4562],[120.9134,14.4494],[120.9125,14.4557],[120.9108,14.4534],[120.9091,14.4575],[120.9056,14.4578],[120.9057,14.454],[120.9029,14.4564],[120.902,14.4485],[120.8992,14.4503],[120.9004,14.4574],[120.9001,14.4552],[120.8988,14.4574],[120.8949,14.4556],[120.8947,14.4498],[120.8896,14.4506],[120.8887,14.4533],[120.8917,14.4524],[120.8891,14.4558],[120.885,14.4543],[120.8859,14.4396],[120.8888,14.4363],[120.8858,14.4324],[120.8877,14.4331],[120.8897,14.4253],[120.8865,14.4222],[120.8866,14.4155],[120.8928,14.4088],[120.8954,14.4138],[120.9034,14.4188],[120.9041,14.4163],[120.9108,14.4152],[120.9118,14.4121],[120.9182,14.4138],[120.9151,14.4183],[120.9157,14.4329],[120.9111,14.4427],[120.9224,14.4464],[120.932,14.4421],[120.9309,14.4462],[120.9272,14.4483],[120.9282,14.4568],[120.9247,14.4616]]]}},{"type":"Feature","properties":{"key":"MAGALLANES","name":"Magallanes","province":"Cavite","lng":120.7487,"lat":14.16241},"geometry":{"type":"Polygon","coordinates":[[[120.8055,14.1338],[120.8014,14.1415],[120.7926,14.1465],[120.7903,14.1547],[120.7837,14.1606],[120.7825,14.1697],[120.7791,14.1714],[120.7716,14.2076],[120.7773,14.2154],[120.7542,14.2079],[120.7524,14.2037],[120.7489,14.2033],[120.7418,14.1964],[120.7359,14.1983],[120.7271,14.1942],[120.7185,14.1856],[120.7157,14.1723],[120.708,14.1721],[120.6924,14.1634],[120.6967,14.1484],[120.7013,14.1444],[120.6982,14.1369],[120.7071,14.1377],[120.7087,14.1348],[120.7068,14.1322],[120.7159,14.1265],[120.7261,14.1336],[120.7294,14.1404],[120.7347,14.1383],[120.7377,14.1334],[120.7503,14.1376],[120.7648,14.1358],[120.7689,14.1334],[120.7697,14.1261],[120.7709,14.1302],[120.7791,14.1238],[120.785,14.1267],[120.7823,14.1306],[120.7863,14.1328],[120.7959,14.1239],[120.8021,14.1222],[120.8059,14.126],[120.8055,14.1338]]]}},{"type":"Feature","properties":{"key":"MARAGONDON","name":"Maragondon","province":"Cavite","lng":120.72776,"lat":14.23102},"geometry":{"type":"Polygon","coordinates":[[[120.8271,14.1957],[120.825,14.2028],[120.8275,14.2099],[120.8234,14.2144],[120.8249,14.2181],[120.8203,14.2222],[120.8189,14.2313],[120.8065,14.2493],[120.7969,14.2534],[120.7953,14.263],[120.7894,14.2693],[120.7831,14.2716],[120.785,14.2758],[120.7747,14.2797],[120.7714,14.2777],[120.7666,14.2793],[120.7562,14.2882],[120.7504,14.2897],[120.7428,14.2988],[120.728,14.2759],[120.7248,14.279],[120.715,14.2797],[120.7133,14.2748],[120.6931,14.2575],[120.6827,14.24],[120.6595,14.2281],[120.646,14.2256],[120.6358,14.2298],[120.6339,14.233],[120.6356,14.241],[120.6322,14.2417],[120.6297,14.2504],[120.6229,14.2556],[120.6203,14.2546],[120.6244,14.2458],[120.6231,14.2339],[120.6258,14.2264],[120.6189,14.2185],[120.6212,14.2185],[120.6221,14.2151],[120.6309,14.2154],[120.6413,14.2112],[120.6456,14.2119],[120.6473,14.215],[120.6512,14.2144],[120.6492,14.2035],[120.6612,14.1899],[120.6584,14.1857],[120.6716,14.1878],[120.6752,14.1823],[120.6888,14.1801],[120.6891,14.1763],[120.6948,14.1736],[120.7038,14.1752],[120.7141,14.171],[120.7185,14.1856],[120.7271,14.1942],[120.7359,14.1983],[120.7418,14.1964],[120.7489,14.2033],[120.7524,14.2037],[120.7542,14.2079],[120.7773,14.2154],[120.7799,14.2177],[120.7796,14.2258],[120.782,14.2269],[120.7803,14.2311],[120.7827,14.2383],[120.7896,14.2293],[120.7912,14.2233],[120.7979,14.2204],[120.8093,14.208],[120.8154,14.1933],[120.8174,14.192],[120.8263,14.1973],[120.8271,14.1957]]]}},{"type":"Feature","properties":{"key":"MENDEZ","name":"Mendez (Mendez-Nuñez)","province":"Cavite","lng":120.89846,"lat":14.13043},"geometry":{"type":"Polygon","coordinates":[[[120.8869,14.1122],[120.8996,14.1133],[120.9247,14.1211],[120.921,14.1257],[120.9196,14.1348],[120.9017,14.1554],[120.894,14.1426],[120.8703,14.1354],[120.8733,14.1279],[120.8794,14.1241],[120.8869,14.1122]]]}},{"type":"Feature","properties":{"key":"NAIC","name":"Naic","province":"Cavite","lng":120.79464,"lat":14.29305},"geometry":{"type":"MultiPolygon","coordinates":[[[[120.8629,14.2454],[120.8621,14.2502],[120.8526,14.2633],[120.8461,14.2631],[120.8375,14.2675],[120.8167,14.2871],[120.8127,14.2996],[120.816,14.3002],[120.8179,14.3072],[120.8123,14.3108],[120.8125,14.3163],[120.8085,14.3244],[120.8146,14.3289],[120.8122,14.3339],[120.7964,14.3463],[120.788,14.3465],[120.7881,14.3445],[120.7803,14.348],[120.7686,14.3317],[120.7596,14.3304],[120.7564,14.3266],[120.7584,14.3311],[120.746,14.3177],[120.7314,14.3155],[120.7342,14.3063],[120.7504,14.2897],[120.7562,14.2882],[120.7666,14.2793],[120.7714,14.2777],[120.7747,14.2797],[120.785,14.2758],[120.7831,14.2716],[120.7894,14.2693],[120.7953,14.263],[120.7969,14.2534],[120.8065,14.2493],[120.8107,14.2408],[120.8341,14.2451],[120.8416,14.2402],[120.8605,14.2466],[120.8629,14.2454]]],[[[120.7811,14.348],[120.7809,14.3485],[120.7808,14.3484],[120.7807,14.3484],[120.7811,14.348]]]]}},{"type":"Feature","properties":{"key":"NOVELETA","name":"Noveleta","province":"Cavite","lng":120.88054,"lat":14.43583},"geometry":{"type":"Polygon","coordinates":[[[120.8784,14.4565],[120.8712,14.4312],[120.872,14.426],[120.8767,14.4216],[120.8822,14.4215],[120.8866,14.4155],[120.8865,14.4222],[120.8897,14.4253],[120.8877,14.4331],[120.8858,14.4324],[120.8888,14.4363],[120.8859,14.4396],[120.885,14.4543],[120.8784,14.4565]]]}},{"type":"Feature","properties":{"key":"ROSARIO","name":"Rosario","province":"Cavite","lng":120.86348,"lat":14.41344},"geometry":{"type":"Polygon","coordinates":[[[120.8767,14.4216],[120.872,14.426],[120.8712,14.4311],[120.8605,14.4227],[120.8518,14.4225],[120.8461,14.4175],[120.8454,14.4097],[120.8595,14.4008],[120.867,14.4024],[120.871,14.3998],[120.8767,14.4041],[120.8791,14.4139],[120.8767,14.4216]]]}},{"type":"Feature","properties":{"key":"SILANG","name":"Silang","province":"Cavite","lng":120.98774,"lat":14.2146},"geometry":{"type":"Polygon","coordinates":[[[120.9554,14.1339],[120.9645,14.1342],[120.9701,14.1386],[121.001,14.1469],[121.0032,14.1515],[121.0153,14.1557],[121.0137,14.163],[121.0164,14.1708],[121.0302,14.1934],[121.0318,14.2029],[121.0384,14.2069],[121.0376,14.2106],[121.0422,14.2143],[121.0475,14.2172],[121.0528,14.2163],[121.0464,14.2278],[121.0516,14.2349],[121.0508,14.2446],[121.054,14.2492],[121.0543,14.2564],[121.0525,14.254],[121.044,14.2533],[121.0408,14.2497],[121.0353,14.2489],[121.0331,14.2515],[121.037,14.253],[121.0411,14.2623],[121.0391,14.2711],[121.0408,14.2744],[121.0227,14.2819],[121.0016,14.2773],[121.0027,14.2817],[120.9935,14.2854],[120.9903,14.2783],[120.9949,14.2657],[120.9928,14.2608],[120.9623,14.2626],[120.9557,14.2565],[120.9587,14.2492],[120.9426,14.2474],[120.9331,14.2705],[120.9348,14.2755],[120.9328,14.2774],[120.9259,14.2767],[120.926,14.2568],[120.9213,14.2494],[120.9275,14.2315],[120.9374,14.2139],[120.9367,14.1997],[120.9405,14.1853],[120.9509,14.1738],[120.9494,14.1633],[120.9554,14.1339]]]}},{"type":"Feature","properties":{"key":"TANZA","name":"Tanza","province":"Cavite","lng":120.83703,"lat":14.34798},"geometry":{"type":"MultiPolygon","coordinates":[[[[120.7803,14.348],[120.7801,14.3481],[120.7801,14.348],[120.7801,14.3478],[120.7803,14.348]]],[[[120.8595,14.4008],[120.844,14.4106],[120.8355,14.3942],[120.8141,14.3756],[120.8037,14.372],[120.7802,14.3493],[120.7881,14.3445],[120.788,14.3465],[120.7964,14.3463],[120.8122,14.3339],[120.8146,14.3289],[120.8085,14.3244],[120.8125,14.3163],[120.8123,14.3108],[120.8179,14.3072],[120.8127,14.2966],[120.8167,14.2871],[120.8217,14.2835],[120.8437,14.2909],[120.8391,14.2995],[120.8447,14.3075],[120.8548,14.3132],[120.8582,14.3095],[120.8659,14.3122],[120.8667,14.3201],[120.872,14.3308],[120.8733,14.3412],[120.8686,14.3494],[120.8729,14.3551],[120.8754,14.3795],[120.8745,14.3835],[120.8655,14.3881],[120.8595,14.4008]]]]}},{"type":"Feature","properties":{"key":"TERNATE","name":"Ternate","province":"Cavite","lng":120.67411,"lat":14.26358},"geometry":{"type":"MultiPolygon","coordinates":[[[[120.614,14.2725],[120.6125,14.2668],[120.6155,14.2639],[120.614,14.2725]]],[[[120.7148,14.2967],[120.7106,14.2935],[120.713,14.288],[120.7148,14.2967]]],[[[120.7428,14.2988],[120.7342,14.3063],[120.7314,14.3155],[120.7165,14.2953],[120.7147,14.2865],[120.7121,14.2865],[120.7102,14.2917],[120.7038,14.2848],[120.6981,14.2849],[120.6928,14.2812],[120.6891,14.2848],[120.6858,14.2842],[120.6786,14.2798],[120.6698,14.2857],[120.6682,14.2806],[120.6647,14.28],[120.6623,14.2851],[120.6578,14.278],[120.6553,14.279],[120.6554,14.2857],[120.6506,14.2812],[120.6501,14.277],[120.6468,14.2767],[120.6493,14.2766],[120.6493,14.2738],[120.6457,14.2733],[120.6432,14.279],[120.6346,14.2655],[120.6306,14.2722],[120.6297,14.2679],[120.6228,14.2667],[120.6221,14.2613],[120.6267,14.2576],[120.6245,14.2543],[120.6297,14.2504],[120.6322,14.2417],[120.6356,14.241],[120.6339,14.233],[120.6358,14.2298],[120.6425,14.2261],[120.6511,14.2254],[120.6688,14.2317],[120.6827,14.24],[120.6931,14.2575],[120.7133,14.2748],[120.715,14.2797],[120.7248,14.279],[120.728,14.2759],[120.7428,14.2988]]]]}},{"type":"Feature","properties":{"key":"ALAMINOS","name":"Alaminos","province":"Laguna","lng":121.24723,"lat":14.04325},"geometry":{"type":"Polygon","coordinates":[[[121.2393,13.9905],[121.2488,13.9922],[121.2518,13.9948],[121.2514,13.9978],[121.2641,14.0052],[121.2684,14.0149],[121.2746,14.0183],[121.2784,14.0333],[121.2814,14.0355],[121.2783,14.0415],[121.2832,14.0456],[121.2815,14.0486],[121.2856,14.05],[121.2881,14.0478],[121.2873,14.0676],[121.2812,14.0683],[121.2809,14.0649],[121.2725,14.0663],[121.275,14.0706],[121.2711,14.0724],[121.2734,14.0755],[121.2722,14.0804],[121.2774,14.0904],[121.2622,14.098],[121.2607,14.0962],[121.2642,14.0879],[121.2595,14.0784],[121.2534,14.0743],[121.2465,14.0748],[121.2414,14.0702],[121.2363,14.0698],[121.2257,14.0794],[121.21,14.087],[121.2105,14.0644],[121.2136,14.055],[121.2134,14.0397],[121.2162,14.0266],[121.2259,14.0077],[121.2393,13.9905]]]}},{"type":"Feature","properties":{"key":"BAY","name":"Bay","province":"Laguna","lng":121.26125,"lat":14.14475},"geometry":{"type":"Polygon","coordinates":[[[121.2194,14.0823],[121.2367,14.1071],[121.256,14.1146],[121.2805,14.1383],[121.2865,14.1476],[121.2907,14.1476],[121.2937,14.1538],[121.2963,14.1536],[121.2968,14.1593],[121.2994,14.161],[121.2939,14.1692],[121.3004,14.1737],[121.3013,14.1781],[121.2925,14.1971],[121.2896,14.1976],[121.2886,14.1939],[121.279,14.1955],[121.2732,14.1934],[121.2716,14.1946],[121.2735,14.1959],[121.2697,14.1954],[121.2641,14.1897],[121.2599,14.1907],[121.2618,14.182],[121.2662,14.1785],[121.2642,14.1752],[121.2655,14.1629],[121.2588,14.1466],[121.2482,14.1397],[121.2318,14.1112],[121.2236,14.1112],[121.2146,14.1154],[121.209,14.114],[121.2056,14.1096],[121.21,14.087],[121.2194,14.0823]]]}},{"type":"Feature","properties":{"key":"CALAUAN","name":"Calauan","province":"Laguna","lng":121.29669,"lat":14.13302},"geometry":{"type":"Polygon","coordinates":[[[121.2774,14.0904],[121.2835,14.0939],[121.2954,14.1076],[121.2973,14.1157],[121.3175,14.1072],[121.3228,14.1112],[121.3221,14.1185],[121.3277,14.1218],[121.3286,14.1261],[121.3325,14.1267],[121.3452,14.1449],[121.3653,14.1486],[121.3507,14.1693],[121.3473,14.1832],[121.3439,14.1862],[121.3364,14.184],[121.3352,14.1865],[121.3268,14.1781],[121.319,14.1817],[121.3123,14.191],[121.301,14.1938],[121.2999,14.2011],[121.2959,14.2013],[121.2925,14.1971],[121.3013,14.1781],[121.3004,14.1737],[121.2939,14.1692],[121.2994,14.161],[121.2968,14.1593],[121.2963,14.1536],[121.2937,14.1538],[121.2907,14.1476],[121.2865,14.1476],[121.2805,14.1383],[121.256,14.1146],[121.2367,14.1071],[121.2194,14.0823],[121.2363,14.0698],[121.2414,14.0702],[121.2465,14.0748],[121.2534,14.0743],[121.2595,14.0784],[121.2642,14.0879],[121.2607,14.0962],[121.2622,14.098],[121.2774,14.0904]]]}},{"type":"Feature","properties":{"key":"CAVINTI","name":"Cavinti","province":"Laguna","lng":121.55292,"lat":14.24644},"geometry":{"type":"Polygon","coordinates":[[[121.5441,14.2914],[121.5408,14.2911],[121.5428,14.2872],[121.536,14.2918],[121.5397,14.2902],[121.5376,14.2889],[121.5386,14.2859],[121.5367,14.2899],[121.5344,14.2889],[121.5348,14.2914],[121.5334,14.2885],[121.5325,14.2907],[121.5319,14.2875],[121.5301,14.2882],[121.5315,14.2927],[121.5291,14.2929],[121.5279,14.2899],[121.5308,14.2871],[121.5282,14.2883],[121.5292,14.2863],[121.5392,14.2849],[121.5356,14.2822],[121.5359,14.2842],[121.5258,14.2853],[121.5237,14.2881],[121.5167,14.2869],[121.5167,14.2894],[121.5137,14.2862],[121.5114,14.2892],[121.5126,14.2916],[121.5085,14.2916],[121.5113,14.287],[121.5075,14.2898],[121.5095,14.2859],[121.5034,14.2883],[121.501,14.2846],[121.5017,14.262],[121.4863,14.2669],[121.4714,14.2635],[121.4782,14.2213],[121.5021,14.2171],[121.5223,14.217],[121.5659,14.2013],[121.59,14.1992],[121.5991,14.2149],[121.603,14.2152],[121.6111,14.2227],[121.6179,14.2349],[121.6179,14.2491],[121.631,14.2609],[121.6341,14.2677],[121.6345,14.2898],[121.624,14.2926],[121.6187,14.2871],[121.584,14.2678],[121.559,14.2706],[121.5455,14.2766],[121.5469,14.2812],[121.5441,14.2914]]]}},{"type":"Feature","properties":{"key":"BIÑAN","name":"City of Biñan","province":"Laguna","lng":121.06919,"lat":14.30708},"geometry":{"type":"Polygon","coordinates":[[[121.0408,14.2744],[121.0391,14.2711],[121.0411,14.2623],[121.037,14.253],[121.0331,14.2515],[121.0353,14.2489],[121.0408,14.2497],[121.044,14.2533],[121.0525,14.254],[121.0669,14.2725],[121.0823,14.2816],[121.085,14.2891],[121.0909,14.2913],[121.0881,14.2967],[121.0905,14.3086],[121.0887,14.3174],[121.0968,14.3217],[121.0971,14.3338],[121.0998,14.3366],[121.0927,14.3433],[121.0897,14.357],[121.0765,14.3608],[121.0746,14.3491],[121.0725,14.3503],[121.0642,14.3419],[121.0399,14.3318],[121.0394,14.3236],[121.0472,14.3281],[121.0595,14.3222],[121.0681,14.3292],[121.0775,14.3279],[121.0702,14.3234],[121.0668,14.313],[121.062,14.3111],[121.0623,14.3067],[121.0549,14.295],[121.0508,14.2954],[121.0485,14.2929],[121.0486,14.2837],[121.0449,14.2765],[121.0408,14.2744]]]}},{"type":"Feature","properties":{"key":"CABUYAO","name":"City of Cabuyao","province":"Laguna","lng":121.11112,"lat":14.23901},"geometry":{"type":"Polygon","coordinates":[[[121.1748,14.238],[121.1699,14.2473],[121.1674,14.2614],[121.1628,14.2685],[121.1498,14.2784],[121.1489,14.2835],[121.1451,14.2839],[121.14,14.2907],[121.1294,14.2967],[121.1306,14.2984],[121.1277,14.2954],[121.1281,14.288],[121.1205,14.2798],[121.122,14.2774],[121.1141,14.2733],[121.1142,14.2654],[121.1189,14.2548],[121.1159,14.2547],[121.1123,14.246],[121.1083,14.2451],[121.1098,14.2407],[121.0929,14.2377],[121.0858,14.2287],[121.077,14.2276],[121.0625,14.2178],[121.0593,14.2197],[121.0563,14.2162],[121.0475,14.2172],[121.0376,14.2106],[121.0384,14.2069],[121.0318,14.2029],[121.0302,14.1934],[121.0164,14.1708],[121.0137,14.163],[121.0153,14.1557],[121.0264,14.1574],[121.026,14.1681],[121.0334,14.1763],[121.0347,14.1863],[121.0405,14.1923],[121.0493,14.1938],[121.0531,14.1996],[121.0516,14.2032],[121.0559,14.2087],[121.0679,14.2178],[121.0765,14.2183],[121.0888,14.2243],[121.0901,14.2271],[121.1058,14.23],[121.1162,14.2377],[121.1207,14.2343],[121.13,14.2344],[121.1348,14.23],[121.135,14.2246],[121.1486,14.2317],[121.1748,14.238]]]}},{"type":"Feature","properties":{"key":"CALAMBA","name":"City of Calamba","province":"Laguna","lng":121.12039,"lat":14.18722},"geometry":{"type":"MultiPolygon","coordinates":[[[[121.2066,14.217],[121.2033,14.22],[121.2033,14.2184],[121.2066,14.217]]],[[[121.0264,14.1574],[121.0359,14.1518],[121.0454,14.1549],[121.0598,14.1535],[121.1022,14.1558],[121.1275,14.1454],[121.1286,14.1473],[121.1335,14.1417],[121.1384,14.1446],[121.1713,14.1395],[121.174,14.1461],[121.1819,14.1506],[121.2012,14.1721],[121.2057,14.187],[121.1989,14.1819],[121.1944,14.1831],[121.1892,14.1885],[121.1863,14.1857],[121.1822,14.1867],[121.1779,14.1945],[121.178,14.197],[121.1846,14.1966],[121.185,14.2121],[121.192,14.2162],[121.1861,14.224],[121.1874,14.2292],[121.184,14.2361],[121.1748,14.238],[121.1486,14.2317],[121.135,14.2246],[121.1348,14.23],[121.13,14.2344],[121.1207,14.2343],[121.1162,14.2377],[121.1058,14.23],[121.0901,14.2271],[121.0888,14.2243],[121.0765,14.2183],[121.0679,14.2178],[121.0559,14.2087],[121.0516,14.2032],[121.0531,14.1996],[121.0493,14.1938],[121.0405,14.1923],[121.0347,14.1863],[121.0334,14.1763],[121.026,14.1681],[121.0264,14.1574]]]]}},{"type":"Feature","properties":{"key":"SAN PABLO","name":"City of San Pablo","province":"Laguna","lng":121.33014,"lat":14.05024},"geometry":{"type":"Polygon","coordinates":[[[121.2393,13.9905],[121.2481,13.9844],[121.2465,13.9635],[121.2616,13.9682],[121.2687,13.9665],[121.2784,13.9741],[121.2865,13.975],[121.2988,13.9699],[121.3119,13.9815],[121.3294,13.9858],[121.3316,13.9917],[121.3395,13.9994],[121.3391,14.003],[121.3461,14.0059],[121.3508,14.012],[121.3713,14.0226],[121.3803,14.0242],[121.3927,14.0337],[121.4064,14.036],[121.4247,14.0476],[121.4309,14.0634],[121.4021,14.0686],[121.3876,14.0961],[121.3852,14.0927],[121.3809,14.0953],[121.3826,14.0989],[121.3799,14.1015],[121.3751,14.1002],[121.3741,14.1048],[121.3812,14.1061],[121.378,14.1141],[121.3644,14.113],[121.3681,14.1169],[121.3704,14.1159],[121.3696,14.1188],[121.3634,14.1165],[121.3654,14.1216],[121.3581,14.1269],[121.3572,14.1322],[121.3531,14.1307],[121.3494,14.1383],[121.3458,14.1389],[121.3452,14.1449],[121.3325,14.1267],[121.3286,14.1261],[121.3277,14.1218],[121.3221,14.1185],[121.3228,14.1112],[121.3175,14.1072],[121.2973,14.1157],[121.2954,14.1076],[121.2835,14.0939],[121.2744,14.0874],[121.2722,14.0804],[121.2734,14.0755],[121.2711,14.0724],[121.275,14.0706],[121.2725,14.0663],[121.2809,14.0649],[121.2812,14.0683],[121.2873,14.0676],[121.2881,14.0478],[121.2856,14.05],[121.2815,14.0486],[121.2832,14.0456],[121.2783,14.0415],[121.2814,14.0355],[121.2784,14.0333],[121.2746,14.0183],[121.2684,14.0149],[121.2641,14.0052],[121.2514,13.9978],[121.2518,13.9948],[121.2488,13.9922],[121.2393,13.9905]]]}},{"type":"Feature","properties":{"key":"SAN PEDRO","name":"City of San Pedro","province":"Laguna","lng":121.04038,"lat":14.34915},"geometry":{"type":"Polygon","coordinates":[[[121.0765,14.3608],[121.0686,14.3615],[121.0653,14.3649],[121.0664,14.3692],[121.0645,14.3692],[121.0677,14.3707],[121.0623,14.3725],[121.0574,14.3786],[121.0487,14.3674],[121.0455,14.3672],[121.0433,14.3718],[121.0363,14.3663],[121.0293,14.3659],[121.009,14.342],[121.0073,14.321],[121.0053,14.3188],[121.0079,14.3174],[121.0152,14.3241],[121.0221,14.3254],[121.0323,14.3346],[121.0399,14.3318],[121.0642,14.3419],[121.0725,14.3503],[121.0746,14.3491],[121.0765,14.3608]]]}},{"type":"Feature","properties":{"key":"SANTA ROSA","name":"City of Santa Rosa","province":"Laguna","lng":121.09176,"lat":14.27202},"geometry":{"type":"Polygon","coordinates":[[[121.1306,14.2984],[121.1262,14.3046],[121.1243,14.3174],[121.1147,14.3296],[121.1064,14.3353],[121.0998,14.3366],[121.0971,14.3338],[121.0968,14.3217],[121.0887,14.3174],[121.0905,14.3086],[121.0881,14.2967],[121.0909,14.2913],[121.085,14.2891],[121.0823,14.2816],[121.0669,14.2725],[121.0543,14.2564],[121.054,14.2492],[121.0508,14.2446],[121.0516,14.2349],[121.0464,14.2278],[121.0528,14.2163],[121.0563,14.2162],[121.0593,14.2197],[121.0625,14.2178],[121.077,14.2276],[121.0858,14.2287],[121.0929,14.2377],[121.1098,14.2407],[121.1083,14.2451],[121.1123,14.246],[121.1159,14.2547],[121.1189,14.2548],[121.1142,14.2654],[121.1141,14.2733],[121.122,14.2774],[121.1205,14.2798],[121.1281,14.288],[121.1277,14.2954],[121.1306,14.2984]]]}},{"type":"Feature","properties":{"key":"FAMY","name":"Famy","province":"Laguna","lng":121.47408,"lat":14.48117},"geometry":{"type":"Polygon","coordinates":[[[121.4341,14.4264],[121.4511,14.4309],[121.4573,14.4541],[121.4684,14.4646],[121.4745,14.4645],[121.4752,14.4693],[121.4829,14.4776],[121.498,14.4683],[121.5176,14.4811],[121.52,14.4873],[121.5104,14.494],[121.4976,14.4936],[121.4893,14.5172],[121.4776,14.528],[121.4724,14.5212],[121.4681,14.5196],[121.4615,14.5054],[121.462,14.4953],[121.4601,14.4902],[121.4576,14.4899],[121.4594,14.4869],[121.4652,14.4851],[121.4659,14.4821],[121.4651,14.4798],[121.457,14.482],[121.457,14.4791],[121.4616,14.4728],[121.447,14.4638],[121.4439,14.4523],[121.4306,14.453],[121.4375,14.4394],[121.4381,14.4346],[121.4338,14.4319],[121.4341,14.4264]]]}},{"type":"Feature","properties":{"key":"KALAYAAN","name":"Kalayaan","province":"Laguna","lng":121.53207,"lat":14.33314},"geometry":{"type":"Polygon","coordinates":[[[121.5853,14.357],[121.58,14.3544],[121.5308,14.3545],[121.5127,14.352],[121.4981,14.3541],[121.4792,14.3513],[121.474,14.3326],[121.4701,14.3268],[121.4735,14.3171],[121.469,14.3199],[121.4731,14.315],[121.4743,14.3167],[121.4778,14.3142],[121.512,14.3193],[121.5363,14.315],[121.5356,14.3028],[121.5324,14.302],[121.5383,14.3001],[121.536,14.3056],[121.5399,14.3006],[121.5385,14.3056],[121.5409,14.3052],[121.5413,14.2987],[121.5432,14.3005],[121.5417,14.3052],[121.5435,14.3016],[121.5449,14.305],[121.5446,14.3027],[121.5467,14.3024],[121.5431,14.298],[121.5487,14.3012],[121.5415,14.2957],[121.5491,14.2989],[121.5491,14.2964],[121.5492,14.3013],[121.5506,14.299],[121.5527,14.3037],[121.5692,14.3113],[121.5691,14.3175],[121.5829,14.3303],[121.5937,14.3345],[121.5853,14.357]]]}},{"type":"Feature","properties":{"key":"LILIW","name":"Liliw","province":"Laguna","lng":121.43678,"lat":14.1412},"geometry":{"type":"Polygon","coordinates":[[[121.4874,14.0686],[121.4862,14.0704],[121.4921,14.0733],[121.4857,14.0939],[121.4714,14.1045],[121.4685,14.1127],[121.4608,14.119],[121.4477,14.1516],[121.4421,14.1551],[121.4426,14.1607],[121.4386,14.1662],[121.4349,14.1624],[121.431,14.1671],[121.4296,14.1766],[121.4152,14.1897],[121.4083,14.1886],[121.4084,14.216],[121.4039,14.2198],[121.3964,14.217],[121.3874,14.218],[121.3842,14.2013],[121.3704,14.193],[121.371,14.1841],[121.3949,14.194],[121.4005,14.1986],[121.4125,14.1808],[121.4157,14.1567],[121.4206,14.1495],[121.4227,14.1364],[121.4283,14.1313],[121.4345,14.1179],[121.4522,14.0948],[121.4798,14.0702],[121.4874,14.0686]]]}},{"type":"Feature","properties":{"key":"LOS BAÑOS","name":"Los Baños","province":"Laguna","lng":121.22436,"lat":14.15318},"geometry":{"type":"Polygon","coordinates":[[[121.2599,14.1907],[121.2485,14.1912],[121.2371,14.1982],[121.2332,14.1878],[121.2209,14.1802],[121.2133,14.1784],[121.2057,14.187],[121.2012,14.1721],[121.1819,14.1506],[121.174,14.1461],[121.1713,14.1395],[121.1744,14.1366],[121.1867,14.1357],[121.1944,14.1311],[121.2056,14.1096],[121.209,14.114],[121.2146,14.1154],[121.2236,14.1112],[121.2318,14.1112],[121.2482,14.1397],[121.2588,14.1466],[121.2655,14.1629],[121.2642,14.1752],[121.2662,14.1785],[121.2618,14.182],[121.2599,14.1907]]]}},{"type":"Feature","properties":{"key":"LUISIANA","name":"Luisiana","province":"Laguna","lng":121.52785,"lat":14.1881},"geometry":{"type":"Polygon","coordinates":[[[121.4782,14.2213],[121.4627,14.2226],[121.4586,14.2199],[121.4597,14.2157],[121.4573,14.211],[121.4673,14.2012],[121.4664,14.195],[121.4689,14.1867],[121.4892,14.173],[121.504,14.1548],[121.5257,14.1454],[121.5315,14.1589],[121.5353,14.1571],[121.5344,14.1633],[121.5283,14.1643],[121.5254,14.1703],[121.5347,14.1749],[121.5437,14.1749],[121.5433,14.1727],[121.5484,14.1714],[121.5514,14.1653],[121.5563,14.1623],[121.5649,14.1596],[121.5678,14.1621],[121.5709,14.1584],[121.5801,14.161],[121.5802,14.1632],[121.5886,14.16],[121.5907,14.1608],[121.5907,14.1671],[121.6088,14.19],[121.6032,14.1904],[121.59,14.1992],[121.5659,14.2013],[121.5223,14.217],[121.5021,14.2171],[121.4782,14.2213]]]}},{"type":"Feature","properties":{"key":"LUMBAN","name":"Lumban","province":"Laguna","lng":121.47151,"lat":14.30029},"geometry":{"type":"MultiPolygon","coordinates":[[[[121.624,14.2926],[121.6083,14.2969],[121.5937,14.3345],[121.5829,14.3303],[121.5691,14.3175],[121.5692,14.3113],[121.5501,14.3005],[121.5558,14.3005],[121.5524,14.2995],[121.552,14.2964],[121.5594,14.3007],[121.5568,14.2992],[121.5587,14.2994],[121.5581,14.2974],[121.5618,14.3031],[121.5581,14.3037],[121.5649,14.3017],[121.5639,14.3035],[121.5679,14.3055],[121.5671,14.3027],[121.5698,14.3029],[121.5674,14.3011],[121.5662,14.3029],[121.5661,14.3006],[121.5683,14.2991],[121.5605,14.2977],[121.5589,14.2951],[121.5635,14.2942],[121.5592,14.2941],[121.5598,14.2924],[121.5583,14.2947],[121.5553,14.2926],[121.5533,14.2947],[121.5519,14.293],[121.5446,14.2944],[121.5507,14.2918],[121.5476,14.2925],[121.5494,14.2901],[121.546,14.293],[121.5461,14.2901],[121.5441,14.2914],[121.5469,14.2812],[121.5455,14.2766],[121.559,14.2706],[121.584,14.2678],[121.6187,14.2871],[121.624,14.2926]]],[[[121.4186,14.3361],[121.4171,14.3356],[121.4193,14.3349],[121.4186,14.3361]]],[[[121.5034,14.2883],[121.4906,14.3032],[121.4932,14.3034],[121.4959,14.2997],[121.4953,14.3028],[121.4964,14.2982],[121.5014,14.2959],[121.5028,14.2974],[121.5063,14.2932],[121.5082,14.2944],[121.5051,14.2972],[121.5049,14.3015],[121.508,14.2997],[121.5057,14.3023],[121.5104,14.2991],[121.5101,14.3016],[121.5153,14.3008],[121.5166,14.2965],[121.5198,14.2952],[121.5162,14.3015],[121.5187,14.3015],[121.5197,14.2985],[121.5224,14.2996],[121.521,14.301],[121.524,14.3006],[121.5273,14.2968],[121.5202,14.2978],[121.5256,14.2939],[121.529,14.2968],[121.5254,14.3],[121.5276,14.3011],[121.5212,14.304],[121.5265,14.3032],[121.5284,14.3052],[121.5204,14.3043],[121.5216,14.3063],[121.5123,14.3094],[121.5218,14.3071],[121.5192,14.309],[121.5226,14.3113],[121.5257,14.3095],[121.5232,14.3074],[121.5331,14.305],[121.5321,14.3035],[121.5346,14.3046],[121.5363,14.315],[121.512,14.3193],[121.4778,14.3142],[121.4743,14.3167],[121.4731,14.315],[121.4671,14.3209],[121.4625,14.3203],[121.4582,14.3149],[121.465,14.3233],[121.4543,14.3254],[121.4526,14.3298],[121.4563,14.3317],[121.4516,14.3357],[121.4433,14.3377],[121.4405,14.3462],[121.4376,14.336],[121.4291,14.344],[121.4261,14.3346],[121.4188,14.3371],[121.4221,14.334],[121.418,14.3348],[121.4184,14.3331],[121.4295,14.3306],[121.4354,14.3255],[121.4399,14.3249],[121.4389,14.3225],[121.4411,14.321],[121.4375,14.314],[121.4386,14.3101],[121.4359,14.3006],[121.4316,14.3024],[121.4303,14.3071],[121.4242,14.3082],[121.4268,14.299],[121.4254,14.2971],[121.4313,14.2976],[121.4355,14.2962],[121.4318,14.2939],[121.4378,14.2951],[121.44,14.2928],[121.438,14.2916],[121.4395,14.2904],[121.4358,14.2926],[121.44,14.2896],[121.4385,14.2889],[121.4297,14.2922],[121.429,14.2714],[121.4444,14.2802],[121.4619,14.2833],[121.4617,14.274],[121.4688,14.2743],[121.4741,14.2657],[121.4863,14.2669],[121.5017,14.262],[121.501,14.2846],[121.5034,14.2883]]]]}},{"type":"Feature","properties":{"key":"MABITAC","name":"Mabitac","province":"Laguna","lng":121.40205,"lat":14.42981},"geometry":{"type":"MultiPolygon","coordinates":[[[[121.4321,14.3963],[121.4309,14.3985],[121.4311,14.3963],[121.4321,14.3963]]],[[[121.4306,14.453],[121.4205,14.4576],[121.4091,14.4551],[121.4037,14.4615],[121.397,14.463],[121.3905,14.4609],[121.3849,14.4657],[121.378,14.4668],[121.3754,14.4514],[121.3624,14.4542],[121.3666,14.4073],[121.3746,14.4075],[121.3814,14.4119],[121.387,14.4119],[121.3921,14.3986],[121.4023,14.4123],[121.4074,14.4144],[121.41,14.4127],[121.4087,14.3935],[121.4158,14.3974],[121.4321,14.3873],[121.4279,14.3968],[121.4303,14.3971],[121.433,14.4058],[121.4316,14.3994],[121.4346,14.3979],[121.434,14.3931],[121.4413,14.397],[121.4386,14.4032],[121.4399,14.4139],[121.4425,14.4155],[121.4378,14.422],[121.434,14.423],[121.4338,14.4319],[121.4381,14.4346],[121.4306,14.453]]]]}},{"type":"Feature","properties":{"key":"MAGDALENA","name":"Magdalena","province":"Laguna","lng":121.43595,"lat":14.20664},"geometry":{"type":"Polygon","coordinates":[[[121.4386,14.1662],[121.4366,14.1718],[121.4419,14.1785],[121.4404,14.1819],[121.4549,14.187],[121.4664,14.195],[121.4673,14.2012],[121.4573,14.211],[121.4597,14.2157],[121.4586,14.2199],[121.4633,14.2212],[121.46,14.2257],[121.4617,14.2354],[121.4589,14.2401],[121.4351,14.2309],[121.4038,14.2237],[121.4039,14.2198],[121.4084,14.216],[121.4083,14.1886],[121.4152,14.1897],[121.4259,14.1809],[121.4349,14.1624],[121.4386,14.1662]]]}},{"type":"Feature","properties":{"key":"MAJAYJAY","name":"Majayjay","province":"Laguna","lng":121.48032,"lat":14.13935},"geometry":{"type":"Polygon","coordinates":[[[121.4921,14.0733],[121.5152,14.1095],[121.5178,14.1257],[121.5159,14.1283],[121.5163,14.1396],[121.5131,14.1431],[121.5147,14.1493],[121.5131,14.1521],[121.504,14.1548],[121.4892,14.173],[121.4689,14.1867],[121.4664,14.195],[121.4549,14.187],[121.4427,14.1841],[121.4404,14.1819],[121.4419,14.1785],[121.4366,14.1718],[121.4426,14.1607],[121.4421,14.1551],[121.4477,14.1516],[121.4608,14.119],[121.4685,14.1127],[121.4714,14.1045],[121.4783,14.098],[121.4837,14.097],[121.4921,14.0733]]]}},{"type":"Feature","properties":{"key":"NAGCARLAN","name":"Nagcarlan","province":"Laguna","lng":121.4041,"lat":14.13451},"geometry":{"type":"Polygon","coordinates":[[[121.3452,14.1449],[121.3458,14.1389],[121.3494,14.1383],[121.3531,14.1307],[121.3572,14.1322],[121.3581,14.1269],[121.3654,14.1216],[121.3693,14.1207],[121.3827,14.1276],[121.3841,14.1306],[121.3975,14.1247],[121.4061,14.1144],[121.4065,14.1102],[121.4197,14.1021],[121.4231,14.0896],[121.4392,14.0629],[121.4786,14.0648],[121.4832,14.0687],[121.4522,14.0948],[121.4345,14.1179],[121.4283,14.1313],[121.4248,14.133],[121.4206,14.1495],[121.4157,14.1567],[121.4141,14.1767],[121.4005,14.1986],[121.3949,14.194],[121.371,14.1841],[121.3704,14.193],[121.3594,14.1844],[121.3473,14.1832],[121.3507,14.1693],[121.3653,14.1486],[121.3452,14.1449]]]}},{"type":"Feature","properties":{"key":"PAETE","name":"Paete","province":"Laguna","lng":121.5349,"lat":14.3748},"geometry":{"type":"Polygon","coordinates":[[[121.5853,14.357],[121.57,14.3984],[121.5606,14.4129],[121.5466,14.4086],[121.5422,14.4015],[121.5281,14.3976],[121.5076,14.3851],[121.4739,14.3706],[121.4752,14.365],[121.4725,14.3616],[121.4778,14.3591],[121.4792,14.3513],[121.4981,14.3541],[121.5127,14.352],[121.5308,14.3545],[121.58,14.3544],[121.5853,14.357]]]}},{"type":"Feature","properties":{"key":"PAGSANJAN","name":"Pagsanjan","province":"Laguna","lng":121.44864,"lat":14.25205},"geometry":{"type":"Polygon","coordinates":[[[121.4741,14.2657],[121.4688,14.2743],[121.4617,14.274],[121.4619,14.2833],[121.4444,14.2802],[121.4312,14.2709],[121.429,14.2714],[121.4289,14.2767],[121.4266,14.2762],[121.4267,14.2696],[121.4291,14.267],[121.4249,14.2626],[121.4254,14.2498],[121.4208,14.2466],[121.411,14.227],[121.4351,14.2309],[121.4589,14.2401],[121.4617,14.2354],[121.46,14.2257],[121.4627,14.2226],[121.4782,14.2213],[121.4712,14.2611],[121.4741,14.2657]]]}},{"type":"Feature","properties":{"key":"PAKIL","name":"Pakil","province":"Laguna","lng":121.51097,"lat":14.40023},"geometry":{"type":"MultiPolygon","coordinates":[[[[121.3805,14.3379],[121.3916,14.3451],[121.3916,14.3482],[121.398,14.3506],[121.3997,14.3601],[121.4098,14.3784],[121.3992,14.3858],[121.3861,14.3898],[121.3863,14.3932],[121.3921,14.3986],[121.387,14.4119],[121.3814,14.4119],[121.3746,14.4075],[121.3666,14.4073],[121.3692,14.3751],[121.3639,14.3634],[121.3653,14.3559],[121.3799,14.3443],[121.3805,14.3379]]],[[[121.5606,14.4129],[121.5527,14.425],[121.5406,14.4189],[121.5289,14.4193],[121.5156,14.4239],[121.5158,14.4221],[121.5093,14.4217],[121.5049,14.4179],[121.5073,14.4157],[121.5056,14.4139],[121.5015,14.4136],[121.4949,14.4069],[121.4933,14.3959],[121.4762,14.3916],[121.4633,14.3852],[121.4677,14.3764],[121.4739,14.3706],[121.4805,14.3721],[121.5281,14.3976],[121.5422,14.4015],[121.5466,14.4086],[121.5606,14.4129]]]]}},{"type":"Feature","properties":{"key":"PANGIL","name":"Pangil","province":"Laguna","lng":121.49888,"lat":14.42649},"geometry":{"type":"MultiPolygon","coordinates":[[[[121.3921,14.3986],[121.3863,14.3932],[121.3861,14.3898],[121.3992,14.3858],[121.4098,14.3784],[121.4067,14.3865],[121.4104,14.3928],[121.4087,14.3935],[121.41,14.4127],[121.4046,14.4143],[121.3921,14.3986]]],[[[121.5527,14.425],[121.5232,14.4707],[121.4909,14.4509],[121.4895,14.4411],[121.4749,14.4351],[121.4724,14.4277],[121.467,14.4217],[121.4612,14.4219],[121.4618,14.4172],[121.4559,14.4139],[121.4549,14.4086],[121.4509,14.4078],[121.4471,14.4006],[121.4474,14.3967],[121.4525,14.3957],[121.4492,14.3938],[121.4496,14.3892],[121.455,14.3902],[121.4633,14.3852],[121.4762,14.3916],[121.4933,14.3959],[121.4949,14.4069],[121.5015,14.4136],[121.5056,14.4139],[121.5073,14.4157],[121.5049,14.4179],[121.5093,14.4217],[121.5179,14.4225],[121.5184,14.4244],[121.5289,14.4193],[121.5406,14.4189],[121.5527,14.425]]]]}},{"type":"Feature","properties":{"key":"PILA","name":"Pila","province":"Laguna","lng":121.36519,"lat":14.23121},"geometry":{"type":"Polygon","coordinates":[[[121.3874,14.218],[121.3864,14.2364],[121.3804,14.2463],[121.3747,14.2464],[121.3672,14.2676],[121.3503,14.2597],[121.3435,14.2433],[121.3375,14.2403],[121.341,14.2365],[121.3428,14.2275],[121.3535,14.2156],[121.352,14.2112],[121.359,14.2099],[121.3623,14.2037],[121.3689,14.2035],[121.3718,14.1967],[121.3704,14.193],[121.3842,14.2013],[121.3874,14.218]]]}},{"type":"Feature","properties":{"key":"RIZAL","name":"Rizal","province":"Laguna","lng":121.40339,"lat":14.09506},"geometry":{"type":"Polygon","coordinates":[[[121.4392,14.0629],[121.4231,14.0896],[121.4197,14.1021],[121.4065,14.1102],[121.4061,14.1144],[121.3975,14.1247],[121.3841,14.1306],[121.3827,14.1276],[121.3693,14.1207],[121.3708,14.1149],[121.378,14.1141],[121.3812,14.1061],[121.3799,14.1015],[121.3826,14.0989],[121.3809,14.0953],[121.3852,14.0927],[121.3876,14.0961],[121.4021,14.0686],[121.4392,14.0629]]]}},{"type":"Feature","properties":{"key":"SANTA CRUZ","name":"Santa Cruz","province":"Laguna","lng":121.4017,"lat":14.26061},"geometry":{"type":"Polygon","coordinates":[[[121.4039,14.2198],[121.4038,14.2237],[121.4144,14.2306],[121.4208,14.2466],[121.4254,14.2498],[121.4249,14.2626],[121.4291,14.267],[121.4267,14.2696],[121.4266,14.2762],[121.4289,14.2767],[121.4297,14.2922],[121.4226,14.2933],[121.4177,14.2911],[121.417,14.2882],[121.4141,14.2966],[121.4155,14.3017],[121.4128,14.2999],[121.4142,14.3056],[121.4089,14.3004],[121.4015,14.3021],[121.3996,14.2884],[121.3971,14.2857],[121.3814,14.2777],[121.3752,14.2717],[121.3706,14.2716],[121.3672,14.2676],[121.3747,14.2464],[121.3804,14.2463],[121.3864,14.2364],[121.3874,14.218],[121.3964,14.217],[121.4039,14.2198]]]}},{"type":"Feature","properties":{"key":"SANTA MARIA","name":"Santa Maria","province":"Laguna","lng":121.42601,"lat":14.51067},"geometry":{"type":"Polygon","coordinates":[[[121.4776,14.528],[121.4863,14.5409],[121.4808,14.5472],[121.4807,14.5568],[121.452,14.5958],[121.4411,14.5873],[121.4433,14.5829],[121.4416,14.5785],[121.4497,14.5702],[121.446,14.5625],[121.4389,14.5595],[121.448,14.545],[121.4204,14.5418],[121.4043,14.5454],[121.4004,14.5409],[121.3976,14.5436],[121.3929,14.5383],[121.3899,14.5401],[121.3897,14.5353],[121.3811,14.5315],[121.3798,14.5267],[121.3762,14.5246],[121.3784,14.5206],[121.3769,14.5094],[121.3705,14.5044],[121.3623,14.4864],[121.3618,14.4772],[121.3762,14.4642],[121.3804,14.4667],[121.3905,14.4609],[121.397,14.463],[121.4037,14.4615],[121.4091,14.4551],[121.4205,14.4576],[121.4257,14.4539],[121.4439,14.4523],[121.447,14.4638],[121.4616,14.4728],[121.457,14.482],[121.4651,14.4798],[121.4652,14.4851],[121.4594,14.4869],[121.4576,14.4899],[121.4601,14.4902],[121.462,14.4953],[121.4615,14.5054],[121.4681,14.5196],[121.4724,14.5212],[121.4776,14.528]]]}},{"type":"Feature","properties":{"key":"SINILOAN","name":"Siniloan","province":"Laguna","lng":121.49473,"lat":14.47717},"geometry":{"type":"Polygon","coordinates":[[[121.4341,14.4264],[121.434,14.423],[121.4378,14.422],[121.4425,14.4155],[121.4399,14.4139],[121.4386,14.4032],[121.4413,14.397],[121.4454,14.3954],[121.4509,14.4078],[121.4549,14.4086],[121.4559,14.4139],[121.4618,14.4172],[121.4612,14.4219],[121.467,14.4217],[121.4724,14.4277],[121.4749,14.4351],[121.4895,14.4411],[121.4909,14.4509],[121.5189,14.4688],[121.5241,14.4692],[121.5277,14.4744],[121.5325,14.4746],[121.5336,14.4807],[121.5384,14.4804],[121.5444,14.4894],[121.5505,14.4924],[121.5346,14.5094],[121.5296,14.5329],[121.4812,14.5357],[121.4776,14.528],[121.4893,14.5172],[121.4976,14.4936],[121.5104,14.494],[121.52,14.4873],[121.5176,14.4811],[121.498,14.4683],[121.4829,14.4776],[121.4752,14.4693],[121.4745,14.4645],[121.4684,14.4646],[121.4573,14.4541],[121.4511,14.4309],[121.4341,14.4264]]]}},{"type":"Feature","properties":{"key":"VICTORIA","name":"Victoria","province":"Laguna","lng":121.3342,"lat":14.20533},"geometry":{"type":"Polygon","coordinates":[[[121.3473,14.1832],[121.3594,14.1844],[121.3704,14.193],[121.3718,14.1967],[121.3689,14.2035],[121.3623,14.2037],[121.359,14.2099],[121.352,14.2112],[121.3535,14.2156],[121.3428,14.2275],[121.341,14.2365],[121.3375,14.2403],[121.3157,14.2279],[121.3198,14.2288],[121.3117,14.2217],[121.3065,14.2072],[121.2999,14.2011],[121.301,14.1938],[121.3123,14.191],[121.319,14.1817],[121.3268,14.1781],[121.3352,14.1865],[121.3364,14.184],[121.3439,14.1862],[121.3473,14.1832]]]}},{"type":"Feature","properties":{"key":"AGDANGAN","name":"Agdangan","province":"Quezon","lng":121.92378,"lat":13.88389},"geometry":{"type":"MultiPolygon","coordinates":[[[[121.949,13.8513],[121.9489,13.8515],[121.9487,13.8515],[121.9489,13.851],[121.949,13.8513]]],[[[121.9487,13.8516],[121.9518,13.8574],[121.9417,13.8863],[121.9463,13.8913],[121.9444,13.9006],[121.9483,13.9039],[121.9488,13.9086],[121.9337,13.9251],[121.9198,13.9235],[121.9071,13.9093],[121.9111,13.9015],[121.9069,13.8988],[121.9113,13.8927],[121.9071,13.8894],[121.9065,13.88],[121.8971,13.8836],[121.8876,13.8776],[121.8912,13.8678],[121.8902,13.8623],[121.899,13.8597],[121.9041,13.8544],[121.9213,13.8551],[121.922,13.8528],[121.9304,13.8502],[121.9487,13.8516]]]]}},{"type":"Feature","properties":{"key":"ALABAT","name":"Alabat","province":"Quezon","lng":122.02884,"lat":14.11833},"geometry":{"type":"Polygon","coordinates":[[[122.0642,14.127],[122.0583,14.1317],[122.0485,14.1343],[122.0442,14.1405],[122.0311,14.1495],[122.0214,14.153],[122.01,14.1662],[122.0086,14.1713],[122.0024,14.1725],[121.9873,14.1849],[121.9831,14.1813],[122.0035,14.1469],[121.9943,14.136],[121.99,14.1367],[121.9746,14.1228],[121.995,14.1053],[121.9967,14.1086],[122.0023,14.1081],[122.0094,14.1029],[122.01,14.1004],[122.0066,14.0985],[122.0109,14.1001],[122.0118,14.095],[122.0172,14.0977],[122.0379,14.0902],[122.0388,14.0865],[122.0453,14.0828],[122.0466,14.077],[122.0532,14.0743],[122.0568,14.0642],[122.0617,14.0643],[122.072,14.0582],[122.0778,14.0667],[122.0777,14.0715],[122.0684,14.0964],[122.0736,14.1005],[122.0582,14.122],[122.0642,14.127]]]}},{"type":"Feature","properties":{"key":"ATIMONAN","name":"Atimonan","province":"Quezon","lng":121.889,"lat":13.98506},"geometry":{"type":"Polygon","coordinates":[[[121.942,13.9175],[121.9665,13.9099],[121.9719,13.9111],[121.9757,13.9082],[121.9848,13.9124],[121.9985,13.9113],[122.0006,13.9081],[122.0038,13.9099],[122.0022,13.9115],[122.0054,13.9178],[122.0089,13.9108],[122.0196,13.9103],[122.0228,13.9025],[122.0296,13.8975],[122.0322,13.8986],[122.0339,13.8955],[122.0347,13.9008],[122.0475,13.9074],[122.0399,13.9142],[122.0304,13.9166],[122.0235,13.9157],[122.0219,13.9116],[122.02,13.915],[122.0099,13.9178],[122.0112,13.9206],[122.0025,13.9299],[121.9991,13.9302],[121.9999,13.933],[121.9947,13.9359],[121.9942,13.9414],[122.0028,13.9426],[122.0006,13.9471],[122.0042,13.9518],[122.0025,13.9552],[121.9953,13.9536],[121.9909,13.957],[121.9918,13.9606],[121.9877,13.9623],[121.9885,13.9648],[121.9854,13.9647],[121.985,13.9678],[121.9822,13.9666],[121.9866,13.971],[121.9849,13.9737],[121.9893,13.9775],[121.9601,13.9827],[121.9357,13.9942],[121.9288,14],[121.9304,14.0023],[121.9286,14.0007],[121.9199,14.0052],[121.9179,14.0032],[121.9167,14.007],[121.9083,14.0105],[121.9116,14.0153],[121.907,14.0113],[121.8832,14.0417],[121.8595,14.0592],[121.8467,14.0727],[121.8323,14.0781],[121.8257,14.0604],[121.8216,14.0558],[121.8061,14.0485],[121.7402,14.0554],[121.7923,14.0083],[121.8255,13.9853],[121.8389,13.9714],[121.8426,13.9704],[121.8503,13.979],[121.862,13.9713],[121.8538,13.957],[121.8558,13.9566],[121.858,13.9451],[121.8657,13.9412],[121.8621,13.9342],[121.8714,13.9224],[121.8771,13.9231],[121.8782,13.9274],[121.8828,13.929],[121.9003,13.9295],[121.9079,13.9229],[121.9337,13.9251],[121.942,13.9175]]]}},{"type":"Feature","properties":{"key":"BUENAVISTA","name":"Buenavista","province":"Quezon","lng":122.43237,"lat":13.7396},"geometry":{"type":"Polygon","coordinates":[[[122.51,13.7681],[122.4975,13.7643],[122.4882,13.7666],[122.4776,13.7816],[122.4613,13.7908],[122.455,13.7911],[122.4432,13.8019],[122.4289,13.8],[122.3946,13.8169],[122.3941,13.7936],[122.3901,13.7931],[122.3666,13.7752],[122.3683,13.7694],[122.3638,13.7676],[122.3641,13.7608],[122.36,13.7517],[122.3683,13.736],[122.3646,13.7181],[122.3851,13.6934],[122.4003,13.6606],[122.4113,13.6737],[122.4228,13.6722],[122.423,13.6777],[122.4174,13.6822],[122.415,13.6886],[122.4347,13.6969],[122.4397,13.6964],[122.4403,13.6933],[122.4432,13.6968],[122.4423,13.6905],[122.4448,13.6938],[122.4535,13.6933],[122.4538,13.6888],[122.4562,13.6875],[122.4553,13.6832],[122.4588,13.6826],[122.4536,13.6767],[122.4576,13.6749],[122.4634,13.6784],[122.4694,13.6756],[122.4714,13.6705],[122.4756,13.6718],[122.4779,13.6672],[122.4863,13.6708],[122.4891,13.6757],[122.493,13.6698],[122.5012,13.6711],[122.4971,13.673],[122.495,13.6791],[122.481,13.6972],[122.4797,13.7088],[122.485,13.7293],[122.49,13.7329],[122.4967,13.7346],[122.5088,13.7306],[122.5183,13.7343],[122.5234,13.7318],[122.5222,13.7431],[122.5126,13.7557],[122.5126,13.7657],[122.51,13.7681]]]}},{"type":"Feature","properties":{"key":"BURDEOS","name":"Burdeos","province":"Quezon","lng":121.97104,"lat":14.92007},"geometry":{"type":"MultiPolygon","coordinates":[[[[122.0254,14.807],[122.0207,14.8041],[122.0244,14.8004],[122.0295,14.8009],[122.0254,14.807]]],[[[122.0042,14.8448],[121.9992,14.8416],[121.9976,14.8336],[122.0051,14.8365],[122.0042,14.8448]]],[[[122.0233,14.8785],[122.0199,14.8793],[122.0185,14.8744],[122.0165,14.8725],[122.0142,14.8748],[122.0132,14.8721],[122.0244,14.8556],[122.0225,14.8514],[122.0248,14.8456],[122.0367,14.8488],[122.0373,14.8452],[122.0438,14.8406],[122.0465,14.8419],[122.0465,14.8466],[122.0498,14.8506],[122.0593,14.8502],[122.062,14.8539],[122.0688,14.844],[122.0774,14.839],[122.0841,14.8416],[122.084,14.8441],[122.0743,14.8503],[122.0657,14.8598],[122.0628,14.868],[122.0336,14.8763],[122.0289,14.8749],[122.0267,14.8677],[122.0233,14.8785]]],[[[122.0075,14.884],[121.995,14.8805],[121.9984,14.8786],[122.0034,14.8817],[122.0134,14.8791],[122.0117,14.8833],[122.0075,14.884]]],[[[122.1602,14.8844],[122.1571,14.8817],[122.1605,14.8746],[122.163,14.8755],[122.165,14.8822],[122.1602,14.8844]]],[[[122.1117,14.8947],[122.1085,14.8919],[122.1126,14.892],[122.1117,14.8947]]],[[[122.1173,14.903],[122.1137,14.9013],[122.1124,14.8972],[122.1161,14.8947],[122.121,14.8971],[122.1173,14.903]]],[[[122.0204,14.9051],[122.0054,14.9011],[122.007,14.8925],[122.0158,14.8936],[122.0231,14.9025],[122.0204,14.9051]]],[[[122.0401,14.9157],[122.0281,14.9141],[122.0351,14.9099],[122.0379,14.9099],[122.0401,14.9157]]],[[[122.1473,14.917],[122.1407,14.9121],[122.1435,14.9068],[122.1406,14.8978],[122.1502,14.8929],[122.1567,14.9057],[122.1537,14.9147],[122.1473,14.917]]],[[[122.1855,14.9177],[122.187,14.9129],[122.1877,14.9148],[122.1855,14.9177]]],[[[122.1846,14.9234],[122.1828,14.9216],[122.1839,14.9204],[122.1846,14.9234]]],[[[122.1757,14.933],[122.1716,14.9309],[122.1763,14.9248],[122.184,14.9248],[122.1803,14.9314],[122.1757,14.933]]],[[[122.0526,14.9335],[122.0461,14.9303],[122.0445,14.9265],[122.0536,14.9292],[122.0526,14.9335]]],[[[122.0615,14.9497],[122.0603,14.9485],[122.0631,14.9466],[122.0639,14.949],[122.0615,14.9497]]],[[[122.1566,14.9507],[122.1512,14.9505],[122.1526,14.9481],[122.1466,14.9402],[122.1494,14.9337],[122.1458,14.9285],[122.1385,14.9252],[122.1432,14.9259],[122.149,14.9221],[122.1537,14.9286],[122.1548,14.9352],[122.1609,14.9381],[122.1627,14.9467],[122.1566,14.9507]]],[[[122.0314,15.0174],[122.027,15.0171],[122.0296,15.0151],[122.0326,15.0157],[122.0314,15.0174]]],[[[122.0233,14.785],[122.0258,14.79],[122.0215,14.7951],[122.023,14.7993],[122.0197,14.8052],[122.0233,14.8094],[122.0186,14.8183],[122.012,14.817],[122.014,14.8183],[122.0124,14.8212],[122.0074,14.8215],[122.0093,14.8235],[122.0053,14.8278],[122.0102,14.8285],[122.0098,14.8327],[121.9958,14.831],[121.9875,14.8362],[121.986,14.8416],[121.981,14.8415],[121.9832,14.8464],[121.9768,14.8549],[121.9801,14.8598],[121.972,14.8591],[121.9736,14.8622],[121.9683,14.8667],[121.967,14.874],[121.9713,14.8789],[121.9755,14.878],[121.9765,14.8835],[121.9757,14.885],[121.9718,14.8802],[121.9735,14.8851],[121.9699,14.8843],[121.9675,14.8875],[121.9654,14.896],[121.9692,14.8947],[121.9695,14.8965],[121.9657,14.9014],[121.9698,14.9024],[121.9673,14.9067],[121.9715,14.9103],[121.9774,14.9097],[121.9769,14.9043],[121.9794,14.9006],[121.9852,14.9031],[121.9837,14.9053],[121.9866,14.9107],[121.9918,14.9138],[122.0212,14.9211],[122.0173,14.9238],[122.0179,14.9298],[122.0111,14.9483],[122.0194,14.9638],[122.0192,14.9677],[122.0163,14.9684],[122.0136,14.9637],[122.0014,14.9592],[121.9978,14.9517],[121.9912,14.9579],[122.0021,14.9749],[121.9962,14.9748],[122.0115,14.9892],[122.022,14.9929],[122.0312,14.992],[122.0343,14.9829],[122.044,14.9789],[122.0416,14.973],[122.047,14.9679],[122.0525,14.9588],[122.0529,14.9537],[122.0556,14.9523],[122.0558,14.9723],[122.0477,14.9973],[122.05,15.0054],[122.0355,15.0129],[122.0307,15.0091],[122.0265,15.0117],[122.0229,15.0064],[122.0137,15.0095],[122.007,15.0069],[122.0098,15.0124],[122.016,15.015],[122.0212,15.0236],[122.021,15.0279],[122.0039,15.0397],[122.0041,15.0416],[121.9917,15.0459],[121.9802,15.0401],[121.9794,15.0376],[121.9752,15.0423],[121.9701,15.0367],[121.9703,15.0434],[121.9752,15.0452],[121.9743,15.0505],[121.9673,15.0543],[121.9498,15.0578],[121.9431,15.0543],[121.9436,15.0434],[121.9467,15.0435],[121.9436,15.0387],[121.945,15.0363],[121.9415,15.0332],[121.945,15.0316],[121.938,15.0269],[121.9405,15.0165],[121.9382,15.0154],[121.9377,15.0104],[121.9418,14.991],[121.9395,14.9687],[121.9225,14.9444],[121.9195,14.9328],[121.9228,14.9134],[121.9155,14.8696],[121.9161,14.8398],[121.9229,14.835],[121.9251,14.8285],[121.9415,14.8096],[121.9607,14.7815],[121.992,14.7802],[122.0233,14.785]]]]}},{"type":"Feature","properties":{"key":"CALAUAG","name":"Calauag","province":"Quezon","lng":122.28008,"lat":14.05437},"geometry":{"type":"MultiPolygon","coordinates":[[[[122.1494,14.177],[122.1471,14.1732],[122.1506,14.1692],[122.1494,14.177]]],[[[122.3079,14.102],[122.3055,14.1024],[122.3066,14.1135],[122.3037,14.1129],[122.3077,14.1169],[122.3121,14.1308],[122.309,14.1421],[122.3073,14.1376],[122.2968,14.1339],[122.2881,14.1203],[122.278,14.1202],[122.2676,14.1238],[122.2671,14.1354],[122.271,14.1437],[122.2657,14.1503],[122.2738,14.1621],[122.2661,14.1708],[122.2603,14.1705],[122.2593,14.1729],[122.2645,14.1772],[122.2626,14.1814],[122.266,14.1873],[122.2646,14.1957],[122.2715,14.207],[122.2691,14.2111],[122.2708,14.2134],[122.2696,14.2238],[122.2761,14.2264],[122.2724,14.2302],[122.2772,14.2346],[122.2732,14.2457],[122.2503,14.2423],[122.2481,14.2362],[122.2541,14.2261],[122.2511,14.2252],[122.252,14.2212],[122.2457,14.2177],[122.249,14.2141],[122.2483,14.2081],[122.2512,14.2047],[122.2495,14.1994],[122.2425,14.1965],[122.2453,14.186],[122.2361,14.1894],[122.2334,14.1942],[122.2302,14.1904],[122.221,14.1869],[122.2149,14.19],[122.2083,14.1838],[122.2074,14.1798],[122.2041,14.1792],[122.2044,14.1767],[122.1985,14.177],[122.1902,14.1702],[122.1887,14.1666],[122.1908,14.1629],[122.1866,14.1654],[122.1826,14.162],[122.1913,14.1459],[122.1893,14.1386],[122.1852,14.1399],[122.1801,14.138],[122.1762,14.1405],[122.1761,14.1438],[122.1691,14.1498],[122.17,14.1576],[122.1657,14.1594],[122.1631,14.1561],[122.1663,14.1547],[122.1639,14.1483],[122.1646,14.1407],[122.1686,14.1308],[122.1816,14.113],[122.1869,14.1101],[122.1879,14.1046],[122.1911,14.1048],[122.1902,14.0991],[122.1931,14.0975],[122.1927,14.0928],[122.2057,14.0826],[122.2138,14.0839],[122.2184,14.0794],[122.2278,14.0772],[122.2396,14.0653],[122.2487,14.0611],[122.2545,14.053],[122.2602,14.0542],[122.2627,14.0506],[122.2688,14.0485],[122.276,14.0356],[122.28,14.0399],[122.2789,14.0436],[122.2825,14.0412],[122.2816,14.0372],[122.2839,14.0405],[122.2883,14.0386],[122.2885,14.0296],[122.2854,14.0227],[122.29,14.0169],[122.3079,14.0113],[122.3114,14.0216],[122.3159,14.0213],[122.3175,14.0237],[122.3236,14.0197],[122.3188,14.012],[122.3154,14.0124],[122.3095,14.0056],[122.3169,13.9972],[122.3166,13.9931],[122.3082,14.0008],[122.3019,14.0013],[122.2991,13.9948],[122.2934,13.9916],[122.3067,13.9722],[122.3021,13.9605],[122.2988,13.9593],[122.29,13.961],[122.283,13.9578],[122.2783,13.9589],[122.2753,13.9627],[122.2692,13.9605],[122.2712,13.9661],[122.2654,13.9698],[122.2498,13.9693],[122.2427,13.9736],[122.2353,13.9725],[122.2301,13.9789],[122.2171,13.9784],[122.206,13.9834],[122.2056,13.9877],[122.1951,13.9965],[122.1827,13.9951],[122.1828,13.9844],[122.188,13.9906],[122.2006,13.9896],[122.2047,13.9834],[122.2152,13.9769],[122.2154,13.9734],[122.2242,13.9727],[122.2255,13.9668],[122.2376,13.9636],[122.2464,13.9577],[122.2494,13.9517],[122.2605,13.9468],[122.2669,13.9281],[122.276,13.9234],[122.2758,13.9279],[122.2797,13.9269],[122.2837,13.9191],[122.2894,13.9153],[122.2894,13.9114],[122.2983,13.9093],[122.3009,13.9049],[122.3065,13.9121],[122.3134,13.9096],[122.3177,13.9002],[122.326,13.8958],[122.3308,13.8995],[122.3459,13.8977],[122.346,13.9071],[122.3567,13.9142],[122.3635,13.9046],[122.3689,13.9029],[122.3698,13.8985],[122.3737,13.8989],[122.3735,13.9026],[122.3773,13.9011],[122.3863,13.9074],[122.3905,13.9033],[122.3922,13.9143],[122.3548,13.966],[122.3455,13.9835],[122.342,13.9996],[122.3421,14.006],[122.3532,14.0102],[122.3527,14.0265],[122.3587,14.0454],[122.3838,14.0666],[122.362,14.0629],[122.3348,14.0639],[122.3307,14.0612],[122.326,14.0637],[122.3223,14.0618],[122.3184,14.0631],[122.3189,14.0657],[122.3144,14.0637],[122.3139,14.0666],[122.31,14.0661],[122.3066,14.0694],[122.3038,14.0674],[122.3024,14.0711],[122.2986,14.0721],[122.3023,14.0887],[122.3076,14.0929],[122.3079,14.102]]]]}},{"type":"Feature","properties":{"key":"CANDELARIA","name":"Candelaria","province":"Quezon","lng":121.42719,"lat":13.93542},"geometry":{"type":"Polygon","coordinates":[[[121.4786,14.0648],[121.4486,14.0647],[121.4546,14.0556],[121.4575,14.0304],[121.4522,14.0278],[121.4484,14.0215],[121.4455,14.0237],[121.443,14.0215],[121.4395,14.0114],[121.4434,14.0114],[121.4394,13.9925],[121.4007,13.9732],[121.3942,13.9607],[121.3951,13.9536],[121.3872,13.941],[121.3833,13.9395],[121.3797,13.9309],[121.3766,13.9302],[121.3753,13.9211],[121.371,13.9171],[121.3737,13.9095],[121.3699,13.9017],[121.3781,13.8941],[121.38,13.8831],[121.3964,13.8554],[121.3984,13.8436],[121.407,13.8393],[121.4095,13.8401],[121.4104,13.8461],[121.4125,13.842],[121.4175,13.8439],[121.4272,13.8381],[121.4264,13.8505],[121.4443,13.8505],[121.4416,13.8595],[121.444,13.887],[121.4498,13.8866],[121.4558,13.8967],[121.4548,13.9038],[121.4587,13.9116],[121.4599,13.9218],[121.4574,13.9233],[121.4605,13.927],[121.4615,13.9467],[121.4666,13.9646],[121.4636,13.9757],[121.4578,13.978],[121.4613,13.9806],[121.459,13.9805],[121.4602,13.9869],[121.4689,13.9947],[121.4668,14.0017],[121.472,14.0083],[121.468,14.0157],[121.4759,14.0332],[121.4744,14.038],[121.4788,14.0535],[121.4786,14.0648]]]}},{"type":"Feature","properties":{"key":"CATANAUAN","name":"Catanauan","province":"Quezon","lng":122.31626,"lat":13.64402},"geometry":{"type":"Polygon","coordinates":[[[122.3646,13.7181],[122.3009,13.7294],[122.2794,13.7014],[122.2717,13.7002],[122.2702,13.6947],[122.2677,13.6936],[122.2659,13.6961],[122.2482,13.6855],[122.2399,13.6771],[122.2377,13.6726],[122.2402,13.6718],[122.2398,13.6687],[122.2351,13.6675],[122.2378,13.6624],[122.2333,13.6598],[122.2339,13.6546],[122.2364,13.6533],[122.2342,13.6526],[122.2388,13.6484],[122.2361,13.6407],[122.2317,13.6403],[122.2283,13.634],[122.2215,13.6381],[122.2199,13.6352],[122.2165,13.6367],[122.2158,13.6325],[122.2115,13.6349],[122.2124,13.6323],[122.2089,13.6303],[122.1988,13.6334],[122.1999,13.6163],[122.204,13.6077],[122.2099,13.601],[122.2128,13.606],[122.2176,13.6079],[122.2246,13.6044],[122.2279,13.5993],[122.2387,13.5967],[122.2543,13.6049],[122.2672,13.6065],[122.2776,13.5989],[122.2782,13.5931],[122.2763,13.589],[122.2619,13.5835],[122.2616,13.581],[122.2682,13.5809],[122.2803,13.5744],[122.2841,13.5773],[122.2818,13.5808],[122.2827,13.5866],[122.2895,13.5914],[122.3024,13.593],[122.3218,13.5904],[122.3313,13.5834],[122.3382,13.5739],[122.3293,13.5646],[122.3326,13.5592],[122.3542,13.5467],[122.3662,13.5483],[122.3663,13.5534],[122.3689,13.5539],[122.3665,13.5557],[122.3708,13.5604],[122.3698,13.5629],[122.3776,13.5643],[122.3795,13.5667],[122.378,13.5682],[122.3836,13.5709],[122.3797,13.5757],[122.3824,13.582],[122.3738,13.592],[122.379,13.5961],[122.3782,13.6006],[122.3807,13.5987],[122.3834,13.6011],[122.3859,13.5987],[122.3904,13.617],[122.3966,13.6191],[122.3967,13.6384],[122.4066,13.6547],[122.3941,13.6707],[122.3851,13.6934],[122.3646,13.7181]]]}},{"type":"Feature","properties":{"key":"LUCENA","name":"City of Lucena","province":"Quezon","lng":121.61551,"lat":13.93668},"geometry":{"type":"Polygon","coordinates":[[[121.5547,13.9462],[121.556,13.9394],[121.5607,13.9343],[121.5592,13.9329],[121.5625,13.9316],[121.5651,13.9249],[121.5727,13.9208],[121.5719,13.9149],[121.5762,13.9094],[121.5736,13.8997],[121.582,13.8902],[121.6033,13.8951],[121.6025,13.899],[121.6182,13.8903],[121.6156,13.8954],[121.6198,13.9055],[121.6233,13.9022],[121.6205,13.9056],[121.6241,13.9076],[121.6268,13.9055],[121.6297,13.9084],[121.6459,13.9078],[121.6565,13.9132],[121.6555,13.9152],[121.6644,13.9157],[121.6674,13.9119],[121.669,13.9165],[121.6745,13.9169],[121.6779,13.9228],[121.6922,13.9231],[121.6927,13.9262],[121.6899,13.9257],[121.652,13.9501],[121.6525,13.9554],[121.6486,13.9575],[121.6529,13.9674],[121.6497,13.9714],[121.6408,13.9729],[121.6405,13.9813],[121.6316,13.9839],[121.6306,13.9805],[121.6151,13.9901],[121.6136,13.9879],[121.6158,13.985],[121.6094,13.9794],[121.6098,13.9725],[121.6059,13.9733],[121.6068,13.9687],[121.5999,13.9766],[121.5933,13.9647],[121.5849,13.9695],[121.5858,13.9647],[121.5846,13.9661],[121.5762,13.961],[121.5673,13.951],[121.5547,13.9462]]]}},{"type":"Feature","properties":{"key":"TAYABAS","name":"City of Tayabas","province":"Quezon","lng":121.61529,"lat":14.03705},"geometry":{"type":"Polygon","coordinates":[[[121.7419,14.0567],[121.7471,14.0608],[121.7545,14.061],[121.7526,14.0691],[121.7496,14.07],[121.7507,14.072],[121.7419,14.0862],[121.7272,14.0896],[121.7188,14.0951],[121.7097,14.0879],[121.7033,14.0927],[121.6955,14.0926],[121.6968,14.0946],[121.694,14.0949],[121.6929,14.0933],[121.6905,14.0972],[121.6843,14.0981],[121.6744,14.0963],[121.6644,14.0853],[121.6627,14.0903],[121.657,14.0929],[121.6577,14.1013],[121.6275,14.0956],[121.6103,14.0831],[121.602,14.0839],[121.6009,14.0753],[121.5925,14.074],[121.5936,14.0716],[121.588,14.063],[121.5823,14.0623],[121.5741,14.0658],[121.5647,14.0617],[121.5544,14.0654],[121.5521,14.0621],[121.5272,14.061],[121.5205,14.0565],[121.5122,14.0589],[121.506,14.0574],[121.4874,14.0686],[121.4832,14.0687],[121.4786,14.0648],[121.4787,14.0611],[121.4941,14.0549],[121.5121,14.0345],[121.517,14.0163],[121.5207,14.0157],[121.5209,14.0123],[121.5254,14.0099],[121.5311,13.9964],[121.545,13.9777],[121.5547,13.9462],[121.5673,13.951],[121.5762,13.961],[121.5846,13.9661],[121.5858,13.9647],[121.5849,13.9695],[121.5933,13.9647],[121.5999,13.9766],[121.6068,13.9687],[121.6059,13.9733],[121.6098,13.9725],[121.6094,13.9794],[121.6158,13.985],[121.6136,13.9879],[121.6151,13.9901],[121.6306,13.9805],[121.6461,13.9995],[121.645,14.0055],[121.653,14.0099],[121.6572,14.0181],[121.6853,14.0274],[121.6915,14.0351],[121.708,14.0465],[121.7205,14.0442],[121.7266,14.0504],[121.7419,14.0567]]]}},{"type":"Feature","properties":{"key":"DOLORES","name":"Dolores","province":"Quezon","lng":121.40621,"lat":14.01314},"geometry":{"type":"Polygon","coordinates":[[[121.4486,14.0647],[121.4419,14.062],[121.4309,14.0634],[121.4247,14.0476],[121.4123,14.0393],[121.3927,14.0337],[121.3803,14.0242],[121.3713,14.0226],[121.3508,14.012],[121.3461,14.0059],[121.3402,14.0035],[121.347,13.9977],[121.3494,13.9879],[121.3604,13.9855],[121.3651,13.9818],[121.3753,13.982],[121.3929,13.9722],[121.4131,13.9783],[121.4394,13.9925],[121.4434,14.0114],[121.4395,14.0114],[121.443,14.0215],[121.4455,14.0237],[121.4484,14.0215],[121.4522,14.0278],[121.4575,14.0304],[121.4546,14.0556],[121.4486,14.0647]]]}},{"type":"Feature","properties":{"key":"GENERAL LUNA","name":"General Luna","province":"Quezon","lng":122.22404,"lat":13.69705},"geometry":{"type":"Polygon","coordinates":[[[122.3009,13.7294],[122.275,13.7484],[122.2608,13.7492],[122.2552,13.7447],[122.2462,13.7452],[122.2454,13.7428],[122.2394,13.7417],[122.242,13.7394],[122.2338,13.7327],[122.2257,13.7317],[122.222,13.7346],[122.2219,13.7315],[122.2179,13.7306],[122.2186,13.7264],[122.2151,13.7289],[122.2121,13.7273],[122.2129,13.7212],[122.2016,13.7231],[122.195,13.7192],[122.1957,13.7165],[122.1908,13.715],[122.1919,13.719],[122.1888,13.7209],[122.1867,13.7182],[122.1803,13.7185],[122.1779,13.7213],[122.1791,13.7251],[122.1766,13.723],[122.1705,13.7259],[122.1637,13.7216],[122.1625,13.7167],[122.1595,13.7184],[122.1578,13.7151],[122.1531,13.7149],[122.1552,13.7054],[122.1646,13.6987],[122.1677,13.6894],[122.173,13.6848],[122.1739,13.6697],[122.1812,13.6693],[122.1793,13.6676],[122.1823,13.6622],[122.1866,13.6603],[122.1962,13.6477],[122.1977,13.6406],[122.2026,13.6375],[122.2012,13.6331],[122.2089,13.6303],[122.2124,13.6323],[122.2115,13.6349],[122.2158,13.6325],[122.2165,13.6367],[122.2199,13.6352],[122.2215,13.6381],[122.2283,13.634],[122.2317,13.6403],[122.2361,13.6407],[122.2388,13.6484],[122.2342,13.6526],[122.2364,13.6533],[122.2339,13.6546],[122.2333,13.6598],[122.2378,13.6624],[122.2351,13.6675],[122.2398,13.6687],[122.2402,13.6718],[122.2377,13.6726],[122.2399,13.6771],[122.2482,13.6855],[122.2659,13.6961],[122.2677,13.6936],[122.2702,13.6947],[122.2717,13.7002],[122.2794,13.7014],[122.3009,13.7294]]]}},{"type":"Feature","properties":{"key":"GENERAL NAKAR","name":"General Nakar","province":"Quezon","lng":121.4619,"lat":14.88212},"geometry":{"type":"MultiPolygon","coordinates":[[[[121.6574,14.7791],[121.6542,14.7785],[121.6569,14.7787],[121.6574,14.7791]]],[[[121.3479,14.9964],[121.3382,14.9472],[121.3401,14.8864],[121.3369,14.88],[121.3356,14.8483],[121.3318,14.8485],[121.3332,14.8405],[121.3304,14.8348],[121.3355,14.8009],[121.3292,14.7846],[121.3418,14.7471],[121.3359,14.7393],[121.3343,14.7311],[121.3374,14.728],[121.3539,14.7226],[121.3627,14.7084],[121.3806,14.6952],[121.4048,14.6902],[121.4029,14.6861],[121.4074,14.6845],[121.405,14.6782],[121.4081,14.6768],[121.4109,14.6689],[121.41,14.6668],[121.4068,14.6676],[121.4077,14.6649],[121.4042,14.6609],[121.4061,14.6578],[121.4028,14.6566],[121.4049,14.6393],[121.4163,14.6322],[121.4158,14.628],[121.4417,14.6225],[121.4395,14.604],[121.444,14.6027],[121.4453,14.5988],[121.4511,14.5952],[121.4578,14.5986],[121.4569,14.605],[121.4656,14.6058],[121.4668,14.6148],[121.4715,14.6155],[121.4765,14.6105],[121.4814,14.6139],[121.4831,14.6198],[121.4946,14.6179],[121.4977,14.6331],[121.5025,14.6289],[121.5052,14.6306],[121.5012,14.6406],[121.505,14.6466],[121.5032,14.6526],[121.5074,14.6541],[121.5085,14.6623],[121.5142,14.6658],[121.5145,14.6715],[121.5191,14.6731],[121.5159,14.6769],[121.5185,14.6822],[121.521,14.6841],[121.5259,14.6816],[121.5234,14.6871],[121.5273,14.6913],[121.5392,14.6953],[121.552,14.6866],[121.5508,14.6943],[121.5619,14.6928],[121.5616,14.6996],[121.5734,14.6975],[121.58,14.7032],[121.5852,14.6996],[121.589,14.7003],[121.5908,14.7081],[121.6007,14.7128],[121.604,14.7251],[121.6093,14.7319],[121.608,14.7411],[121.6107,14.748],[121.6181,14.7528],[121.6289,14.7479],[121.6339,14.7497],[121.6363,14.761],[121.6551,14.7768],[121.6495,14.7755],[121.6511,14.7795],[121.6558,14.7808],[121.6426,14.7818],[121.6242,14.793],[121.6244,14.8002],[121.6017,14.8284],[121.6068,14.8475],[121.6136,14.8529],[121.5905,14.875],[121.5817,14.8904],[121.579,14.9089],[121.5726,14.9284],[121.573,14.9478],[121.5658,14.9602],[121.5661,14.9679],[121.5485,14.9909],[121.5439,15.0103],[121.5409,15.0111],[121.5416,15.0135],[121.5393,15.0123],[121.5363,15.0146],[121.5378,15.0205],[121.535,15.0259],[121.529,15.0277],[121.5264,15.0316],[121.5275,15.0351],[121.5176,15.0386],[121.5061,15.0551],[121.5042,15.0687],[121.4982,15.0773],[121.5034,15.0877],[121.4976,15.0905],[121.4979,15.0981],[121.4945,15.1037],[121.4965,15.106],[121.4938,15.1153],[121.4965,15.1184],[121.493,15.1279],[121.495,15.1363],[121.4903,15.1404],[121.4872,15.158],[121.482,15.162],[121.4808,15.1807],[121.4765,15.1833],[121.4769,15.187],[121.4655,15.1946],[121.4628,15.2011],[121.4563,15.2021],[121.448,15.1964],[121.4443,15.2048],[121.4377,15.2095],[121.4297,15.2096],[121.4274,15.2073],[121.4171,15.2169],[121.4083,15.2129],[121.4023,15.2037],[121.4022,15.1955],[121.4081,15.1829],[121.4028,15.1771],[121.4018,15.1722],[121.3979,15.1699],[121.3923,15.1752],[121.3805,15.1685],[121.3845,15.1627],[121.3847,15.1556],[121.3897,15.1622],[121.3949,15.1634],[121.4037,15.1534],[121.4007,15.1481],[121.3966,15.1463],[121.4013,15.1384],[121.3988,15.1266],[121.4002,15.1219],[121.3931,15.116],[121.3963,15.1088],[121.3945,15.1042],[121.3891,15.1047],[121.39,15.0987],[121.3854,15.0998],[121.374,15.0959],[121.3705,15.0871],[121.3765,15.0832],[121.3765,15.0805],[121.37,15.0709],[121.3617,15.0739],[121.3624,15.0681],[121.3586,15.0666],[121.3589,15.0615],[121.3513,15.0429],[121.3448,15.0402],[121.3457,15.0356],[121.3529,15.0348],[121.3521,15.0317],[121.3563,15.0275],[121.3548,15.022],[121.3571,15.017],[121.3534,15.0015],[121.3479,14.9964]]]]}},{"type":"Feature","properties":{"key":"GUINAYANGAN","name":"Guinayangan","province":"Quezon","lng":122.42585,"lat":13.90845},"geometry":{"type":"Polygon","coordinates":[[[122.51,13.7681],[122.5098,13.7769],[122.5145,13.786],[122.5122,13.795],[122.5138,13.8019],[122.5097,13.8048],[122.5098,13.8097],[122.5144,13.8135],[122.5202,13.8097],[122.5243,13.8167],[122.5143,13.8169],[122.5094,13.8197],[122.506,13.8242],[122.5052,13.8313],[122.5087,13.8329],[122.5083,13.8356],[122.502,13.8359],[122.4982,13.8453],[122.4856,13.8484],[122.4849,13.8586],[122.4804,13.8581],[122.4757,13.8622],[122.4681,13.878],[122.4584,13.8885],[122.4552,13.8945],[122.4563,13.8985],[122.4519,13.9001],[122.4513,13.9058],[122.4227,13.9312],[122.4235,13.9358],[122.4195,13.9427],[122.4215,13.9435],[122.4184,13.9544],[122.4044,13.9743],[122.3978,13.9786],[122.3933,13.9748],[122.39,13.9755],[122.3738,13.986],[122.3721,13.9895],[122.3751,13.9922],[122.3753,13.9994],[122.3733,14.0005],[122.3744,14.0059],[122.3729,14.0047],[122.3699,14.0097],[122.3756,14.0121],[122.3761,14.0164],[122.3803,14.0208],[122.3739,14.0226],[122.3772,14.0268],[122.3729,14.0305],[122.3789,14.039],[122.3768,14.043],[122.3818,14.0488],[122.3859,14.0448],[122.3884,14.0462],[122.3875,14.0491],[122.3902,14.0473],[122.3916,14.05],[122.3958,14.0497],[122.3966,14.0472],[122.3995,14.0488],[122.4015,14.0453],[122.3999,14.0417],[122.4026,14.043],[122.4109,14.037],[122.4127,14.0399],[122.4178,14.04],[122.4232,14.0367],[122.4274,14.0386],[122.4272,14.0442],[122.4299,14.0478],[122.4281,14.0492],[122.4308,14.0523],[122.4374,14.0509],[122.4372,14.0569],[122.4423,14.0543],[122.4391,14.0617],[122.4361,14.0621],[122.4393,14.0714],[122.4354,14.0759],[122.4306,14.1046],[122.4227,14.108],[122.4183,14.0972],[122.4105,14.097],[122.4085,14.0906],[122.3962,14.0847],[122.3838,14.0666],[122.3587,14.0454],[122.3527,14.0265],[122.3532,14.0102],[122.3421,14.006],[122.3455,13.9835],[122.3636,13.9519],[122.3922,13.9143],[122.3905,13.9033],[122.3993,13.8624],[122.3946,13.8169],[122.4289,13.8],[122.4432,13.8019],[122.455,13.7911],[122.4613,13.7908],[122.4776,13.7816],[122.4882,13.7666],[122.4975,13.7643],[122.51,13.7681]]]}},{"type":"Feature","properties":{"key":"GUMACA","name":"Gumaca","province":"Quezon","lng":122.12368,"lat":13.87673},"geometry":{"type":"Polygon","coordinates":[[[122.0296,13.8975],[122.0311,13.8935],[122.035,13.8939],[122.0347,13.8904],[122.0363,13.8914],[122.0359,13.8891],[122.0436,13.8832],[122.0402,13.8783],[122.0426,13.8745],[122.0404,13.8708],[122.0417,13.8661],[122.0485,13.8627],[122.0598,13.8497],[122.0576,13.8404],[122.0619,13.8385],[122.0577,13.8337],[122.059,13.8287],[122.0655,13.8252],[122.0665,13.822],[122.0731,13.8268],[122.0727,13.8306],[122.0672,13.8343],[122.0698,13.838],[122.0684,13.8401],[122.0711,13.8404],[122.0647,13.8495],[122.0692,13.8499],[122.0709,13.8464],[122.0799,13.8511],[122.0913,13.8487],[122.0945,13.8535],[122.1111,13.8584],[122.1124,13.8608],[122.1185,13.8606],[122.1196,13.8564],[122.1136,13.8552],[122.113,13.8483],[122.115,13.8465],[122.1224,13.8477],[122.1235,13.835],[122.1324,13.8359],[122.1338,13.8298],[122.1415,13.8224],[122.1414,13.8099],[122.1369,13.8092],[122.1353,13.8064],[122.1381,13.7991],[122.1436,13.7958],[122.1459,13.7907],[122.154,13.801],[122.1639,13.8019],[122.175,13.8103],[122.1768,13.8083],[122.1796,13.808],[122.1797,13.8105],[122.196,13.8076],[122.2077,13.8704],[122.2048,13.8726],[122.2053,13.8783],[122.202,13.8796],[122.2004,13.8777],[122.1919,13.8881],[122.1934,13.8947],[122.2063,13.8931],[122.2062,13.8974],[122.2092,13.9006],[122.211,13.8993],[122.2094,13.9013],[122.2111,13.9022],[122.2046,13.905],[122.2024,13.91],[122.198,13.9084],[122.1894,13.9155],[122.1862,13.9136],[122.1831,13.9166],[122.1692,13.9133],[122.1528,13.9203],[122.1388,13.9127],[122.1348,13.9162],[122.1276,13.9149],[122.1259,13.9198],[122.1138,13.9236],[122.1119,13.9265],[122.106,13.9223],[122.0983,13.9226],[122.0997,13.9242],[122.097,13.9298],[122.09,13.9339],[122.0585,13.9398],[122.0356,13.9477],[122.0265,13.954],[122.0294,13.9445],[122.0279,13.9422],[122.035,13.9373],[122.0312,13.9294],[122.0388,13.9222],[122.0399,13.9142],[122.0475,13.9074],[122.0347,13.9008],[122.0339,13.8955],[122.0322,13.8986],[122.0296,13.8975]]]}},{"type":"Feature","properties":{"key":"INFANTA","name":"Infanta","province":"Quezon","lng":121.58628,"lat":14.67556},"geometry":{"type":"MultiPolygon","coordinates":[[[[121.452,14.5958],[121.4807,14.5568],[121.4808,14.5472],[121.4863,14.5409],[121.5593,14.6583],[121.5785,14.6756],[121.5896,14.6922],[121.6041,14.6883],[121.6129,14.6886],[121.6129,14.6844],[121.617,14.6823],[121.6199,14.6827],[121.6198,14.6859],[121.6218,14.6835],[121.6317,14.6855],[121.6329,14.682],[121.6355,14.6845],[121.6439,14.6817],[121.6504,14.6857],[121.6551,14.6863],[121.6592,14.6837],[121.6629,14.6888],[121.6716,14.6916],[121.67,14.6947],[121.6657,14.6899],[121.6685,14.6918],[121.6677,14.6952],[121.6713,14.6961],[121.6736,14.693],[121.6894,14.697],[121.6909,14.6994],[121.6817,14.6979],[121.6795,14.7015],[121.6791,14.6963],[121.6764,14.6986],[121.6792,14.7022],[121.6829,14.6989],[121.685,14.7039],[121.6866,14.7012],[121.691,14.7008],[121.6972,14.7042],[121.6975,14.701],[121.6952,14.703],[121.6924,14.6988],[121.702,14.7033],[121.7041,14.702],[121.7017,14.7017],[121.7141,14.6986],[121.7179,14.693],[121.7228,14.6908],[121.7297,14.6911],[121.7345,14.6949],[121.7104,14.7257],[121.6774,14.752],[121.6618,14.7689],[121.6599,14.7656],[121.6616,14.7693],[121.6592,14.7751],[121.6569,14.7764],[121.6557,14.7742],[121.6551,14.7768],[121.6393,14.7649],[121.6339,14.7497],[121.6289,14.7479],[121.6181,14.7528],[121.6107,14.748],[121.608,14.7411],[121.6093,14.7319],[121.604,14.7251],[121.6007,14.7128],[121.5908,14.7081],[121.589,14.7003],[121.5852,14.6996],[121.58,14.7032],[121.5734,14.6975],[121.5616,14.6996],[121.5619,14.6928],[121.5508,14.6943],[121.552,14.6866],[121.5392,14.6953],[121.5273,14.6913],[121.5234,14.6871],[121.5259,14.6816],[121.521,14.6841],[121.5185,14.6822],[121.5159,14.6769],[121.5191,14.6731],[121.5145,14.6715],[121.5142,14.6658],[121.5085,14.6623],[121.5074,14.6541],[121.5032,14.6526],[121.505,14.6466],[121.5012,14.6406],[121.5052,14.6306],[121.5025,14.6289],[121.4977,14.6331],[121.4946,14.6179],[121.4831,14.6198],[121.4814,14.6139],[121.4765,14.6105],[121.4715,14.6155],[121.4668,14.6148],[121.4656,14.6058],[121.4569,14.605],[121.4578,14.5986],[121.452,14.5958]]],[[[121.6569,14.7787],[121.6582,14.7771],[121.6574,14.7791],[121.6569,14.7787]]]]}},{"type":"Feature","properties":{"key":"JOMALIG","name":"Jomalig","province":"Quezon","lng":122.37637,"lat":14.70063},"geometry":{"type":"Polygon","coordinates":[[[122.4036,14.7338],[122.3817,14.7296],[122.3726,14.7175],[122.36,14.7123],[122.3337,14.7114],[122.3272,14.7064],[122.3248,14.701],[122.3138,14.6949],[122.3147,14.6921],[122.3097,14.6891],[122.3066,14.6765],[122.3136,14.6776],[122.327,14.6747],[122.3356,14.6794],[122.3502,14.6815],[122.3871,14.6804],[122.4212,14.6871],[122.4362,14.6952],[122.4385,14.7017],[122.4344,14.7097],[122.4147,14.7202],[122.4115,14.7284],[122.4036,14.7338]]]}},{"type":"Feature","properties":{"key":"LOPEZ","name":"Lopez","province":"Quezon","lng":122.29721,"lat":13.83668},"geometry":{"type":"MultiPolygon","coordinates":[[[[122.2163,13.9451],[122.2144,13.944],[122.2163,13.9429],[122.2163,13.9451]]],[[[122.3946,13.8169],[122.3993,13.8624],[122.3882,13.907],[122.3773,13.9011],[122.3735,13.9026],[122.3737,13.8989],[122.3698,13.8985],[122.3689,13.9029],[122.3635,13.9046],[122.3567,13.9142],[122.346,13.9071],[122.3459,13.8977],[122.3308,13.8995],[122.3279,13.8957],[122.3203,13.8982],[122.3158,13.9031],[122.3156,13.9074],[122.3065,13.9121],[122.3009,13.9049],[122.2983,13.9093],[122.2894,13.9114],[122.2894,13.9153],[122.2837,13.9191],[122.2797,13.9269],[122.2758,13.9279],[122.276,13.9234],[122.2669,13.9281],[122.2605,13.9468],[122.2494,13.9517],[122.2425,13.9607],[122.2255,13.9668],[122.2242,13.9727],[122.2154,13.9734],[122.2152,13.9769],[122.2047,13.9834],[122.2006,13.9896],[122.1944,13.9911],[122.1851,13.9887],[122.1838,13.9818],[122.1899,13.9811],[122.1913,13.972],[122.1997,13.96],[122.2029,13.9604],[122.2137,13.9498],[122.2207,13.9486],[122.2221,13.9426],[122.2302,13.9458],[122.2394,13.9459],[122.2376,13.9425],[122.2432,13.9437],[122.2484,13.9331],[122.2439,13.9231],[122.2461,13.9207],[122.2424,13.9151],[122.2438,13.9119],[122.2406,13.9098],[122.2419,13.9079],[122.2343,13.9057],[122.2368,13.901],[122.2349,13.8961],[122.2314,13.8948],[122.2291,13.8984],[122.2111,13.9022],[122.2094,13.9013],[122.211,13.8993],[122.2092,13.9006],[122.2062,13.8974],[122.2063,13.8931],[122.1934,13.8947],[122.193,13.8851],[122.1965,13.8849],[122.2004,13.8777],[122.202,13.8796],[122.2053,13.8783],[122.2048,13.8726],[122.2077,13.8704],[122.196,13.8076],[122.3009,13.7294],[122.3646,13.7181],[122.3683,13.736],[122.36,13.7517],[122.3641,13.7608],[122.3638,13.7676],[122.3683,13.7694],[122.3666,13.7752],[122.3901,13.7931],[122.3941,13.7936],[122.3946,13.8169]]]]}},{"type":"Feature","properties":{"key":"LUCBAN","name":"Lucban","province":"Quezon","lng":121.56962,"lat":14.11083},"geometry":{"type":"Polygon","coordinates":[[[121.6577,14.1013],[121.6714,14.102],[121.6752,14.1056],[121.6731,14.1205],[121.6545,14.1243],[121.6417,14.1185],[121.6384,14.1192],[121.6333,14.1249],[121.6217,14.1293],[121.6132,14.138],[121.6078,14.1395],[121.609,14.1465],[121.6056,14.1496],[121.608,14.1513],[121.6076,14.1591],[121.5886,14.16],[121.5802,14.1632],[121.5758,14.1593],[121.5709,14.1584],[121.5678,14.1621],[121.5649,14.1596],[121.5514,14.1653],[121.5484,14.1714],[121.5433,14.1727],[121.5437,14.1749],[121.5347,14.1749],[121.5254,14.1703],[121.5283,14.1643],[121.5344,14.1633],[121.5353,14.1571],[121.5315,14.1589],[121.5257,14.1454],[121.5132,14.1489],[121.5178,14.1257],[121.5152,14.1095],[121.505,14.0907],[121.4921,14.0733],[121.4862,14.0704],[121.506,14.0574],[121.5122,14.0589],[121.5205,14.0565],[121.5272,14.061],[121.5521,14.0621],[121.5544,14.0654],[121.5647,14.0617],[121.5741,14.0658],[121.5823,14.0623],[121.588,14.063],[121.5936,14.0716],[121.5925,14.074],[121.6009,14.0753],[121.602,14.0839],[121.6103,14.0831],[121.6275,14.0956],[121.6577,14.1013]]]}},{"type":"Feature","properties":{"key":"MACALELON","name":"Macalelon","province":"Quezon","lng":122.18575,"lat":13.76027},"geometry":{"type":"Polygon","coordinates":[[[122.275,13.7484],[122.196,13.8076],[122.1797,13.8105],[122.1796,13.808],[122.175,13.8103],[122.1684,13.807],[122.1639,13.8019],[122.154,13.801],[122.1459,13.7907],[122.1386,13.7904],[122.1309,13.7736],[122.1168,13.7587],[122.133,13.7453],[122.1292,13.7403],[122.1374,13.7262],[122.1377,13.7203],[122.1419,13.7181],[122.1416,13.7146],[122.1459,13.7131],[122.1504,13.7203],[122.1492,13.7162],[122.1531,13.7149],[122.1578,13.7151],[122.1595,13.7184],[122.1625,13.7167],[122.1637,13.7216],[122.1705,13.7259],[122.1766,13.723],[122.1791,13.7251],[122.1779,13.7213],[122.1803,13.7185],[122.1867,13.7182],[122.1888,13.7209],[122.1919,13.719],[122.1908,13.715],[122.1957,13.7165],[122.195,13.7192],[122.2016,13.7231],[122.2129,13.7212],[122.2121,13.7273],[122.2151,13.7289],[122.2186,13.7264],[122.2179,13.7306],[122.2219,13.7315],[122.222,13.7346],[122.2257,13.7317],[122.2338,13.7327],[122.242,13.7394],[122.2394,13.7417],[122.2454,13.7428],[122.2462,13.7452],[122.2552,13.7447],[122.2608,13.7492],[122.275,13.7484]]]}},{"type":"Feature","properties":{"key":"MAUBAN","name":"Mauban","province":"Quezon","lng":121.69994,"lat":14.2296},"geometry":{"type":"MultiPolygon","coordinates":[[[[121.8263,14.3063],[121.8156,14.3035],[121.8039,14.2927],[121.808,14.2887],[121.8061,14.2831],[121.807,14.2715],[121.8165,14.268],[121.8203,14.2595],[121.8171,14.2506],[121.8208,14.2488],[121.832,14.2601],[121.8318,14.2682],[121.8397,14.2749],[121.8391,14.2802],[121.8486,14.2869],[121.8515,14.2985],[121.8372,14.2991],[121.8287,14.3025],[121.8263,14.3063]]],[[[121.8323,14.0781],[121.8237,14.0823],[121.8054,14.0994],[121.7706,14.1256],[121.7691,14.1239],[121.7458,14.1497],[121.7296,14.1774],[121.7334,14.1752],[121.7314,14.184],[121.7339,14.1912],[121.7373,14.1894],[121.7357,14.1928],[121.7455,14.1958],[121.7494,14.2061],[121.7539,14.2043],[121.7524,14.22],[121.7546,14.2256],[121.7593,14.2262],[121.7582,14.2306],[121.7617,14.2287],[121.7616,14.2309],[121.7579,14.2315],[121.7597,14.2338],[121.7583,14.2473],[121.7435,14.2602],[121.735,14.2643],[121.7286,14.2741],[121.7293,14.2847],[121.7342,14.2907],[121.7325,14.2917],[121.7346,14.2977],[121.7344,14.306],[121.7316,14.3075],[121.7331,14.3094],[121.7277,14.3263],[121.7202,14.3374],[121.7163,14.3384],[121.7176,14.3404],[121.6921,14.3642],[121.6803,14.3812],[121.6613,14.395],[121.6575,14.4061],[121.6592,14.4232],[121.6539,14.4307],[121.6521,14.4423],[121.6382,14.437],[121.6216,14.4219],[121.6148,14.4225],[121.5981,14.4144],[121.5961,14.4088],[121.5988,14.3955],[121.6257,14.3925],[121.6285,14.3594],[121.6275,14.3282],[121.6293,14.3083],[121.6345,14.2898],[121.6341,14.2677],[121.6384,14.2617],[121.6387,14.2535],[121.6417,14.2549],[121.6403,14.2447],[121.644,14.2437],[121.6503,14.2254],[121.6457,14.1993],[121.6527,14.1971],[121.6546,14.1923],[121.6593,14.1918],[121.6748,14.1794],[121.6776,14.1823],[121.6827,14.1816],[121.6832,14.1746],[121.681,14.1706],[121.6834,14.1622],[121.6805,14.1569],[121.6773,14.1564],[121.6733,14.1606],[121.6695,14.1569],[121.6701,14.1528],[121.6629,14.1479],[121.6587,14.1411],[121.6599,14.139],[121.6494,14.1333],[121.6469,14.1294],[121.6451,14.1202],[121.6545,14.1243],[121.6657,14.1231],[121.6731,14.1205],[121.6734,14.114],[121.6756,14.1134],[121.6752,14.1056],[121.6714,14.102],[121.6577,14.1013],[121.657,14.0929],[121.6627,14.0903],[121.6644,14.0853],[121.6744,14.0963],[121.6843,14.0981],[121.6905,14.0972],[121.6929,14.0933],[121.694,14.0949],[121.6968,14.0946],[121.6955,14.0926],[121.7033,14.0927],[121.7097,14.0879],[121.7188,14.0951],[121.7272,14.0896],[121.7419,14.0862],[121.7467,14.0794],[121.746,14.0769],[121.7507,14.072],[121.7496,14.07],[121.7526,14.0691],[121.7545,14.061],[121.7471,14.0608],[121.7419,14.0567],[121.8061,14.0485],[121.8216,14.0558],[121.8257,14.0604],[121.8323,14.0781]]]]}},{"type":"Feature","properties":{"key":"MULANAY","name":"Mulanay","province":"Quezon","lng":122.45752,"lat":13.52547},"geometry":{"type":"Polygon","coordinates":[[[122.3662,13.5483],[122.3827,13.5344],[122.4019,13.5242],[122.4037,13.5206],[122.4024,13.5135],[122.4071,13.5083],[122.4046,13.5029],[122.4111,13.4932],[122.4133,13.4839],[122.4286,13.47],[122.4318,13.4624],[122.445,13.4522],[122.4467,13.4539],[122.4502,13.4442],[122.4728,13.42],[122.4878,13.4106],[122.4903,13.403],[122.494,13.4047],[122.4934,13.4103],[122.5035,13.4121],[122.5062,13.4193],[122.5174,13.4277],[122.5347,13.4362],[122.5481,13.4384],[122.5551,13.4464],[122.5485,13.4781],[122.5444,13.4865],[122.5417,13.487],[122.5427,13.4924],[122.5376,13.4938],[122.5392,13.4945],[122.5361,13.4969],[122.5338,13.5059],[122.5243,13.5079],[122.5167,13.5187],[122.5099,13.536],[122.4947,13.5547],[122.5003,13.5631],[122.4799,13.5793],[122.4717,13.5929],[122.4658,13.595],[122.4569,13.6107],[122.4571,13.6196],[122.448,13.6353],[122.4393,13.6448],[122.4149,13.6517],[122.4037,13.651],[122.3967,13.6384],[122.3966,13.6191],[122.3904,13.617],[122.3859,13.5987],[122.3834,13.6011],[122.3807,13.5987],[122.3782,13.6006],[122.379,13.5961],[122.3738,13.592],[122.3824,13.582],[122.3797,13.5757],[122.3836,13.5709],[122.378,13.5682],[122.3795,13.5667],[122.3776,13.5643],[122.3698,13.5629],[122.3708,13.5604],[122.3665,13.5557],[122.3689,13.5539],[122.3663,13.5534],[122.3662,13.5483]]]}},{"type":"Feature","properties":{"key":"PADRE BURGOS","name":"Padre Burgos","province":"Quezon","lng":121.85212,"lat":13.92889},"geometry":{"type":"MultiPolygon","coordinates":[[[[121.7849,13.9095],[121.7893,13.9069],[121.7905,13.9012],[121.7848,13.8923],[121.7838,13.8807],[121.7808,13.8793],[121.7922,13.8801],[121.8022,13.8989],[121.7938,13.9112],[121.7849,13.9095]]],[[[121.9198,13.9235],[121.9079,13.9229],[121.9003,13.9295],[121.894,13.9298],[121.8911,13.9279],[121.8828,13.929],[121.8782,13.9274],[121.8771,13.9231],[121.8714,13.9224],[121.8621,13.9342],[121.8657,13.9412],[121.858,13.9451],[121.8558,13.9566],[121.8538,13.957],[121.862,13.9713],[121.8503,13.979],[121.8426,13.9704],[121.8389,13.9714],[121.8255,13.9853],[121.8197,13.9883],[121.8143,13.9768],[121.8002,13.9733],[121.8015,13.9534],[121.7996,13.9457],[121.8025,13.9478],[121.8184,13.9395],[121.8158,13.9333],[121.818,13.9274],[121.8122,13.9218],[121.8107,13.919],[121.8127,13.9168],[121.8096,13.9136],[121.8147,13.9123],[121.8161,13.9076],[121.8216,13.9056],[121.8224,13.8996],[121.8259,13.9014],[121.8289,13.8994],[121.8227,13.8932],[121.8257,13.8917],[121.8302,13.9002],[121.8369,13.9026],[121.8445,13.8908],[121.8445,13.9006],[121.8492,13.9023],[121.8496,13.8981],[121.8549,13.8953],[121.8569,13.8898],[121.8552,13.8852],[121.8625,13.8883],[121.8701,13.8945],[121.8703,13.8973],[121.8788,13.8898],[121.8818,13.8886],[121.8834,13.8905],[121.8836,13.8827],[121.8893,13.8771],[121.8919,13.8815],[121.8971,13.8836],[121.9065,13.88],[121.9071,13.8894],[121.9113,13.8927],[121.9069,13.8988],[121.9111,13.9015],[121.9071,13.9093],[121.9198,13.9235]]]]}},{"type":"Feature","properties":{"key":"PAGBILAO","name":"Pagbilao","province":"Quezon","lng":121.72327,"lat":13.99182},"geometry":{"type":"MultiPolygon","coordinates":[[[[121.7786,13.9017],[121.7778,13.9008],[121.779,13.9],[121.7786,13.9017]]],[[[121.7853,13.9106],[121.789,13.9212],[121.7914,13.9221],[121.788,13.9301],[121.7911,13.932],[121.7885,13.9355],[121.7904,13.9388],[121.7806,13.9374],[121.7556,13.9433],[121.7473,13.9422],[121.7464,13.9363],[121.7542,13.9344],[121.7546,13.9283],[121.751,13.9257],[121.7531,13.9236],[121.7488,13.9199],[121.7383,13.9191],[121.7438,13.9153],[121.7424,13.9122],[121.7469,13.9103],[121.746,13.9083],[121.7426,13.9096],[121.7443,13.9073],[121.7423,13.9061],[121.745,13.9041],[121.7387,13.9001],[121.7454,13.8881],[121.7548,13.8837],[121.7564,13.8853],[121.7548,13.8915],[121.7581,13.888],[121.7603,13.8925],[121.77,13.8951],[121.7728,13.8969],[121.7736,13.9021],[121.7753,13.9014],[121.7796,13.908],[121.7853,13.9106]]],[[[121.7166,13.9517],[121.7164,13.9454],[121.7187,13.945],[121.7203,13.9487],[121.7166,13.9517]]],[[[121.7402,14.0554],[121.7266,14.0504],[121.7205,14.0442],[121.708,14.0465],[121.6915,14.0351],[121.6853,14.0274],[121.6572,14.0181],[121.653,14.0099],[121.645,14.0055],[121.6461,13.9995],[121.6345,13.9838],[121.6405,13.9813],[121.6408,13.9729],[121.6497,13.9714],[121.6529,13.9674],[121.6486,13.9575],[121.6525,13.9554],[121.652,13.9501],[121.6899,13.9257],[121.6927,13.9262],[121.6901,13.9205],[121.6953,13.9184],[121.7023,13.9224],[121.704,13.9209],[121.704,13.9236],[121.7083,13.9223],[121.7036,13.9253],[121.7041,13.929],[121.7016,13.928],[121.6983,13.9313],[121.7003,13.9358],[121.6976,13.9382],[121.697,13.9458],[121.6886,13.9499],[121.6952,13.9569],[121.696,13.9623],[121.7005,13.9648],[121.7062,13.959],[121.7087,13.9676],[121.7138,13.9708],[121.7418,13.9653],[121.7504,13.9689],[121.757,13.9627],[121.7622,13.9616],[121.771,13.9465],[121.7842,13.9392],[121.7872,13.9411],[121.788,13.9395],[121.7856,13.9454],[121.7886,13.9457],[121.7898,13.9494],[121.7996,13.9457],[121.8015,13.9534],[121.8002,13.9733],[121.8143,13.9768],[121.8197,13.9883],[121.7923,14.0083],[121.7402,14.0554]]]]}},{"type":"Feature","properties":{"key":"PANUKULAN","name":"Panukulan","province":"Quezon","lng":121.87989,"lat":14.97242},"geometry":{"type":"Polygon","coordinates":[[[121.9467,15.0435],[121.9361,15.0399],[121.936,15.0439],[121.9401,15.0481],[121.9362,15.0532],[121.9377,15.0547],[121.9341,15.0564],[121.935,15.0589],[121.9316,15.0564],[121.9323,15.0537],[121.9259,15.0493],[121.9125,15.0462],[121.9107,15.0428],[121.9034,15.0405],[121.9006,15.0372],[121.9018,15.0352],[121.8968,15.0376],[121.8929,15.0363],[121.8902,15.0322],[121.8913,15.0277],[121.8848,15.0284],[121.8803,15.0368],[121.8809,15.0314],[121.8778,15.0348],[121.8717,15.0301],[121.8671,15.0299],[121.8651,15.0214],[121.8638,15.0314],[121.8582,15.0276],[121.8563,15.0397],[121.8369,15.0392],[121.8298,15.0227],[121.8275,15.0224],[121.8339,15.0191],[121.8323,15.0182],[121.8346,15.0141],[121.832,15.0108],[121.8357,15.006],[121.829,15.0129],[121.8267,15.0111],[121.8334,15.0038],[121.835,14.9992],[121.8326,14.9973],[121.8366,14.9966],[121.8362,14.992],[121.8401,14.9888],[121.8353,14.9816],[121.8319,14.9829],[121.837,14.9887],[121.8341,14.9902],[121.8349,14.9951],[121.8306,14.9969],[121.8304,14.9934],[121.828,14.995],[121.8272,14.9914],[121.8246,14.9945],[121.8315,14.9994],[121.8318,15.0033],[121.8219,15.0044],[121.8201,15.0025],[121.8132,14.9817],[121.818,14.9711],[121.8097,14.9609],[121.8099,14.9515],[121.8015,14.9363],[121.8056,14.926],[121.8142,14.9241],[121.8147,14.9319],[121.8208,14.9372],[121.823,14.937],[121.8263,14.9294],[121.8308,14.9284],[121.8332,14.9468],[121.8312,14.9489],[121.8268,14.9478],[121.8233,14.9563],[121.8305,14.9528],[121.8343,14.9556],[121.839,14.9444],[121.8346,14.937],[121.8345,14.9321],[121.8419,14.9256],[121.8547,14.9221],[121.8508,14.9187],[121.8525,14.9146],[121.8492,14.9129],[121.8498,14.9099],[121.866,14.8861],[121.9199,14.9044],[121.9228,14.9134],[121.9195,14.9328],[121.9225,14.9444],[121.9395,14.9687],[121.9418,14.991],[121.9377,15.0104],[121.9382,15.0154],[121.9405,15.0165],[121.938,15.0269],[121.945,15.0316],[121.9415,15.0332],[121.945,15.0363],[121.9436,15.0387],[121.9467,15.0435]]]}},{"type":"Feature","properties":{"key":"PATNANUNGAN","name":"Patnanungan","province":"Quezon","lng":122.18649,"lat":14.79458},"geometry":{"type":"MultiPolygon","coordinates":[[[[122.2626,14.8056],[122.2623,14.8034],[122.2643,14.8023],[122.2645,14.8049],[122.2626,14.8056]]],[[[122.2466,14.8257],[122.2532,14.8056],[122.2584,14.809],[122.2466,14.8257]]],[[[122.1507,14.8427],[122.1489,14.8425],[122.1474,14.84],[122.1517,14.8403],[122.1507,14.8427]]],[[[122.2127,14.8442],[122.21,14.8431],[122.2116,14.8426],[122.2127,14.8442]]],[[[122.1836,14.8451],[122.1753,14.8376],[122.1725,14.8403],[122.1664,14.8389],[122.1653,14.834],[122.1584,14.8383],[122.1481,14.8357],[122.1474,14.8293],[122.1374,14.8282],[122.1332,14.8285],[122.129,14.8326],[122.1313,14.8349],[122.1249,14.8418],[122.1229,14.8408],[122.1234,14.836],[122.1179,14.8352],[122.1171,14.8402],[122.1059,14.8374],[122.1059,14.8348],[122.0936,14.8422],[122.0962,14.8325],[122.101,14.8291],[122.1059,14.8189],[122.1041,14.8125],[122.1057,14.8071],[122.1145,14.7996],[122.1252,14.7966],[122.139,14.7974],[122.1503,14.7924],[122.1837,14.7672],[122.1913,14.7637],[122.1946,14.7655],[122.2104,14.7541],[122.2293,14.7509],[122.2416,14.738],[122.2433,14.7207],[122.2548,14.7248],[122.2586,14.7299],[122.2595,14.7592],[122.2576,14.7648],[122.2504,14.772],[122.259,14.7791],[122.261,14.7832],[122.2594,14.7878],[122.2571,14.7915],[122.2482,14.7884],[122.2513,14.7917],[122.2495,14.7932],[122.2475,14.7896],[122.2429,14.7945],[122.232,14.7857],[122.2329,14.7874],[122.2285,14.7907],[122.2019,14.8005],[122.1976,14.8063],[122.192,14.8058],[122.1903,14.8114],[122.1962,14.8142],[122.2,14.8131],[122.1999,14.8195],[122.2024,14.8186],[122.2034,14.8252],[122.2124,14.8332],[122.2139,14.8411],[122.2098,14.8426],[122.2033,14.8395],[122.2019,14.8339],[122.1961,14.8302],[122.1929,14.8319],[122.196,14.8362],[122.1951,14.8391],[122.1913,14.8414],[122.1876,14.8371],[122.1836,14.8451]]],[[[122.1887,14.8463],[122.1871,14.8458],[122.1883,14.8438],[122.1894,14.8447],[122.1887,14.8463]]],[[[122.1402,14.8463],[122.1335,14.846],[122.1323,14.8437],[122.1309,14.8455],[122.1285,14.8419],[122.1295,14.8359],[122.1337,14.8353],[122.1347,14.8379],[122.1403,14.8394],[122.1402,14.8463]]],[[[122.1939,14.8482],[122.1935,14.8471],[122.1953,14.8469],[122.1939,14.8482]]],[[[122.21,14.8512],[122.2075,14.848],[122.2131,14.8476],[122.21,14.8512]]],[[[122.2094,14.869],[122.205,14.8665],[122.2053,14.8653],[122.2117,14.8659],[122.2094,14.869]]]]}},{"type":"Feature","properties":{"key":"PEREZ","name":"Perez","province":"Quezon","lng":121.95841,"lat":14.17806},"geometry":{"type":"MultiPolygon","coordinates":[[[[121.9873,14.1849],[121.956,14.2103],[121.955,14.214],[121.9346,14.2333],[121.9289,14.2357],[121.9128,14.1913],[121.9142,14.188],[121.9173,14.1878],[121.9154,14.1937],[121.9185,14.1954],[121.9264,14.1912],[121.9448,14.1586],[121.9492,14.1561],[121.9499,14.1511],[121.9535,14.1509],[121.9662,14.131],[121.9742,14.1259],[121.9746,14.1228],[121.99,14.1367],[121.9943,14.136],[122.0031,14.1444],[122.0018,14.1501],[121.9831,14.1813],[121.9873,14.1849]]],[[[121.9012,14.2434],[121.8999,14.2425],[121.9027,14.2425],[121.9012,14.2434]]]]}},{"type":"Feature","properties":{"key":"PITOGO","name":"Pitogo","province":"Quezon","lng":122.09129,"lat":13.80964},"geometry":{"type":"Polygon","coordinates":[[[122.0619,13.8276],[122.0579,13.8265],[122.0554,13.8179],[122.0503,13.8209],[122.0516,13.8259],[122.0494,13.8285],[122.044,13.8234],[122.042,13.8277],[122.0326,13.8235],[122.035,13.8097],[122.0327,13.8081],[122.0291,13.8102],[122.023,13.7982],[122.0281,13.7936],[122.0436,13.788],[122.0476,13.7816],[122.0532,13.7807],[122.0534,13.7757],[122.0619,13.7746],[122.0676,13.7804],[122.0709,13.7786],[122.0741,13.7803],[122.0718,13.7852],[122.0751,13.7884],[122.0759,13.7851],[122.0793,13.785],[122.0766,13.792],[122.0791,13.7922],[122.0907,13.7798],[122.0933,13.7841],[122.0986,13.7853],[122.1002,13.7794],[122.1043,13.7788],[122.1008,13.7756],[122.1014,13.7702],[122.113,13.7635],[122.1168,13.7587],[122.1309,13.7736],[122.1386,13.7904],[122.1459,13.7907],[122.1436,13.7958],[122.1381,13.7991],[122.1353,13.8064],[122.1369,13.8092],[122.1414,13.8099],[122.1415,13.8224],[122.1338,13.8298],[122.1324,13.8359],[122.1235,13.835],[122.1224,13.8477],[122.115,13.8465],[122.113,13.8483],[122.1136,13.8552],[122.1196,13.8564],[122.1185,13.8606],[122.1124,13.8608],[122.1111,13.8584],[122.0945,13.8535],[122.0913,13.8487],[122.0799,13.8511],[122.0709,13.8464],[122.0692,13.8499],[122.0647,13.8495],[122.0711,13.8404],[122.0684,13.8401],[122.0698,13.838],[122.0672,13.8343],[122.0727,13.8306],[122.0731,13.8268],[122.0665,13.822],[122.0619,13.8276]]]}},{"type":"Feature","properties":{"key":"PLARIDEL","name":"Plaridel","province":"Quezon","lng":122.01315,"lat":13.94106},"geometry":{"type":"Polygon","coordinates":[[[122.0399,13.9142],[122.0388,13.9222],[122.0312,13.9294],[122.035,13.9373],[122.0279,13.9422],[122.0294,13.9445],[122.0265,13.954],[122.0065,13.962],[121.9893,13.9775],[121.9849,13.9737],[121.9866,13.971],[121.9822,13.9666],[121.985,13.9678],[121.9854,13.9647],[121.9885,13.9648],[121.9877,13.9623],[121.9918,13.9606],[121.9909,13.957],[121.9953,13.9536],[122.0025,13.9552],[122.0042,13.9518],[122.0006,13.9471],[122.0028,13.9426],[121.9942,13.9414],[121.9947,13.9359],[122.0112,13.9206],[122.0099,13.9178],[122.02,13.915],[122.0219,13.9116],[122.0235,13.9157],[122.0399,13.9142]]]}},{"type":"Feature","properties":{"key":"POLILLO","name":"Polillo","province":"Quezon","lng":121.95198,"lat":14.74385},"geometry":{"type":"MultiPolygon","coordinates":[[[[122.0439,14.4395],[122.0432,14.4385],[122.045,14.4382],[122.0439,14.4395]]],[[[122.0471,14.4403],[122.0457,14.4395],[122.047,14.4384],[122.0471,14.4403]]],[[[122.0314,14.4454],[122.0284,14.4442],[122.0266,14.4381],[122.0337,14.4204],[122.0336,14.394],[122.0401,14.4162],[122.0459,14.424],[122.0415,14.4269],[122.042,14.4346],[122.0395,14.4399],[122.0314,14.4454]]],[[[121.9199,14.9044],[121.866,14.8861],[121.8727,14.8771],[121.8785,14.8355],[121.8936,14.8122],[121.9054,14.8031],[121.9089,14.8032],[121.9167,14.7853],[121.914,14.7784],[121.9193,14.7739],[121.918,14.7684],[121.9213,14.7601],[121.927,14.7562],[121.9311,14.7482],[121.9311,14.7403],[121.9365,14.7292],[121.9377,14.7204],[121.935,14.7147],[121.9379,14.7115],[121.9349,14.7067],[121.9181,14.7063],[121.9142,14.7101],[121.9144,14.7198],[121.9073,14.7247],[121.9045,14.7227],[121.903,14.679],[121.9125,14.6446],[121.9166,14.6384],[121.9297,14.6322],[121.9327,14.6279],[121.9392,14.6266],[121.9486,14.628],[121.9593,14.6396],[121.9665,14.6425],[121.9747,14.6418],[121.9847,14.6545],[121.9969,14.6646],[122.004,14.6674],[122.0067,14.6743],[122.0109,14.6751],[122.0202,14.6915],[122.0219,14.7028],[122.0283,14.7046],[122.0362,14.7129],[122.0357,14.7188],[122.0279,14.7295],[122.0308,14.7389],[122.0265,14.7503],[122.0276,14.7615],[122.0213,14.7644],[122.0248,14.7726],[122.0255,14.7868],[122.0218,14.7835],[121.992,14.7802],[121.9607,14.7815],[121.9415,14.8096],[121.9251,14.8285],[121.9229,14.835],[121.9161,14.8398],[121.9155,14.8696],[121.9199,14.9044]]]]}},{"type":"Feature","properties":{"key":"QUEZON","name":"Quezon","province":"Quezon","lng":122.12387,"lat":14.05543},"geometry":{"type":"MultiPolygon","coordinates":[[[[122.072,14.0582],[122.0736,14.0582],[122.0731,14.0605],[122.072,14.0582]]],[[[122.0732,14.0606],[122.0751,14.0556],[122.0814,14.056],[122.0855,14.0518],[122.0908,14.0515],[122.0928,14.0461],[122.1045,14.0394],[122.1127,14.0274],[122.1198,14.0275],[122.1266,14.0196],[122.1333,14.0202],[122.1464,14.0087],[122.1525,14.0083],[122.1537,14.0102],[122.1587,14.0013],[122.1662,14.0029],[122.1667,14.0002],[122.1709,14.0002],[122.1808,14.0047],[122.1851,14.004],[122.189,14.0083],[122.1867,14.0229],[122.1713,14.0458],[122.1671,14.0471],[122.1505,14.0645],[122.1394,14.0675],[122.1292,14.0859],[122.0993,14.1008],[122.0796,14.1146],[122.0757,14.1146],[122.0715,14.1186],[122.0725,14.1209],[122.0642,14.127],[122.0582,14.122],[122.0736,14.1005],[122.0684,14.0964],[122.0777,14.0715],[122.0778,14.0667],[122.0732,14.0606]]]]}},{"type":"Feature","properties":{"key":"REAL","name":"Real","province":"Quezon","lng":121.58113,"lat":14.51001},"geometry":{"type":"MultiPolygon","coordinates":[[[[121.6218,14.6835],[121.6163,14.6767],[121.621,14.6772],[121.6207,14.6741],[121.6256,14.6781],[121.6238,14.6726],[121.6282,14.6743],[121.6303,14.6706],[121.6283,14.6703],[121.6374,14.667],[121.6327,14.6635],[121.6275,14.6667],[121.6259,14.6627],[121.6285,14.661],[121.6258,14.6588],[121.6216,14.6612],[121.6232,14.6638],[121.6198,14.6639],[121.6208,14.659],[121.6252,14.6575],[121.6592,14.6837],[121.6551,14.6863],[121.6439,14.6817],[121.6355,14.6845],[121.6329,14.682],[121.6317,14.6855],[121.6218,14.6835]]],[[[121.6345,14.2898],[121.6293,14.3083],[121.6275,14.3282],[121.6285,14.3594],[121.6257,14.3925],[121.5988,14.3955],[121.5961,14.4088],[121.5981,14.4144],[121.6148,14.4225],[121.6216,14.4219],[121.6382,14.437],[121.6521,14.4423],[121.6486,14.449],[121.6495,14.4592],[121.6421,14.4708],[121.6435,14.4813],[121.6415,14.4887],[121.6353,14.4924],[121.633,14.5042],[121.6294,14.5059],[121.6285,14.5122],[121.6249,14.5167],[121.6264,14.5193],[121.6237,14.523],[121.6242,14.5283],[121.6285,14.5362],[121.6233,14.5658],[121.6251,14.5676],[121.6195,14.5744],[121.6186,14.59],[121.6159,14.5949],[121.6086,14.5993],[121.6081,14.6043],[121.6126,14.6118],[121.6087,14.616],[121.6072,14.625],[121.6068,14.6345],[121.6096,14.6411],[121.6038,14.6521],[121.607,14.6645],[121.6141,14.6704],[121.611,14.6717],[121.6114,14.676],[121.6199,14.6827],[121.6129,14.6844],[121.6129,14.6886],[121.6041,14.6883],[121.5896,14.6922],[121.5785,14.6756],[121.5593,14.6583],[121.5523,14.6441],[121.5381,14.6266],[121.4812,14.5357],[121.5296,14.5329],[121.5346,14.5094],[121.5505,14.4924],[121.5444,14.4894],[121.5384,14.4804],[121.5336,14.4807],[121.5325,14.4746],[121.5277,14.4744],[121.5241,14.4692],[121.57,14.3984],[121.6083,14.2969],[121.6345,14.2898]]]]}},{"type":"Feature","properties":{"key":"SAMPALOC","name":"Sampaloc","province":"Quezon","lng":121.6332,"lat":14.184},"geometry":{"type":"Polygon","coordinates":[[[121.59,14.1992],[121.6032,14.1904],[121.6088,14.19],[121.5907,14.1671],[121.5907,14.1608],[121.6076,14.1591],[121.608,14.1513],[121.6056,14.1496],[121.609,14.1465],[121.6078,14.1395],[121.6132,14.138],[121.6217,14.1293],[121.6333,14.1249],[121.6384,14.1192],[121.6451,14.1202],[121.6494,14.1333],[121.6599,14.139],[121.6587,14.1411],[121.6629,14.1479],[121.6701,14.1528],[121.6695,14.1569],[121.6733,14.1606],[121.6792,14.1564],[121.6834,14.1622],[121.681,14.1706],[121.6832,14.1746],[121.6827,14.1816],[121.6776,14.1823],[121.6748,14.1794],[121.6593,14.1918],[121.6546,14.1923],[121.6527,14.1971],[121.6457,14.1993],[121.6503,14.2254],[121.644,14.2437],[121.6403,14.2447],[121.6417,14.2549],[121.6387,14.2535],[121.6384,14.2617],[121.6341,14.2677],[121.631,14.2609],[121.6179,14.2491],[121.6179,14.2349],[121.6111,14.2227],[121.603,14.2152],[121.5991,14.2149],[121.59,14.1992]]]}},{"type":"Feature","properties":{"key":"SAN ANDRES","name":"San Andres","province":"Quezon","lng":122.64203,"lat":13.34042},"geometry":{"type":"MultiPolygon","coordinates":[[[[122.7216,13.3648],[122.718,13.364],[122.7156,13.3596],[122.7132,13.3446],[122.7126,13.3273],[122.7192,13.3235],[122.7242,13.3246],[122.7254,13.331],[122.7222,13.3367],[122.7242,13.36],[122.7216,13.3648]]],[[[122.6495,13.4447],[122.6469,13.4421],[122.6455,13.4452],[122.6437,13.4408],[122.6414,13.4428],[122.6303,13.4358],[122.5867,13.4223],[122.5819,13.3798],[122.5846,13.3697],[122.5899,13.3604],[122.5931,13.3597],[122.5923,13.3418],[122.5968,13.3166],[122.6042,13.3104],[122.6092,13.3102],[122.6082,13.3154],[122.6219,13.3182],[122.6223,13.3135],[122.6273,13.3121],[122.6247,13.3092],[122.6289,13.3074],[122.6281,13.3037],[122.6402,13.2915],[122.6402,13.281],[122.6455,13.273],[122.6441,13.2651],[122.6502,13.2606],[122.6507,13.2571],[122.6549,13.2576],[122.6529,13.2453],[122.6552,13.2415],[122.6483,13.2287],[122.6529,13.2252],[122.6603,13.2274],[122.6591,13.2201],[122.6562,13.2179],[122.6571,13.2145],[122.6635,13.2111],[122.6689,13.2115],[122.6773,13.2172],[122.6932,13.2176],[122.7029,13.2255],[122.6932,13.2628],[122.6893,13.2653],[122.691,13.268],[122.6862,13.2699],[122.6815,13.2675],[122.6769,13.2739],[122.6804,13.2777],[122.6788,13.2839],[122.6827,13.2911],[122.6787,13.295],[122.6811,13.305],[122.6777,13.3211],[122.6811,13.3214],[122.679,13.3227],[122.6788,13.3371],[122.6743,13.3468],[122.6757,13.3684],[122.6778,13.3702],[122.6768,13.3787],[122.6718,13.3827],[122.6737,13.3853],[122.6699,13.3889],[122.6717,13.393],[122.6675,13.3989],[122.667,13.4063],[122.6622,13.4154],[122.6633,13.419],[122.6503,13.4383],[122.6495,13.4447]]]]}},{"type":"Feature","properties":{"key":"SAN ANTONIO","name":"San Antonio","province":"Quezon","lng":121.29527,"lat":13.90043},"geometry":{"type":"Polygon","coordinates":[[[121.2721,13.8876],[121.2716,13.8781],[121.2741,13.8759],[121.2827,13.8722],[121.2907,13.8721],[121.2999,13.8757],[121.308,13.867],[121.325,13.8672],[121.3315,13.87],[121.338,13.8643],[121.3476,13.8624],[121.3619,13.8698],[121.3743,13.8669],[121.3739,13.8703],[121.3708,13.871],[121.3633,13.8806],[121.3458,13.8833],[121.3372,13.8882],[121.3269,13.9112],[121.3333,13.9136],[121.3304,13.9156],[121.3331,13.918],[121.3253,13.9288],[121.3165,13.9289],[121.3052,13.9199],[121.2962,13.9213],[121.2846,13.9147],[121.2714,13.9217],[121.2699,13.9334],[121.2622,13.9434],[121.2421,13.9484],[121.237,13.9309],[121.2404,13.9051],[121.2467,13.8994],[121.2616,13.8937],[121.2628,13.8904],[121.2726,13.891],[121.2721,13.8876]]]}},{"type":"Feature","properties":{"key":"SAN FRANCISCO","name":"San Francisco (Aurora)","province":"Quezon","lng":122.57177,"lat":13.29481},"geometry":{"type":"Polygon","coordinates":[[[122.4903,13.403],[122.4893,13.3963],[122.496,13.3889],[122.4944,13.3843],[122.4972,13.3742],[122.5006,13.3746],[122.501,13.3693],[122.5043,13.3688],[122.5027,13.3632],[122.506,13.3623],[122.5071,13.3588],[122.511,13.3593],[122.5108,13.3537],[122.5162,13.3501],[122.5189,13.3432],[122.5173,13.3389],[122.523,13.3284],[122.5207,13.3263],[122.5216,13.3035],[122.5179,13.3026],[122.5179,13.2982],[122.5108,13.2988],[122.51,13.2954],[122.5122,13.2902],[122.522,13.2864],[122.5233,13.2803],[122.515,13.2772],[122.5109,13.2715],[122.5163,13.2586],[122.5114,13.2486],[122.5041,13.2481],[122.5051,13.2427],[122.521,13.2342],[122.5244,13.2288],[122.5406,13.2184],[122.5487,13.1988],[122.5569,13.1917],[122.5646,13.1788],[122.569,13.1786],[122.5872,13.1665],[122.599,13.162],[122.6123,13.1679],[122.6148,13.1712],[122.6242,13.1723],[122.6318,13.1837],[122.64,13.1868],[122.638,13.1905],[122.641,13.1951],[122.6554,13.201],[122.6578,13.2084],[122.6635,13.2111],[122.6571,13.2145],[122.6562,13.2179],[122.6591,13.2201],[122.6603,13.2274],[122.6529,13.2252],[122.6483,13.2287],[122.6552,13.2415],[122.6529,13.2453],[122.6549,13.2576],[122.6507,13.2571],[122.6502,13.2606],[122.6441,13.2651],[122.6455,13.273],[122.6402,13.281],[122.6402,13.2915],[122.6281,13.3037],[122.6289,13.3074],[122.6247,13.3092],[122.6273,13.3121],[122.6223,13.3135],[122.6219,13.3182],[122.6082,13.3154],[122.6092,13.3102],[122.6042,13.3104],[122.5968,13.3166],[122.5923,13.3418],[122.5931,13.3597],[122.5899,13.3604],[122.5846,13.3697],[122.5819,13.3798],[122.5867,13.4223],[122.5551,13.4464],[122.5481,13.4384],[122.5347,13.4362],[122.5174,13.4277],[122.5062,13.4193],[122.5035,13.4121],[122.4934,13.4103],[122.494,13.4047],[122.4903,13.403]]]}},{"type":"Feature","properties":{"key":"SAN NARCISO","name":"San Narciso","province":"Quezon","lng":122.53387,"lat":13.55553},"geometry":{"type":"Polygon","coordinates":[[[122.4003,13.6606],[122.4066,13.6547],[122.4037,13.651],[122.4149,13.6517],[122.4393,13.6448],[122.448,13.6353],[122.4571,13.6196],[122.4569,13.6107],[122.4658,13.595],[122.4717,13.5929],[122.4799,13.5793],[122.5003,13.5631],[122.4947,13.5547],[122.5099,13.536],[122.5119,13.5276],[122.5243,13.5079],[122.5338,13.5059],[122.5361,13.4969],[122.5392,13.4945],[122.5376,13.4938],[122.5427,13.4924],[122.5417,13.487],[122.5444,13.4865],[122.5485,13.4781],[122.5551,13.4464],[122.5593,13.4447],[122.5602,13.4413],[122.5867,13.4223],[122.6303,13.4358],[122.6414,13.4428],[122.6437,13.4408],[122.6455,13.4452],[122.6469,13.4421],[122.6508,13.4445],[122.6455,13.4495],[122.6434,13.4564],[122.6266,13.4738],[122.6189,13.4892],[122.6123,13.4895],[122.6054,13.4982],[122.5986,13.5106],[122.6007,13.5221],[122.5837,13.5269],[122.5753,13.5353],[122.5634,13.5542],[122.5649,13.563],[122.5727,13.5652],[122.5806,13.5628],[122.5944,13.5412],[122.6051,13.5327],[122.6072,13.5222],[122.6179,13.5134],[122.6354,13.5152],[122.6371,13.519],[122.6342,13.529],[122.627,13.5336],[122.6227,13.5334],[122.6167,13.5398],[122.6121,13.5412],[122.6036,13.5526],[122.5954,13.5587],[122.59,13.5588],[122.5877,13.5635],[122.5824,13.5654],[122.5746,13.5748],[122.5451,13.5824],[122.5435,13.5856],[122.5476,13.5884],[122.5499,13.5951],[122.5465,13.6009],[122.5399,13.6025],[122.5372,13.6094],[122.5269,13.6139],[122.5188,13.6281],[122.5126,13.6312],[122.4971,13.6469],[122.4972,13.6551],[122.5025,13.6613],[122.5012,13.6711],[122.493,13.6698],[122.4891,13.6757],[122.4863,13.6708],[122.4779,13.6672],[122.4756,13.6718],[122.4714,13.6705],[122.4694,13.6756],[122.4634,13.6784],[122.4576,13.6749],[122.4536,13.6767],[122.4588,13.6826],[122.4553,13.6832],[122.4562,13.6875],[122.4538,13.6888],[122.4535,13.6933],[122.4448,13.6938],[122.4423,13.6905],[122.4432,13.6968],[122.4403,13.6933],[122.4397,13.6964],[122.4347,13.6969],[122.415,13.6886],[122.4174,13.6822],[122.423,13.6777],[122.4228,13.6722],[122.4113,13.6737],[122.4003,13.6606]]]}},{"type":"Feature","properties":{"key":"SARIAYA","name":"Sariaya","province":"Quezon","lng":121.50146,"lat":13.92868},"geometry":{"type":"Polygon","coordinates":[[[121.4272,13.8381],[121.4306,13.8361],[121.4249,13.8357],[121.4249,13.832],[121.4296,13.8342],[121.4364,13.8283],[121.4407,13.8291],[121.443,13.8242],[121.4464,13.8305],[121.4493,13.8307],[121.4523,13.8265],[121.4506,13.82],[121.4604,13.8165],[121.4709,13.8364],[121.4947,13.8527],[121.514,13.859],[121.5219,13.8591],[121.5313,13.8652],[121.5541,13.8716],[121.5707,13.8827],[121.5745,13.8735],[121.5714,13.8832],[121.5844,13.8902],[121.5736,13.8997],[121.5762,13.9094],[121.5719,13.9149],[121.5727,13.9208],[121.5651,13.9249],[121.5625,13.9316],[121.5592,13.9329],[121.5607,13.9343],[121.556,13.9394],[121.545,13.9777],[121.5311,13.9964],[121.5254,14.0099],[121.5209,14.0123],[121.5207,14.0157],[121.517,14.0163],[121.5121,14.0345],[121.4941,14.0549],[121.4787,14.0611],[121.4744,14.038],[121.4759,14.0332],[121.468,14.0157],[121.472,14.0083],[121.4668,14.0017],[121.4689,13.9947],[121.4602,13.9869],[121.459,13.9805],[121.4613,13.9806],[121.4578,13.978],[121.4636,13.9757],[121.4666,13.9646],[121.4615,13.9467],[121.4605,13.927],[121.4574,13.9233],[121.4599,13.9218],[121.4587,13.9116],[121.4548,13.9038],[121.4558,13.8967],[121.4498,13.8866],[121.444,13.887],[121.4416,13.8595],[121.4443,13.8505],[121.4264,13.8505],[121.4272,13.8381]]]}},{"type":"Feature","properties":{"key":"TAGKAWAYAN","name":"Tagkawayan","province":"Quezon","lng":122.53861,"lat":14.02698},"geometry":{"type":"Polygon","coordinates":[[[122.7925,14.0138],[122.6416,14.0701],[122.5389,14.1167],[122.452,14.1502],[122.4455,14.1411],[122.4466,14.1351],[122.4349,14.1243],[122.4322,14.1135],[122.427,14.111],[122.4263,14.1079],[122.4306,14.1046],[122.4354,14.0759],[122.4393,14.0714],[122.4361,14.0621],[122.4391,14.0617],[122.4423,14.0543],[122.4372,14.0569],[122.4374,14.0509],[122.4308,14.0523],[122.4281,14.0492],[122.4299,14.0478],[122.4272,14.0442],[122.4274,14.0386],[122.4232,14.0367],[122.4178,14.04],[122.4127,14.0399],[122.4109,14.037],[122.4026,14.043],[122.3999,14.0417],[122.4015,14.0453],[122.3995,14.0488],[122.3966,14.0472],[122.3958,14.0497],[122.3916,14.05],[122.3902,14.0473],[122.3875,14.0491],[122.3884,14.0462],[122.3859,14.0448],[122.3818,14.0488],[122.3768,14.043],[122.3789,14.039],[122.3729,14.0305],[122.3772,14.0268],[122.3739,14.0226],[122.3803,14.0208],[122.3761,14.0164],[122.3756,14.0121],[122.3699,14.0097],[122.3729,14.0047],[122.3744,14.0059],[122.3751,13.9922],[122.3721,13.9895],[122.3738,13.986],[122.39,13.9755],[122.3933,13.9748],[122.3978,13.9786],[122.4044,13.9743],[122.4142,13.9626],[122.4215,13.9435],[122.4378,13.9434],[122.4479,13.9348],[122.4488,13.9261],[122.4666,13.9337],[122.4739,13.9316],[122.4742,13.9359],[122.4766,13.9313],[122.4805,13.9331],[122.4842,13.9254],[122.4903,13.9289],[122.4979,13.9257],[122.5029,13.93],[122.5039,13.9265],[122.5049,13.9284],[122.5095,13.9258],[122.5085,13.9328],[122.5247,13.9227],[122.5284,13.9261],[122.5248,13.9353],[122.5311,13.9387],[122.5337,13.944],[122.5328,13.9539],[122.5294,13.9585],[122.5258,13.9577],[122.5303,13.9627],[122.537,13.9637],[122.5509,13.9458],[122.5839,13.9618],[122.6202,13.968],[122.6283,13.9725],[122.6652,13.9832],[122.7925,14.0138]]]}},{"type":"Feature","properties":{"key":"TIAONG","name":"Tiaong","province":"Quezon","lng":121.33398,"lat":13.93936},"geometry":{"type":"Polygon","coordinates":[[[121.4007,13.9732],[121.3929,13.9722],[121.3753,13.982],[121.3651,13.9818],[121.3604,13.9855],[121.3494,13.9879],[121.347,13.9977],[121.3402,14.0035],[121.3395,13.9994],[121.3316,13.9917],[121.3294,13.9858],[121.3119,13.9815],[121.2988,13.9699],[121.2865,13.975],[121.2784,13.9741],[121.2687,13.9665],[121.2616,13.9682],[121.2465,13.9635],[121.2421,13.9484],[121.2622,13.9434],[121.2699,13.9334],[121.2714,13.9217],[121.2846,13.9147],[121.2962,13.9213],[121.3052,13.9199],[121.3165,13.9289],[121.3253,13.9288],[121.3331,13.918],[121.3304,13.9156],[121.3333,13.9136],[121.3269,13.9112],[121.3372,13.8882],[121.3458,13.8833],[121.3633,13.8806],[121.3708,13.871],[121.3739,13.8703],[121.375,13.8594],[121.3796,13.856],[121.3794,13.8502],[121.3877,13.8448],[121.3923,13.8459],[121.3955,13.8431],[121.3955,13.8455],[121.3981,13.8456],[121.393,13.8632],[121.38,13.8831],[121.3781,13.8941],[121.3699,13.9017],[121.3737,13.9095],[121.371,13.9171],[121.3766,13.9243],[121.375,13.9274],[121.3951,13.9536],[121.3942,13.9607],[121.4007,13.9732]]]}},{"type":"Feature","properties":{"key":"UNISAN","name":"Unisan","province":"Quezon","lng":121.99981,"lat":13.86128},"geometry":{"type":"Polygon","coordinates":[[[121.9489,13.8515],[121.9567,13.8471],[121.9611,13.8392],[121.9633,13.8411],[121.9753,13.8405],[121.9798,13.8337],[121.9786,13.8291],[121.9824,13.8291],[121.9766,13.821],[121.9788,13.8197],[121.9778,13.8141],[121.9806,13.8059],[121.9893,13.8028],[122.0063,13.8095],[122.0155,13.8009],[122.0171,13.804],[122.0214,13.8029],[122.0282,13.8067],[122.0291,13.8102],[122.0327,13.8081],[122.035,13.8097],[122.0326,13.8235],[122.042,13.8277],[122.044,13.8234],[122.0494,13.8285],[122.0516,13.8259],[122.0503,13.8209],[122.0554,13.8179],[122.0579,13.8265],[122.0619,13.8276],[122.059,13.8287],[122.0577,13.8337],[122.0619,13.8385],[122.0576,13.8404],[122.0598,13.8497],[122.0485,13.8627],[122.0417,13.8661],[122.0404,13.8708],[122.0426,13.8745],[122.0402,13.8783],[122.0436,13.8832],[122.0359,13.8891],[122.0363,13.8914],[122.0347,13.8904],[122.035,13.8939],[122.0311,13.8935],[122.0296,13.8975],[122.0228,13.9025],[122.0196,13.9103],[122.0089,13.9108],[122.0054,13.9178],[122.0022,13.9115],[122.0038,13.9099],[122.0006,13.9081],[121.9985,13.9113],[121.9848,13.9124],[121.9757,13.9082],[121.9719,13.9111],[121.9665,13.9099],[121.942,13.9175],[121.9488,13.9086],[121.9483,13.9039],[121.9444,13.9006],[121.9463,13.8913],[121.9417,13.8863],[121.9518,13.8574],[121.9489,13.8515]]]}},{"type":"Feature","properties":{"key":"ANGONO","name":"Angono","province":"Rizal","lng":121.16911,"lat":14.53936},"geometry":{"type":"Polygon","coordinates":[[[121.1928,14.5414],[121.1902,14.5486],[121.1956,14.5612],[121.1603,14.5513],[121.1579,14.5469],[121.1393,14.5338],[121.1434,14.5295],[121.1425,14.5235],[121.1455,14.5143],[121.1646,14.532],[121.1692,14.5319],[121.1701,14.5295],[121.1751,14.5311],[121.1822,14.5292],[121.1866,14.5258],[121.1906,14.5348],[121.1938,14.5345],[121.1928,14.5414]]]}},{"type":"Feature","properties":{"key":"BARAS","name":"Baras","province":"Rizal","lng":121.27704,"lat":14.57509},"geometry":{"type":"Polygon","coordinates":[[[121.306,14.6085],[121.2985,14.6225],[121.2925,14.6228],[121.2901,14.619],[121.285,14.6258],[121.2834,14.6236],[121.2821,14.6249],[121.284,14.6273],[121.2802,14.6333],[121.2777,14.632],[121.2727,14.6345],[121.274,14.6311],[121.2665,14.6307],[121.2671,14.6287],[121.2636,14.6263],[121.2622,14.628],[121.2586,14.6237],[121.2486,14.6278],[121.2429,14.6262],[121.2679,14.5913],[121.2576,14.5899],[121.2532,14.5847],[121.2621,14.5717],[121.262,14.5437],[121.2561,14.528],[121.255,14.5165],[121.2607,14.5048],[121.2713,14.5051],[121.2806,14.5135],[121.2784,14.5186],[121.2887,14.5256],[121.2919,14.542],[121.2893,14.5422],[121.2879,14.5458],[121.2917,14.5543],[121.2976,14.5531],[121.2935,14.5676],[121.2974,14.5697],[121.297,14.5722],[121.3063,14.573],[121.3054,14.578],[121.3115,14.5854],[121.3088,14.5915],[121.3005,14.5893],[121.2945,14.595],[121.3031,14.6015],[121.306,14.6085]]]}},{"type":"Feature","properties":{"key":"BINANGONAN","name":"Binangonan","province":"Rizal","lng":121.1944,"lat":14.49192},"geometry":{"type":"MultiPolygon","coordinates":[[[[121.2494,14.3007],[121.2445,14.3025],[121.2454,14.2983],[121.2478,14.2977],[121.2494,14.3007]]],[[[121.2582,14.3098],[121.2597,14.3119],[121.258,14.3117],[121.2582,14.3098]]],[[[121.225,14.4018],[121.22,14.3992],[121.2221,14.3946],[121.2198,14.3896],[121.2216,14.3879],[121.2214,14.3676],[121.2196,14.3564],[121.2166,14.35],[121.214,14.3496],[121.2183,14.34],[121.215,14.3365],[121.2215,14.3332],[121.2209,14.3296],[121.2261,14.324],[121.2249,14.3134],[121.2313,14.3083],[121.2314,14.2979],[121.2355,14.2939],[121.237,14.2871],[121.2405,14.2945],[121.2375,14.2999],[121.2453,14.3107],[121.2424,14.3155],[121.2319,14.3182],[121.2286,14.3257],[121.2303,14.3704],[121.225,14.4018]]],[[[121.1517,14.5179],[121.1592,14.5146],[121.1583,14.5107],[121.1602,14.5129],[121.1635,14.5112],[121.1678,14.4987],[121.1751,14.496],[121.1786,14.4884],[121.1848,14.4831],[121.1876,14.4725],[121.1852,14.4676],[121.1827,14.4674],[121.1828,14.4643],[121.1915,14.4631],[121.1941,14.4588],[121.1926,14.4562],[121.196,14.4526],[121.1944,14.4509],[121.203,14.4483],[121.2005,14.4411],[121.2059,14.4404],[121.2132,14.4315],[121.2127,14.4297],[121.206,14.43],[121.2078,14.4274],[121.2061,14.4252],[121.2144,14.4179],[121.2159,14.4114],[121.218,14.412],[121.2156,14.4231],[121.2174,14.4322],[121.2129,14.4374],[121.2176,14.4558],[121.2199,14.481],[121.2158,14.4883],[121.2201,14.4937],[121.2111,14.5],[121.2073,14.498],[121.2039,14.5001],[121.2094,14.5108],[121.2116,14.5107],[121.2025,14.5229],[121.2106,14.5343],[121.2084,14.5333],[121.2087,14.5367],[121.2058,14.5383],[121.1928,14.5414],[121.1938,14.5345],[121.1906,14.5348],[121.1866,14.5258],[121.1822,14.5292],[121.1751,14.5311],[121.1701,14.5295],[121.1692,14.5319],[121.1646,14.532],[121.1517,14.5179]]]]}},{"type":"Feature","properties":{"key":"CAINTA","name":"Cainta","province":"Rizal","lng":121.11689,"lat":14.58735},"geometry":{"type":"Polygon","coordinates":[[[121.1117,14.6361],[121.1085,14.6365],[121.1059,14.6333],[121.105,14.6214],[121.1019,14.6207],[121.1104,14.5922],[121.1037,14.5937],[121.1035,14.5889],[121.1086,14.5877],[121.1091,14.5809],[121.101,14.5748],[121.0959,14.5639],[121.0981,14.5624],[121.0964,14.56],[121.0991,14.5533],[121.1087,14.5478],[121.1138,14.5539],[121.1184,14.5551],[121.1176,14.561],[121.1322,14.5835],[121.1364,14.5826],[121.1369,14.5854],[121.1391,14.5828],[121.1407,14.5899],[121.1463,14.5898],[121.1503,14.5935],[121.1484,14.5924],[121.1469,14.5963],[121.142,14.5979],[121.137,14.5952],[121.1364,14.6],[121.1332,14.5994],[121.1323,14.5962],[121.1257,14.596],[121.1285,14.5985],[121.1255,14.6014],[121.1257,14.6058],[121.1286,14.6073],[121.1303,14.605],[121.1335,14.6123],[121.1316,14.6155],[121.1286,14.6152],[121.1268,14.61],[121.1238,14.6107],[121.1231,14.615],[121.1139,14.6143],[121.1116,14.6185],[121.1068,14.6182],[121.1117,14.6361]]]}},{"type":"Feature","properties":{"key":"CARDONA","name":"Cardona","province":"Rizal","lng":121.23778,"lat":14.35505},"geometry":{"type":"MultiPolygon","coordinates":[[[[121.2424,14.3155],[121.2405,14.3218],[121.2421,14.3299],[121.2472,14.3334],[121.2557,14.3336],[121.2597,14.3312],[121.2663,14.3368],[121.2599,14.3386],[121.2565,14.3464],[121.2443,14.3468],[121.2406,14.3493],[121.2359,14.3729],[121.2353,14.397],[121.2303,14.4024],[121.231,14.4091],[121.2248,14.4226],[121.2234,14.4178],[121.2258,14.4157],[121.2231,14.411],[121.2265,14.4041],[121.225,14.4018],[121.2303,14.3704],[121.2286,14.3257],[121.2319,14.3182],[121.2424,14.3155]]],[[[121.2455,14.4869],[121.2464,14.4874],[121.2439,14.4865],[121.2455,14.4869]]],[[[121.2176,14.4163],[121.2224,14.4235],[121.2202,14.4298],[121.2225,14.4321],[121.2227,14.4475],[121.2201,14.473],[121.2233,14.4762],[121.2214,14.4767],[121.2226,14.4786],[121.2288,14.4758],[121.2302,14.4699],[121.2351,14.4731],[121.2373,14.4799],[121.2318,14.4846],[121.2357,14.4829],[121.2342,14.4875],[121.2385,14.4926],[121.2396,14.4984],[121.2116,14.5062],[121.2094,14.5108],[121.2039,14.5001],[121.2073,14.498],[121.2111,14.5],[121.2201,14.4937],[121.2158,14.4883],[121.2199,14.481],[121.2176,14.4558],[121.2129,14.4374],[121.2174,14.4322],[121.2156,14.4231],[121.2176,14.4163]]]]}},{"type":"Feature","properties":{"key":"ANTIPOLO","name":"City of Antipolo","province":"Rizal","lng":121.23626,"lat":14.65589},"geometry":{"type":"Polygon","coordinates":[[[121.1956,14.5612],[121.2019,14.5631],[121.2044,14.5692],[121.2088,14.5699],[121.2089,14.5758],[121.212,14.5766],[121.2118,14.571],[121.2264,14.5844],[121.2331,14.5851],[121.2397,14.5898],[121.2388,14.588],[121.2442,14.5901],[121.2512,14.5857],[121.2552,14.5893],[121.2679,14.5913],[121.2429,14.6262],[121.2486,14.6278],[121.2586,14.6237],[121.2622,14.628],[121.2636,14.6263],[121.2671,14.6287],[121.2665,14.6307],[121.274,14.6311],[121.2727,14.6345],[121.2777,14.632],[121.2802,14.6333],[121.284,14.6273],[121.2821,14.6249],[121.2834,14.6236],[121.285,14.6258],[121.2901,14.619],[121.2925,14.6228],[121.2985,14.6225],[121.306,14.6085],[121.3133,14.6122],[121.3182,14.6094],[121.3174,14.6063],[121.3195,14.6067],[121.3206,14.6121],[121.3133,14.6274],[121.3135,14.6472],[121.3231,14.6566],[121.3274,14.6665],[121.3256,14.6829],[121.3218,14.6893],[121.3252,14.6948],[121.3196,14.7053],[121.3228,14.7187],[121.3184,14.7445],[121.3119,14.7516],[121.3093,14.7607],[121.2445,14.7675],[121.2378,14.7664],[121.2416,14.7593],[121.2481,14.7621],[121.2455,14.7595],[121.2484,14.7581],[121.2471,14.7525],[121.251,14.7521],[121.2467,14.7469],[121.2487,14.7442],[121.2463,14.7431],[121.252,14.7404],[121.2485,14.7393],[121.2503,14.7356],[121.2471,14.7354],[121.2458,14.7306],[121.2411,14.7277],[121.2392,14.7064],[121.2316,14.7035],[121.2209,14.6903],[121.2159,14.6889],[121.2148,14.6791],[121.2185,14.6766],[121.2115,14.6634],[121.1994,14.6624],[121.1967,14.6658],[121.1904,14.6674],[121.185,14.666],[121.1661,14.6542],[121.1627,14.6565],[121.1567,14.6536],[121.1509,14.6474],[121.145,14.6461],[121.1429,14.6421],[121.1394,14.6426],[121.1374,14.6483],[121.1327,14.6475],[121.1366,14.651],[121.1313,14.6535],[121.1285,14.6434],[121.13,14.6343],[121.1238,14.6378],[121.1191,14.6355],[121.1154,14.6383],[121.1117,14.6361],[121.1068,14.6182],[121.1116,14.6185],[121.1139,14.6143],[121.1231,14.615],[121.1238,14.6107],[121.1268,14.61],[121.1286,14.6152],[121.1316,14.6155],[121.1335,14.6123],[121.1303,14.605],[121.1286,14.6073],[121.1257,14.6058],[121.1255,14.6014],[121.1285,14.5985],[121.1257,14.596],[121.1323,14.5962],[121.1332,14.5994],[121.1364,14.6],[121.137,14.5952],[121.142,14.5979],[121.1469,14.5963],[121.1484,14.5924],[121.1503,14.5935],[121.1532,14.5891],[121.156,14.5895],[121.1561,14.5867],[121.1585,14.5869],[121.1587,14.5768],[121.1664,14.5646],[121.1594,14.5592],[121.1603,14.5513],[121.1956,14.5612]]]}},{"type":"Feature","properties":{"key":"JALA JALA","name":"Jala-Jala","province":"Rizal","lng":121.33681,"lat":14.3392},"geometry":{"type":"MultiPolygon","coordinates":[[[[121.3117,14.2848],[121.3106,14.2833],[121.313,14.2843],[121.3117,14.2848]]],[[[121.3082,14.2784],[121.3099,14.2805],[121.309,14.2854],[121.3068,14.2823],[121.3082,14.2784]]],[[[121.3805,14.3379],[121.3799,14.3443],[121.3653,14.3559],[121.3639,14.3634],[121.3692,14.3751],[121.3327,14.3838],[121.3204,14.36],[121.3201,14.341],[121.305,14.3272],[121.3064,14.3215],[121.3037,14.2959],[121.3087,14.2883],[121.3148,14.2871],[121.3318,14.3034],[121.3346,14.3121],[121.3485,14.3199],[121.3524,14.3243],[121.352,14.3278],[121.3737,14.3399],[121.3805,14.3379]]]]}},{"type":"Feature","properties":{"key":"MORONG","name":"Morong","province":"Rizal","lng":121.2389,"lat":14.53362},"geometry":{"type":"Polygon","coordinates":[[[121.2576,14.5899],[121.2512,14.5857],[121.2253,14.5422],[121.2185,14.5362],[121.2077,14.5355],[121.2084,14.5333],[121.2106,14.5343],[121.2067,14.5307],[121.209,14.5294],[121.2061,14.5259],[121.2035,14.5268],[121.2045,14.5238],[121.2025,14.5229],[121.2099,14.5152],[121.2116,14.5062],[121.2396,14.4984],[121.242,14.5026],[121.2489,14.4978],[121.2522,14.5013],[121.2561,14.4951],[121.2573,14.5026],[121.2607,14.5048],[121.255,14.5165],[121.2561,14.528],[121.262,14.5437],[121.2621,14.5717],[121.2532,14.5847],[121.2576,14.5899]]]}},{"type":"Feature","properties":{"key":"PILILLA","name":"Pililla","province":"Rizal","lng":121.3433,"lat":14.45404},"geometry":{"type":"Polygon","coordinates":[[[121.3692,14.3751],[121.3624,14.4542],[121.3754,14.4514],[121.3762,14.4642],[121.3618,14.4772],[121.3623,14.4864],[121.3705,14.5044],[121.3599,14.5093],[121.3533,14.5169],[121.3424,14.5126],[121.343,14.5092],[121.3387,14.5045],[121.3401,14.502],[121.3353,14.5041],[121.3334,14.5006],[121.3301,14.5003],[121.3227,14.5087],[121.3179,14.5051],[121.318,14.5007],[121.3105,14.495],[121.3049,14.4931],[121.3007,14.4969],[121.2961,14.4961],[121.2919,14.4889],[121.2931,14.4836],[121.3025,14.4833],[121.306,14.4741],[121.3021,14.47],[121.3082,14.4673],[121.3134,14.4695],[121.3202,14.466],[121.3256,14.46],[121.3259,14.4538],[121.3301,14.4516],[121.3257,14.4534],[121.3252,14.4475],[121.3301,14.4414],[121.3281,14.4371],[121.3317,14.4314],[121.3362,14.4297],[121.3392,14.4175],[121.3372,14.4051],[121.3332,14.3979],[121.3348,14.3965],[121.3307,14.3963],[121.3339,14.3945],[121.3318,14.3944],[121.3327,14.3838],[121.3692,14.3751]]]}},{"type":"Feature","properties":{"key":"RODRIGUEZ","name":"Rodriguez (Montalban)","province":"Rizal","lng":121.21848,"lat":14.77268},"geometry":{"type":"Polygon","coordinates":[[[121.0997,14.7652],[121.1049,14.7627],[121.1097,14.7638],[121.1147,14.7722],[121.1212,14.776],[121.1246,14.7745],[121.1288,14.7776],[121.135,14.7767],[121.1247,14.7662],[121.1254,14.7609],[121.1182,14.7495],[121.1177,14.7406],[121.1224,14.7379],[121.1181,14.7295],[121.1215,14.7251],[121.1238,14.7284],[121.1267,14.7266],[121.1295,14.7293],[121.131,14.7229],[121.1258,14.7214],[121.1256,14.7178],[121.1304,14.7128],[121.1455,14.7083],[121.1479,14.7116],[121.1613,14.7115],[121.1647,14.7055],[121.1722,14.7042],[121.1804,14.7054],[121.192,14.7027],[121.1992,14.7049],[121.2051,14.6986],[121.2112,14.7034],[121.2159,14.6889],[121.2209,14.6903],[121.2316,14.7035],[121.2392,14.7064],[121.2411,14.7277],[121.2458,14.7306],[121.2471,14.7354],[121.2503,14.7356],[121.2485,14.7393],[121.252,14.7404],[121.2463,14.7431],[121.2487,14.7442],[121.2467,14.7469],[121.251,14.7521],[121.2471,14.7525],[121.2484,14.7581],[121.2455,14.7595],[121.2481,14.7621],[121.2416,14.7593],[121.2378,14.7664],[121.2445,14.7675],[121.3093,14.7607],[121.3156,14.7646],[121.326,14.7636],[121.3344,14.7685],[121.3336,14.7766],[121.3292,14.7846],[121.3355,14.8009],[121.3304,14.8348],[121.253,14.8292],[121.2217,14.8342],[121.2193,14.8332],[121.2224,14.8226],[121.2211,14.8197],[121.2123,14.8202],[121.2084,14.8179],[121.2065,14.8197],[121.1972,14.8184],[121.1967,14.8211],[121.188,14.8236],[121.1653,14.8234],[121.1629,14.8123],[121.1505,14.8018],[121.1373,14.8038],[121.1294,14.7968],[121.1302,14.7934],[121.1274,14.7944],[121.1276,14.7913],[121.1249,14.793],[121.127,14.7875],[121.1248,14.7884],[121.1213,14.7845],[121.1177,14.7872],[121.1164,14.7809],[121.1098,14.7765],[121.1066,14.7701],[121.0995,14.7692],[121.0997,14.7652]]]}},{"type":"Feature","properties":{"key":"SAN MATEO","name":"San Mateo","province":"Rizal","lng":121.161,"lat":14.68278},"geometry":{"type":"Polygon","coordinates":[[[121.2159,14.6889],[121.2112,14.7034],[121.2051,14.6986],[121.1992,14.7049],[121.192,14.7027],[121.1647,14.7055],[121.1613,14.7115],[121.1479,14.7116],[121.1455,14.7083],[121.1415,14.7111],[121.136,14.7099],[121.1256,14.7178],[121.1238,14.7073],[121.1198,14.7118],[121.116,14.7092],[121.1201,14.6986],[121.1116,14.696],[121.1122,14.6847],[121.1067,14.6755],[121.1106,14.673],[121.1104,14.6699],[121.116,14.674],[121.1193,14.6723],[121.1215,14.6665],[121.125,14.6669],[121.1257,14.6701],[121.1311,14.668],[121.1349,14.6585],[121.1334,14.6537],[121.1366,14.651],[121.1327,14.6475],[121.1374,14.6483],[121.1394,14.6426],[121.1429,14.6421],[121.145,14.6461],[121.1509,14.6474],[121.1567,14.6536],[121.1627,14.6565],[121.1661,14.6542],[121.185,14.666],[121.1904,14.6674],[121.1967,14.6658],[121.1994,14.6624],[121.2115,14.6634],[121.2185,14.6766],[121.2148,14.6791],[121.2159,14.6889]]]}},{"type":"Feature","properties":{"key":"TANAY","name":"Tanay","province":"Rizal","lng":121.35929,"lat":14.60388},"geometry":{"type":"Polygon","coordinates":[[[121.2713,14.5051],[121.2747,14.503],[121.2749,14.4959],[121.2807,14.484],[121.2866,14.4816],[121.2889,14.4841],[121.2931,14.4836],[121.2919,14.4889],[121.2961,14.4961],[121.3007,14.4969],[121.3049,14.4931],[121.3105,14.495],[121.318,14.5007],[121.3179,14.5051],[121.3227,14.5087],[121.3301,14.5003],[121.3334,14.5006],[121.3353,14.5041],[121.3401,14.502],[121.3387,14.5045],[121.343,14.5092],[121.3424,14.5126],[121.3469,14.5158],[121.3561,14.5159],[121.3599,14.5093],[121.3705,14.5044],[121.3769,14.5094],[121.3784,14.5206],[121.3762,14.5246],[121.3798,14.5267],[121.3811,14.5315],[121.3897,14.5353],[121.3899,14.5401],[121.3929,14.5383],[121.3976,14.5436],[121.4004,14.5409],[121.4043,14.5454],[121.4204,14.5418],[121.448,14.545],[121.4389,14.5595],[121.446,14.5625],[121.4497,14.5702],[121.4416,14.5785],[121.4433,14.5829],[121.4411,14.5873],[121.4511,14.5952],[121.4453,14.5988],[121.444,14.6027],[121.4395,14.604],[121.4417,14.6225],[121.4158,14.628],[121.4163,14.6322],[121.4049,14.6393],[121.4028,14.6566],[121.4061,14.6578],[121.4042,14.6609],[121.4077,14.6649],[121.4068,14.6676],[121.41,14.6668],[121.4109,14.6689],[121.4081,14.6768],[121.405,14.6782],[121.4074,14.6845],[121.4029,14.6861],[121.4048,14.6902],[121.3806,14.6952],[121.3627,14.7084],[121.3539,14.7226],[121.3374,14.728],[121.3343,14.7311],[121.3359,14.7393],[121.3418,14.7471],[121.3344,14.7685],[121.326,14.7636],[121.3156,14.7646],[121.3093,14.7607],[121.3119,14.7516],[121.3184,14.7445],[121.3228,14.7187],[121.3196,14.7053],[121.3252,14.6948],[121.3218,14.6893],[121.3256,14.6829],[121.3274,14.6665],[121.3231,14.6566],[121.3135,14.6472],[121.3133,14.6274],[121.3206,14.6121],[121.3195,14.6067],[121.3174,14.6063],[121.3182,14.6094],[121.3133,14.6122],[121.3104,14.6114],[121.2945,14.595],[121.3005,14.5893],[121.3088,14.5915],[121.3115,14.5854],[121.3054,14.578],[121.3063,14.573],[121.297,14.5722],[121.2974,14.5697],[121.2935,14.5676],[121.2976,14.5531],[121.2917,14.5543],[121.2879,14.5458],[121.2893,14.5422],[121.2919,14.542],[121.2887,14.5256],[121.2784,14.5186],[121.2806,14.5135],[121.2713,14.5051]]]}},{"type":"Feature","properties":{"key":"TAYTAY","name":"Taytay","province":"Rizal","lng":121.13459,"lat":14.55495},"geometry":{"type":"Polygon","coordinates":[[[121.1603,14.5513],[121.1594,14.5592],[121.1664,14.5646],[121.1587,14.5768],[121.1585,14.5869],[121.1501,14.5917],[121.1407,14.5899],[121.1391,14.5828],[121.1369,14.5854],[121.1364,14.5826],[121.1322,14.5835],[121.1301,14.5775],[121.1254,14.5745],[121.1231,14.5672],[121.1176,14.561],[121.1184,14.5551],[121.1138,14.5539],[121.107,14.5457],[121.1025,14.5243],[121.1039,14.5165],[121.1173,14.5154],[121.1173,14.5193],[121.1197,14.5175],[121.1163,14.5276],[121.1188,14.5269],[121.1178,14.5294],[121.1211,14.5324],[121.1232,14.5312],[121.1233,14.5351],[121.1266,14.5345],[121.1286,14.5289],[121.1312,14.5355],[121.1344,14.5373],[121.1393,14.5338],[121.1579,14.5469],[121.1603,14.5513]]]}},{"type":"Feature","properties":{"key":"TERESA","name":"Teresa","province":"Rizal","lng":121.2195,"lat":14.5612},"geometry":{"type":"Polygon","coordinates":[[[121.1928,14.5414],[121.2058,14.5383],[121.2077,14.5355],[121.2185,14.5362],[121.2253,14.5422],[121.2512,14.5857],[121.2442,14.5901],[121.2388,14.588],[121.2397,14.5898],[121.221,14.5814],[121.2118,14.571],[121.212,14.5766],[121.2089,14.5758],[121.2088,14.5699],[121.2044,14.5692],[121.2019,14.5631],[121.1956,14.5612],[121.1917,14.554],[121.1902,14.5486],[121.1928,14.5414]]]}}]}