{"type":"FeatureCollection","bbox":[114.278,4.587,126.605,21.122],"metadata":{"source":"geoBoundaries gbOpen PHL ADM1","sourceUrl":"https://www.geoboundaries.org/","licence":"CC-BY 4.0","boundaryYear":2020,"generatedBy":"backend/scripts/build-boundaries.js"},"features":[{"type":"Feature","properties":{"slug":"NCR","name":"National Capital Region","lng":121.03217,"lat":14.60624},"geometry":{"type":"Polygon","coordinates":[[[121.1,14.769],[121.031,14.784],[121.024,14.763],[120.989,14.757],[120.979,14.735],[120.983,14.725],[120.96,14.72],[120.949,14.734],[120.927,14.736],[120.953,14.694],[120.945,14.688],[120.918,14.713],[120.906,14.701],[120.948,14.653],[120.955,14.637],[120.947,14.637],[120.958,14.634],[120.943,14.632],[120.959,14.629],[120.96,14.601],[120.944,14.618],[120.954,14.601],[120.933,14.603],[120.943,14.595],[120.967,14.596],[120.954,14.591],[120.956,14.573],[120.963,14.594],[120.962,14.583],[120.973,14.583],[120.985,14.562],[120.978,14.556],[120.983,14.543],[120.974,14.508],[120.99,14.503],[120.976,14.493],[120.972,14.481],[120.981,14.488],[120.966,14.465],[121.008,14.391],[121.007,14.354],[121.015,14.352],[121.057,14.379],[121.052,14.439],[121.062,14.488],[121.069,14.507],[121.086,14.506],[121.101,14.528],[121.104,14.516],[121.11,14.547],[121.096,14.564],[121.109,14.581],[121.104,14.594],[121.11,14.592],[121.102,14.621],[121.109,14.636],[121.13,14.634],[121.135,14.655],[121.131,14.668],[121.107,14.675],[121.112,14.696],[121.12,14.699],[121.116,14.709],[121.124,14.707],[121.131,14.724],[121.118,14.73],[121.118,14.746],[121.135,14.777],[121.105,14.763],[121.1,14.769]]]}},{"type":"Feature","properties":{"slug":"CAR","name":"Cordillera Administrative Region","lng":121.03897,"lat":17.35544},"geometry":{"type":"Polygon","coordinates":[[[120.769,16.198],[120.8,16.305],[120.846,16.32],[120.889,16.436],[120.883,16.505],[120.904,16.595],[120.93,16.6],[120.948,16.579],[120.984,16.569],[121.072,16.628],[121.106,16.631],[121.135,16.645],[121.212,16.642],[121.236,16.654],[121.259,16.651],[121.276,16.669],[121.29,16.658],[121.288,16.688],[121.314,16.697],[121.314,16.718],[121.339,16.755],[121.326,16.758],[121.346,16.769],[121.339,16.788],[121.354,16.784],[121.355,16.774],[121.358,16.787],[121.378,16.79],[121.372,16.798],[121.386,16.797],[121.42,16.817],[121.521,16.839],[121.538,16.878],[121.549,16.874],[121.568,16.91],[121.57,16.948],[121.562,16.953],[121.573,16.969],[121.563,16.967],[121.559,17.012],[121.569,17.019],[121.571,17.041],[121.568,17.131],[121.56,17.145],[121.562,17.185],[121.549,17.197],[121.545,17.265],[121.53,17.275],[121.539,17.317],[121.56,17.35],[121.582,17.354],[121.606,17.421],[121.629,17.418],[121.647,17.5],[121.614,17.56],[121.603,17.563],[121.6,17.548],[121.547,17.581],[121.497,17.591],[121.476,17.645],[121.485,17.647],[121.472,17.66],[121.477,17.669],[121.466,17.672],[121.451,17.661],[121.44,17.666],[121.425,17.74],[121.388,17.794],[121.359,17.805],[121.325,17.803],[121.306,17.815],[121.319,17.815],[121.316,17.828],[121.357,17.913],[121.315,17.971],[121.327,17.975],[121.322,17.989],[121.332,17.991],[121.349,18.025],[121.347,18.039],[121.364,18.062],[121.428,18.035],[121.46,18.049],[121.46,18.124],[121.485,18.149],[121.489,18.239],[121.481,18.263],[121.468,18.263],[121.465,18.285],[121.48,18.306],[121.416,18.324],[121.402,18.341],[121.319,18.387],[121.286,18.389],[121.249,18.429],[121.227,18.436],[121.222,18.501],[121.168,18.522],[121.169,18.539],[121.156,18.544],[121.118,18.543],[121.089,18.495],[121.094,18.542],[121.061,18.539],[121.043,18.528],[121.039,18.505],[121.023,18.499],[121.003,18.466],[120.959,18.463],[120.947,18.421],[120.948,18.382],[120.917,18.285],[120.927,18.242],[120.97,18.182],[120.928,18.088],[120.936,18.048],[120.928,18.021],[120.945,17.99],[120.91,17.95],[120.834,17.959],[120.784,17.911],[120.728,17.893],[120.691,17.835],[120.583,17.799],[120.543,17.735],[120.516,17.649],[120.498,17.625],[120.488,17.545],[120.468,17.515],[120.474,17.484],[120.518,17.5],[120.543,17.492],[120.565,17.502],[120.589,17.492],[120.578,17.43],[120.543,17.372],[120.539,17.344],[120.559,17.312],[120.612,17.302],[120.636,17.276],[120.678,17.257],[120.669,17.245],[120.683,17.244],[120.683,17.226],[120.672,17.193],[120.692,17.173],[120.734,17.168],[120.751,17.155],[120.786,17.159],[120.805,17.171],[120.812,17.156],[120.775,17.108],[120.768,17.067],[120.78,17.016],[120.785,16.921],[120.748,16.927],[120.734,16.915],[120.66,16.909],[120.625,16.878],[120.61,16.84],[120.586,16.837],[120.586,16.771],[120.599,16.738],[120.575,16.671],[120.556,16.658],[120.518,16.595],[120.513,16.55],[120.478,16.53],[120.467,16.503],[120.47,16.425],[120.45,16.409],[120.454,16.397],[120.445,16.386],[120.469,16.38],[120.484,16.359],[120.48,16.349],[120.496,16.345],[120.491,16.332],[120.517,16.249],[120.513,16.231],[120.558,16.218],[120.63,16.18],[120.769,16.198]]]}},{"type":"Feature","properties":{"slug":"R1","name":"Region I (Ilocos Region)","lng":120.48864,"lat":16.91201},"geometry":{"type":"MultiPolygon","coordinates":[[[[119.866,15.813],[119.867,15.815],[119.866,15.815],[119.864,15.813],[119.866,15.813]]],[[[119.778,15.882],[119.777,15.881],[119.778,15.88],[119.778,15.882]]],[[[119.774,15.915],[119.771,15.915],[119.772,15.914],[119.774,15.915]]],[[[120.117,16.123],[120.111,16.108],[120.125,16.111],[120.117,16.123]]],[[[120.04,16.195],[120.04,16.194],[120.041,16.194],[120.04,16.195]]],[[[120.031,16.196],[120.03,16.195],[120.032,16.193],[120.035,16.194],[120.031,16.196]]],[[[120.042,16.197],[120.04,16.196],[120.042,16.196],[120.043,16.195],[120.043,16.197],[120.042,16.197]]],[[[120.036,16.197],[120.036,16.198],[120.036,16.193],[120.037,16.194],[120.04,16.192],[120.038,16.194],[120.038,16.196],[120.036,16.195],[120.036,16.197]]],[[[120.032,16.202],[120.03,16.2],[120.032,16.199],[120.03,16.197],[120.031,16.197],[120.033,16.198],[120.034,16.196],[120.035,16.201],[120.033,16.199],[120.032,16.202]]],[[[120.042,16.205],[120.04,16.205],[120.042,16.203],[120.042,16.205]]],[[[120.038,16.206],[120.037,16.208],[120.036,16.206],[120.04,16.202],[120.038,16.206]]],[[[120.002,16.211],[119.996,16.211],[119.994,16.21],[119.998,16.208],[120.002,16.211]]],[[[120.039,16.211],[120.039,16.21],[120.043,16.21],[120.042,16.211],[120.039,16.211]]],[[[120.041,16.214],[120.039,16.213],[120.042,16.213],[120.041,16.214]]],[[[120.044,16.216],[120.044,16.214],[120.046,16.214],[120.044,16.216]]],[[[120.037,16.214],[120.038,16.216],[120.037,16.21],[120.037,16.214]]],[[[120.043,16.216],[120.041,16.216],[120.041,16.215],[120.043,16.216]]],[[[120.047,16.223],[120.046,16.221],[120.048,16.222],[120.047,16.223]]],[[[120.049,16.225],[120.048,16.225],[120.049,16.224],[120.049,16.225]]],[[[119.924,16.268],[119.923,16.267],[119.925,16.266],[119.924,16.268]]],[[[119.937,16.269],[119.936,16.268],[119.938,16.268],[119.937,16.269]]],[[[119.916,16.297],[119.916,16.299],[119.915,16.295],[119.916,16.297]]],[[[119.923,16.314],[119.921,16.313],[119.922,16.311],[119.924,16.313],[119.923,16.314]]],[[[119.944,16.346],[119.943,16.343],[119.944,16.342],[119.943,16.34],[119.945,16.341],[119.948,16.338],[119.952,16.337],[119.951,16.342],[119.949,16.342],[119.947,16.345],[119.944,16.346]]],[[[119.99,16.35],[119.97,16.349],[119.964,16.326],[119.943,16.331],[119.939,16.314],[119.917,16.299],[119.922,16.285],[119.935,16.296],[119.938,16.286],[119.949,16.285],[119.958,16.27],[119.949,16.267],[119.978,16.251],[119.996,16.219],[120.018,16.241],[120.019,16.253],[119.998,16.278],[120.023,16.313],[119.998,16.323],[120,16.339],[119.99,16.35]]],[[[119.943,16.354],[119.942,16.355],[119.941,16.353],[119.943,16.352],[119.943,16.354]]],[[[119.991,16.363],[119.986,16.361],[119.99,16.356],[119.989,16.359],[119.991,16.363]]],[[[119.962,16.367],[119.947,16.362],[119.947,16.351],[119.962,16.367]]],[[[119.962,16.408],[119.96,16.408],[119.962,16.405],[119.965,16.407],[119.962,16.408]]],[[[119.936,16.427],[119.913,16.422],[119.911,16.385],[119.927,16.39],[119.933,16.378],[119.962,16.37],[119.963,16.404],[119.956,16.4],[119.936,16.427]]],[[[119.924,16.444],[119.922,16.443],[119.922,16.44],[119.925,16.443],[119.924,16.444]]],[[[120.423,17.507],[120.388,17.501],[120.407,17.489],[120.421,17.496],[120.423,17.507]]],[[[120.408,17.512],[120.394,17.507],[120.393,17.506],[120.407,17.507],[120.411,17.508],[120.414,17.512],[120.408,17.512]]],[[[120.959,18.463],[120.974,18.577],[120.955,18.56],[120.91,18.564],[120.871,18.606],[120.846,18.651],[120.827,18.635],[120.799,18.633],[120.783,18.622],[120.778,18.601],[120.788,18.57],[120.762,18.54],[120.703,18.529],[120.625,18.546],[120.565,18.495],[120.596,18.405],[120.595,18.323],[120.549,18.234],[120.524,18.205],[120.512,18.135],[120.471,18.087],[120.481,18.057],[120.474,18.031],[120.498,17.997],[120.474,17.977],[120.465,17.944],[120.429,17.916],[120.445,17.902],[120.449,17.875],[120.44,17.866],[120.458,17.825],[120.436,17.824],[120.436,17.813],[120.402,17.798],[120.406,17.781],[120.426,17.774],[120.407,17.759],[120.429,17.755],[120.436,17.734],[120.42,17.728],[120.412,17.705],[120.38,17.695],[120.375,17.683],[120.363,17.684],[120.358,17.694],[120.352,17.683],[120.371,17.672],[120.352,17.634],[120.345,17.561],[120.393,17.511],[120.39,17.517],[120.419,17.516],[120.436,17.48],[120.432,17.45],[120.448,17.446],[120.461,17.408],[120.448,17.374],[120.453,17.356],[120.445,17.353],[120.444,17.337],[120.427,17.337],[120.422,17.288],[120.435,17.284],[120.422,17.276],[120.421,17.232],[120.404,17.211],[120.426,17.169],[120.45,16.998],[120.444,16.972],[120.402,16.906],[120.4,16.882],[120.335,16.836],[120.325,16.8],[120.341,16.735],[120.336,16.679],[120.308,16.644],[120.316,16.629],[120.31,16.615],[120.295,16.61],[120.282,16.625],[120.278,16.618],[120.299,16.603],[120.3,16.583],[120.32,16.575],[120.304,16.501],[120.322,16.489],[120.33,16.47],[120.334,16.42],[120.32,16.384],[120.344,16.345],[120.342,16.297],[120.376,16.238],[120.383,16.241],[120.364,16.273],[120.401,16.249],[120.426,16.172],[120.42,16.156],[120.333,16.076],[120.33,16.062],[120.328,16.069],[120.23,16.037],[120.192,16.049],[120.169,16.037],[120.142,16.038],[120.097,16.065],[120.099,16.081],[120.114,16.079],[120.093,16.095],[120.088,16.116],[120.105,16.125],[120.086,16.146],[120.106,16.135],[120.111,16.146],[120.088,16.168],[120.073,16.163],[120.073,16.179],[120.047,16.178],[120.045,16.192],[120.035,16.184],[120.043,16.195],[120.029,16.192],[120.022,16.169],[120.012,16.17],[120.002,16.195],[119.971,16.211],[119.977,16.228],[119.963,16.232],[119.957,16.22],[119.954,16.237],[119.93,16.243],[119.928,16.252],[119.918,16.248],[119.924,16.255],[119.913,16.262],[119.922,16.276],[119.913,16.295],[119.929,16.334],[119.93,16.367],[119.927,16.361],[119.919,16.367],[119.925,16.384],[119.91,16.378],[119.901,16.392],[119.882,16.394],[119.856,16.368],[119.856,16.357],[119.817,16.36],[119.791,16.336],[119.779,16.308],[119.773,16.25],[119.784,16.239],[119.767,16.217],[119.753,16.17],[119.771,16.165],[119.781,16.133],[119.762,16.107],[119.77,16.085],[119.756,16.047],[119.775,16.024],[119.76,16.012],[119.763,15.988],[119.75,15.964],[119.772,15.916],[119.784,15.932],[119.805,15.922],[119.815,15.957],[119.858,15.963],[119.893,15.877],[119.909,15.858],[119.913,15.836],[119.882,15.815],[119.903,15.807],[119.924,15.816],[119.927,15.807],[119.938,15.813],[119.942,15.804],[119.982,15.808],[120.003,15.824],[120.005,15.841],[120.015,15.841],[120.006,15.847],[120.018,15.871],[120.036,15.874],[120.047,15.852],[120.076,15.833],[120.105,15.823],[120.146,15.826],[120.16,15.769],[120.253,15.618],[120.271,15.642],[120.315,15.648],[120.328,15.681],[120.358,15.712],[120.36,15.733],[120.379,15.748],[120.428,15.754],[120.468,15.722],[120.551,15.764],[120.59,15.862],[120.604,15.861],[120.615,15.816],[120.747,15.851],[120.803,15.818],[120.819,15.793],[120.843,15.819],[120.839,15.831],[120.857,15.836],[120.869,15.856],[120.868,15.885],[120.902,15.913],[120.921,15.966],[120.87,16.119],[120.842,16.169],[120.769,16.198],[120.63,16.18],[120.558,16.218],[120.513,16.231],[120.517,16.249],[120.491,16.332],[120.496,16.345],[120.48,16.349],[120.484,16.359],[120.469,16.38],[120.445,16.386],[120.454,16.397],[120.45,16.409],[120.47,16.425],[120.467,16.503],[120.478,16.53],[120.513,16.55],[120.518,16.595],[120.556,16.658],[120.575,16.671],[120.599,16.738],[120.586,16.771],[120.586,16.837],[120.61,16.84],[120.625,16.878],[120.66,16.909],[120.734,16.915],[120.748,16.927],[120.785,16.921],[120.78,17.016],[120.768,17.067],[120.775,17.108],[120.812,17.156],[120.805,17.171],[120.786,17.159],[120.751,17.155],[120.734,17.168],[120.692,17.173],[120.672,17.193],[120.683,17.226],[120.683,17.244],[120.669,17.245],[120.678,17.257],[120.636,17.276],[120.612,17.302],[120.559,17.312],[120.539,17.344],[120.543,17.372],[120.578,17.43],[120.589,17.492],[120.565,17.502],[120.543,17.492],[120.518,17.5],[120.474,17.484],[120.468,17.515],[120.488,17.545],[120.498,17.625],[120.516,17.649],[120.543,17.735],[120.583,17.799],[120.691,17.835],[120.728,17.893],[120.784,17.911],[120.834,17.959],[120.91,17.95],[120.945,17.99],[120.928,18.021],[120.936,18.048],[120.928,18.088],[120.97,18.182],[120.927,18.242],[120.917,18.285],[120.948,18.382],[120.947,18.421],[120.959,18.463]]]]}},{"type":"Feature","properties":{"slug":"R2","name":"Region II (Cagayan Valley)","lng":121.73383,"lat":17.13311},"geometry":{"type":"MultiPolygon","coordinates":[[[[122.467,16.921],[122.467,16.92],[122.471,16.919],[122.467,16.921]]],[[[122.468,16.924],[122.467,16.923],[122.469,16.923],[122.468,16.924]]],[[[122.507,17.035],[122.506,17.034],[122.508,17.034],[122.509,17.031],[122.508,17.034],[122.507,17.035]]],[[[122.517,17.046],[122.515,17.044],[122.517,17.044],[122.517,17.046]]],[[[122.422,17.274],[122.421,17.274],[122.42,17.273],[122.422,17.273],[122.422,17.274]]],[[[122.385,17.316],[122.383,17.315],[122.385,17.315],[122.385,17.316]]],[[[122.392,17.351],[122.389,17.349],[122.391,17.345],[122.39,17.344],[122.392,17.344],[122.394,17.346],[122.392,17.351]]],[[[122.367,17.363],[122.365,17.362],[122.363,17.356],[122.368,17.357],[122.369,17.362],[122.367,17.363]]],[[[122.328,18.246],[122.33,18.247],[122.329,18.248],[122.325,18.247],[122.326,18.246],[122.328,18.246]]],[[[122.314,18.387],[122.313,18.386],[122.315,18.386],[122.314,18.387]]],[[[122.314,18.39],[122.311,18.389],[122.314,18.389],[122.315,18.39],[122.314,18.39]]],[[[122.309,18.396],[122.31,18.391],[122.314,18.391],[122.311,18.395],[122.309,18.396]]],[[[122.132,18.512],[122.131,18.508],[122.134,18.503],[122.136,18.505],[122.136,18.508],[122.137,18.509],[122.132,18.512]]],[[[122.158,18.528],[122.158,18.529],[122.157,18.527],[122.158,18.528]]],[[[122.133,18.582],[122.139,18.575],[122.121,18.573],[122.112,18.56],[122.112,18.548],[122.127,18.547],[122.116,18.536],[122.115,18.501],[122.133,18.519],[122.148,18.514],[122.153,18.523],[122.146,18.534],[122.156,18.545],[122.157,18.58],[122.133,18.582]]],[[[122.137,18.587],[122.139,18.585],[122.139,18.586],[122.137,18.587]]],[[[122.141,18.593],[122.141,18.591],[122.138,18.591],[122.138,18.589],[122.141,18.59],[122.142,18.591],[122.141,18.593]]],[[[120.769,16.198],[120.842,16.169],[120.87,16.119],[120.925,16.133],[120.988,16.126],[120.999,16.137],[121.048,16.138],[121.088,16.114],[121.122,16.115],[121.174,16.09],[121.185,16.072],[121.194,15.922],[121.285,15.754],[121.317,15.804],[121.471,15.887],[121.471,15.925],[121.464,15.927],[121.511,15.95],[121.629,16.064],[121.846,16.249],[122.059,16.509],[122.214,16.48],[122.231,16.484],[122.25,16.516],[122.279,16.526],[122.298,16.552],[122.367,16.695],[122.407,16.751],[122.419,16.788],[122.435,16.798],[122.43,16.828],[122.459,16.874],[122.46,16.914],[122.476,16.95],[122.466,16.961],[122.467,16.977],[122.487,17.02],[122.501,17.019],[122.499,17.034],[122.511,17.038],[122.507,17.054],[122.529,17.098],[122.51,17.142],[122.483,17.117],[122.448,17.115],[122.447,17.102],[122.442,17.12],[122.472,17.123],[122.438,17.123],[122.417,17.14],[122.411,17.172],[122.427,17.192],[122.422,17.21],[122.431,17.214],[122.419,17.222],[122.426,17.256],[122.413,17.275],[122.428,17.282],[122.44,17.241],[122.444,17.264],[122.439,17.29],[122.408,17.333],[122.393,17.341],[122.412,17.298],[122.4,17.29],[122.39,17.302],[122.398,17.312],[122.389,17.309],[122.373,17.321],[122.394,17.323],[122.373,17.353],[122.359,17.352],[122.354,17.334],[122.323,17.342],[122.313,17.333],[122.307,17.34],[122.295,17.334],[122.285,17.364],[122.265,17.354],[122.247,17.365],[122.254,17.388],[122.236,17.399],[122.25,17.412],[122.232,17.425],[122.204,17.478],[122.184,17.539],[122.188,17.561],[122.163,17.611],[122.167,17.669],[122.156,17.681],[122.169,17.699],[122.144,17.738],[122.149,17.755],[122.137,17.794],[122.157,17.817],[122.15,17.836],[122.168,17.848],[122.163,17.878],[122.175,17.897],[122.188,17.901],[122.191,17.918],[122.178,17.933],[122.177,17.968],[122.185,17.975],[122.179,17.987],[122.19,18.002],[122.174,18.035],[122.184,18.06],[122.168,18.064],[122.167,18.087],[122.181,18.116],[122.195,18.117],[122.216,18.152],[122.263,18.17],[122.266,18.186],[122.303,18.219],[122.299,18.229],[122.321,18.249],[122.338,18.309],[122.325,18.336],[122.32,18.38],[122.25,18.449],[122.234,18.518],[122.219,18.523],[122.199,18.51],[122.167,18.522],[122.159,18.516],[122.164,18.511],[122.149,18.511],[122.147,18.479],[122.125,18.427],[122.132,18.388],[122.118,18.375],[122.108,18.38],[122.113,18.387],[122.1,18.382],[122.098,18.365],[122.064,18.344],[122.026,18.299],[121.942,18.268],[121.903,18.266],[121.64,18.36],[121.629,18.363],[121.622,18.351],[121.603,18.374],[121.521,18.413],[121.452,18.46],[121.316,18.52],[121.203,18.605],[121.161,18.622],[121.097,18.627],[121.092,18.614],[121.063,18.607],[121.035,18.62],[121.024,18.606],[121.001,18.595],[120.99,18.599],[120.971,18.58],[120.975,18.557],[120.959,18.463],[121.003,18.466],[121.023,18.499],[121.039,18.505],[121.043,18.528],[121.061,18.539],[121.094,18.542],[121.089,18.495],[121.118,18.543],[121.156,18.544],[121.169,18.539],[121.168,18.522],[121.222,18.501],[121.227,18.436],[121.249,18.429],[121.286,18.389],[121.319,18.387],[121.402,18.341],[121.416,18.324],[121.48,18.306],[121.465,18.285],[121.468,18.263],[121.481,18.263],[121.489,18.239],[121.485,18.149],[121.46,18.124],[121.46,18.049],[121.428,18.035],[121.364,18.062],[121.347,18.039],[121.349,18.025],[121.332,17.991],[121.322,17.989],[121.327,17.975],[121.315,17.971],[121.357,17.913],[121.316,17.828],[121.319,17.815],[121.306,17.815],[121.325,17.803],[121.359,17.805],[121.388,17.794],[121.425,17.74],[121.44,17.666],[121.451,17.661],[121.466,17.672],[121.477,17.669],[121.472,17.66],[121.485,17.647],[121.476,17.645],[121.497,17.591],[121.547,17.581],[121.6,17.548],[121.603,17.563],[121.614,17.56],[121.647,17.5],[121.629,17.418],[121.606,17.421],[121.582,17.354],[121.56,17.35],[121.533,17.297],[121.53,17.275],[121.545,17.265],[121.549,17.197],[121.562,17.185],[121.56,17.145],[121.568,17.131],[121.571,17.041],[121.569,17.019],[121.559,17.012],[121.563,16.967],[121.573,16.969],[121.562,16.953],[121.57,16.948],[121.568,16.91],[121.549,16.874],[121.538,16.878],[121.521,16.839],[121.42,16.817],[121.386,16.797],[121.372,16.798],[121.378,16.79],[121.358,16.787],[121.355,16.774],[121.354,16.784],[121.339,16.788],[121.346,16.769],[121.326,16.758],[121.339,16.755],[121.314,16.718],[121.314,16.697],[121.288,16.688],[121.29,16.658],[121.276,16.669],[121.259,16.651],[121.236,16.654],[121.212,16.642],[121.135,16.645],[121.106,16.631],[121.072,16.628],[120.984,16.569],[120.948,16.579],[120.93,16.6],[120.904,16.595],[120.883,16.505],[120.889,16.436],[120.846,16.32],[120.8,16.305],[120.769,16.198]]],[[[121.253,18.876],[121.242,18.86],[121.256,18.853],[121.264,18.868],[121.253,18.876]]],[[[121.822,18.877],[121.822,18.875],[121.824,18.873],[121.822,18.877]]],[[[121.253,18.889],[121.251,18.887],[121.252,18.885],[121.264,18.877],[121.27,18.88],[121.269,18.884],[121.26,18.884],[121.257,18.886],[121.257,18.887],[121.253,18.889]]],[[[121.415,18.906],[121.309,18.877],[121.285,18.885],[121.275,18.858],[121.283,18.847],[121.316,18.84],[121.453,18.856],[121.483,18.881],[121.462,18.881],[121.415,18.906]]],[[[121.834,18.908],[121.83,18.904],[121.834,18.897],[121.839,18.896],[121.839,18.905],[121.834,18.908]]],[[[121.219,18.987],[121.214,18.982],[121.214,18.98],[121.216,18.98],[121.218,18.982],[121.219,18.987]]],[[[121.918,19.004],[121.897,19.001],[121.867,18.974],[121.871,18.947],[121.849,18.923],[121.869,18.902],[121.864,18.882],[121.828,18.875],[121.837,18.822],[121.855,18.812],[121.877,18.827],[121.891,18.868],[121.943,18.893],[121.939,18.899],[121.956,18.908],[121.951,18.927],[121.989,18.943],[121.992,18.961],[121.965,18.973],[121.945,19.003],[121.918,19.004]]],[[[121.218,19.171],[121.195,19.108],[121.197,19.067],[121.214,19.039],[121.235,19.031],[121.238,19.013],[121.249,19.013],[121.248,19.105],[121.232,19.155],[121.218,19.171]]],[[[121.407,19.393],[121.391,19.391],[121.389,19.369],[121.368,19.36],[121.355,19.367],[121.347,19.357],[121.391,19.329],[121.39,19.301],[121.403,19.283],[121.415,19.286],[121.512,19.244],[121.512,19.26],[121.539,19.267],[121.539,19.288],[121.522,19.321],[121.532,19.351],[121.524,19.388],[121.488,19.367],[121.407,19.393]]],[[[121.509,19.447],[121.505,19.436],[121.515,19.423],[121.509,19.447]]],[[[121.97,19.574],[121.944,19.555],[121.893,19.545],[121.902,19.514],[121.959,19.476],[121.994,19.513],[121.993,19.553],[121.97,19.574]]],[[[121.809,20.337],[121.8,20.334],[121.798,20.314],[121.807,20.299],[121.82,20.326],[121.809,20.337]]],[[[121.783,20.339],[121.781,20.338],[121.78,20.337],[121.777,20.337],[121.779,20.334],[121.786,20.33],[121.787,20.328],[121.79,20.329],[121.791,20.333],[121.783,20.339]]],[[[121.845,20.356],[121.838,20.325],[121.847,20.293],[121.841,20.287],[121.861,20.26],[121.87,20.283],[121.886,20.288],[121.889,20.313],[121.872,20.34],[121.845,20.356]]],[[[122.003,20.489],[121.957,20.47],[121.968,20.447],[121.946,20.416],[121.926,20.408],[121.915,20.347],[121.947,20.347],[121.96,20.366],[121.972,20.367],[121.98,20.392],[121.965,20.399],[121.962,20.413],[121.986,20.428],[121.986,20.438],[122.035,20.465],[122.028,20.481],[122.003,20.489]]],[[[121.943,20.7],[121.942,20.699],[121.943,20.698],[121.943,20.7]]],[[[121.933,20.712],[121.921,20.7],[121.935,20.698],[121.933,20.712]]],[[[121.86,20.836],[121.837,20.825],[121.815,20.76],[121.798,20.751],[121.783,20.722],[121.8,20.689],[121.846,20.714],[121.857,20.751],[121.876,20.759],[121.868,20.783],[121.883,20.81],[121.86,20.836]]],[[[121.901,20.909],[121.898,20.905],[121.9,20.903],[121.899,20.901],[121.901,20.899],[121.903,20.899],[121.905,20.901],[121.907,20.9],[121.906,20.904],[121.908,20.905],[121.901,20.909]]],[[[121.92,20.936],[121.914,20.93],[121.932,20.922],[121.92,20.936]]],[[[121.935,21.07],[121.928,21.066],[121.928,21.062],[121.933,21.061],[121.935,21.062],[121.936,21.068],[121.935,21.07]]],[[[121.946,21.122],[121.949,21.103],[121.956,21.114],[121.946,21.122]]]]}},{"type":"Feature","properties":{"slug":"R3","name":"Region III (Central Luzon)","lng":120.824,"lat":15.39211},"geometry":{"type":"MultiPolygon","coordinates":[[[[120.117,14.763],[120.114,14.763],[120.114,14.762],[120.119,14.762],[120.117,14.763]]],[[[120.103,14.769],[120.104,14.757],[120.114,14.764],[120.103,14.769]]],[[[120.224,14.776],[120.224,14.768],[120.226,14.768],[120.23,14.77],[120.23,14.774],[120.226,14.774],[120.224,14.776]]],[[[120.232,14.856],[120.233,14.857],[120.231,14.855],[120.23,14.854],[120.231,14.852],[120.234,14.851],[120.232,14.852],[120.232,14.856]]],[[[119.899,15.496],[119.897,15.498],[119.893,15.498],[119.891,15.495],[119.892,15.491],[119.9,15.494],[119.899,15.496]]],[[[119.924,15.529],[119.905,15.528],[119.908,15.508],[119.931,15.524],[119.924,15.529]]],[[[121.595,15.632],[121.592,15.631],[121.595,15.63],[121.595,15.632]]],[[[119.827,15.742],[119.82,15.729],[119.833,15.74],[119.827,15.742]]],[[[119.788,15.812],[119.794,15.778],[119.805,15.805],[119.788,15.812]]],[[[119.864,15.813],[119.865,15.811],[119.866,15.813],[119.864,15.813]]],[[[122.131,16.259],[122.13,16.259],[122.131,16.254],[122.133,16.256],[122.131,16.259]]],[[[122.237,16.313],[122.235,16.31],[122.238,16.312],[122.237,16.313]]],[[[121.1,14.769],[121.137,14.804],[121.151,14.802],[121.165,14.823],[121.208,14.818],[121.221,14.82],[121.222,14.834],[121.253,14.829],[121.333,14.841],[121.338,14.947],[121.357,15.012],[121.345,15.04],[121.362,15.074],[121.37,15.071],[121.376,15.081],[121.374,15.096],[121.395,15.105],[121.397,15.146],[121.404,15.153],[121.395,15.163],[121.385,15.156],[121.38,15.168],[121.402,15.172],[121.408,15.183],[121.402,15.204],[121.417,15.217],[121.384,15.281],[121.374,15.336],[121.396,15.38],[121.405,15.385],[121.432,15.365],[121.431,15.381],[121.441,15.382],[121.455,15.411],[121.484,15.429],[121.474,15.435],[121.488,15.459],[121.494,15.524],[121.514,15.543],[121.532,15.546],[121.532,15.562],[121.564,15.591],[121.562,15.605],[121.584,15.623],[121.583,15.632],[121.616,15.648],[121.615,15.67],[121.588,15.673],[121.611,15.684],[121.61,15.707],[121.639,15.705],[121.635,15.752],[121.599,15.763],[121.576,15.754],[121.561,15.775],[121.548,15.837],[121.555,15.9],[121.579,15.928],[121.625,15.951],[121.627,15.966],[121.65,15.97],[121.665,16.006],[121.743,16.07],[121.762,16.076],[121.78,16.062],[121.813,16.086],[121.837,16.09],[121.873,16.122],[121.937,16.126],[121.967,16.136],[121.988,16.161],[122.019,16.18],[122.039,16.174],[122.058,16.19],[122.079,16.19],[122.064,16.225],[122.07,16.241],[122.088,16.247],[122.085,16.259],[122.093,16.264],[122.132,16.261],[122.14,16.255],[122.136,16.237],[122.116,16.213],[122.095,16.205],[122.094,16.172],[122.084,16.154],[122.015,16.086],[121.989,16.029],[122.005,16.03],[122.018,16.05],[122.032,16.049],[122.073,16.091],[122.07,16.12],[122.108,16.147],[122.143,16.192],[122.203,16.238],[122.208,16.271],[122.234,16.304],[122.234,16.31],[122.215,16.294],[122.193,16.29],[122.18,16.303],[122.191,16.334],[122.23,16.366],[122.243,16.421],[122.238,16.429],[122.228,16.395],[122.221,16.395],[122.2,16.415],[122.199,16.433],[122.228,16.458],[122.234,16.487],[122.214,16.48],[122.059,16.509],[121.846,16.249],[121.629,16.064],[121.511,15.95],[121.464,15.927],[121.471,15.925],[121.471,15.887],[121.317,15.804],[121.285,15.754],[121.194,15.922],[121.182,16.079],[121.122,16.115],[121.088,16.114],[121.048,16.138],[120.999,16.137],[120.988,16.126],[120.925,16.133],[120.87,16.119],[120.921,15.966],[120.902,15.913],[120.868,15.885],[120.869,15.856],[120.857,15.836],[120.839,15.831],[120.843,15.819],[120.819,15.793],[120.803,15.818],[120.747,15.851],[120.615,15.816],[120.604,15.861],[120.59,15.862],[120.551,15.764],[120.468,15.722],[120.428,15.754],[120.379,15.748],[120.36,15.733],[120.358,15.712],[120.328,15.681],[120.315,15.648],[120.271,15.642],[120.253,15.618],[120.16,15.769],[120.146,15.826],[120.105,15.823],[120.076,15.833],[120.047,15.852],[120.036,15.874],[120.018,15.871],[120.006,15.847],[120.015,15.841],[120.005,15.841],[120.003,15.824],[119.982,15.808],[119.942,15.804],[119.938,15.813],[119.927,15.807],[119.924,15.816],[119.917,15.808],[119.887,15.812],[119.911,15.759],[119.905,15.746],[119.89,15.75],[119.869,15.733],[119.9,15.701],[119.917,15.706],[119.934,15.693],[119.924,15.64],[119.904,15.622],[119.912,15.598],[119.919,15.599],[119.917,15.56],[119.929,15.555],[119.927,15.571],[119.951,15.571],[119.937,15.555],[119.951,15.545],[119.945,15.533],[119.968,15.52],[119.96,15.517],[119.969,15.506],[119.947,15.498],[119.942,15.478],[119.92,15.476],[119.903,15.492],[119.902,15.47],[119.919,15.449],[119.89,15.431],[119.909,15.416],[119.904,15.402],[119.965,15.349],[119.964,15.327],[120.016,15.266],[120.011,15.234],[120.059,15.065],[120.054,15.037],[120.065,15.006],[120.056,14.938],[120.062,14.918],[120.053,14.887],[120.071,14.878],[120.064,14.871],[120.075,14.862],[120.07,14.854],[120.084,14.854],[120.08,14.814],[120.094,14.823],[120.109,14.817],[120.086,14.8],[120.084,14.785],[120.121,14.783],[120.134,14.769],[120.119,14.758],[120.149,14.756],[120.159,14.738],[120.17,14.748],[120.178,14.741],[120.215,14.809],[120.206,14.873],[120.223,14.878],[120.233,14.876],[120.244,14.849],[120.267,14.847],[120.269,14.822],[120.298,14.817],[120.288,14.793],[120.263,14.805],[120.258,14.788],[120.281,14.78],[120.242,14.761],[120.249,14.748],[120.278,14.744],[120.28,14.736],[120.254,14.734],[120.248,14.692],[120.266,14.669],[120.289,14.659],[120.302,14.635],[120.313,14.64],[120.312,14.626],[120.331,14.636],[120.346,14.632],[120.349,14.62],[120.368,14.626],[120.393,14.588],[120.383,14.569],[120.391,14.559],[120.381,14.549],[120.39,14.538],[120.375,14.525],[120.377,14.498],[120.39,14.48],[120.381,14.475],[120.394,14.47],[120.389,14.459],[120.422,14.453],[120.425,14.441],[120.447,14.446],[120.457,14.426],[120.467,14.426],[120.464,14.42],[120.472,14.421],[120.469,14.414],[120.48,14.419],[120.476,14.409],[120.484,14.417],[120.498,14.408],[120.486,14.433],[120.508,14.438],[120.513,14.425],[120.532,14.43],[120.537,14.419],[120.571,14.426],[120.615,14.48],[120.608,14.484],[120.61,14.502],[120.618,14.499],[120.611,14.502],[120.615,14.522],[120.606,14.529],[120.613,14.534],[120.601,14.539],[120.586,14.592],[120.584,14.643],[120.566,14.69],[120.559,14.689],[120.567,14.694],[120.563,14.701],[120.56,14.694],[120.545,14.721],[120.555,14.75],[120.539,14.809],[120.544,14.814],[120.554,14.791],[120.556,14.809],[120.542,14.821],[120.577,14.824],[120.581,14.814],[120.585,14.822],[120.57,14.849],[120.585,14.824],[120.602,14.83],[120.611,14.805],[120.622,14.812],[120.622,14.793],[120.633,14.798],[120.652,14.768],[120.694,14.775],[120.724,14.763],[120.738,14.773],[120.75,14.759],[120.758,14.778],[120.756,14.759],[120.766,14.769],[120.784,14.757],[120.791,14.768],[120.801,14.755],[120.817,14.76],[120.819,14.778],[120.822,14.758],[120.83,14.758],[120.827,14.771],[120.841,14.766],[120.837,14.746],[120.861,14.722],[120.881,14.72],[120.888,14.71],[120.905,14.724],[120.906,14.701],[120.918,14.713],[120.945,14.688],[120.953,14.694],[120.927,14.736],[120.949,14.734],[120.96,14.72],[120.983,14.725],[120.979,14.735],[120.989,14.757],[121.024,14.763],[121.031,14.784],[121.1,14.769]]]]}},{"type":"Feature","properties":{"slug":"R4A","name":"Region IV-A (CALABARZON)","lng":121.53893,"lat":14.1261},"geometry":{"type":"MultiPolygon","coordinates":[[[[122.722,13.365],[122.713,13.345],[122.719,13.324],[122.722,13.365]]],[[[121.089,13.569],[121.06,13.563],[121.042,13.571],[121.044,13.559],[121.08,13.526],[121.099,13.534],[121.089,13.569]]],[[[120.949,13.631],[120.948,13.631],[120.948,13.63],[120.952,13.629],[120.949,13.631]]],[[[120.831,13.688],[120.842,13.651],[120.866,13.646],[120.873,13.635],[120.905,13.624],[120.946,13.638],[120.934,13.655],[120.885,13.655],[120.841,13.672],[120.831,13.688]]],[[[120.843,13.692],[120.84,13.681],[120.842,13.68],[120.841,13.676],[120.843,13.674],[120.844,13.681],[120.844,13.685],[120.843,13.686],[120.844,13.688],[120.843,13.692]]],[[[121.779,13.902],[121.778,13.901],[121.779,13.9],[121.779,13.902]]],[[[121.755,13.943],[121.746,13.938],[121.753,13.924],[121.738,13.919],[121.747,13.909],[121.742,13.892],[121.755,13.884],[121.755,13.892],[121.786,13.909],[121.781,13.879],[121.792,13.88],[121.802,13.899],[121.785,13.911],[121.79,13.939],[121.755,13.943]]],[[[122.216,13.945],[122.214,13.944],[122.216,13.943],[122.216,13.945]]],[[[121.717,13.952],[121.716,13.945],[121.719,13.945],[121.72,13.949],[121.717,13.952]]],[[[120.487,14.062],[120.491,14.055],[120.495,14.052],[120.495,14.055],[120.489,14.061],[120.487,14.062]]],[[[120.571,14.15],[120.57,14.149],[120.572,14.149],[120.571,14.15]]],[[[120.572,14.152],[120.572,14.15],[120.575,14.149],[120.576,14.15],[120.572,14.152]]],[[[122.149,14.177],[122.148,14.177],[122.147,14.173],[122.151,14.169],[122.148,14.174],[122.149,14.177]]],[[[120.58,14.193],[120.578,14.19],[120.581,14.191],[120.58,14.193]]],[[[120.579,14.2],[120.578,14.198],[120.58,14.199],[120.579,14.2]]],[[[121.207,14.217],[121.203,14.22],[121.203,14.218],[121.207,14.217]]],[[[121.93,14.236],[121.914,14.188],[121.918,14.195],[121.926,14.191],[121.985,14.112],[122.038,14.09],[122.057,14.064],[122.09,14.052],[122.113,14.027],[122.159,14.001],[122.187,14.006],[122.171,14.046],[122.139,14.068],[122.128,14.087],[122.021,14.153],[121.93,14.236]]],[[[120.59,14.24],[120.59,14.238],[120.587,14.237],[120.59,14.236],[120.59,14.235],[120.595,14.231],[120.595,14.233],[120.59,14.24]]],[[[121.901,14.243],[121.9,14.242],[121.903,14.243],[121.901,14.243]]],[[[120.614,14.272],[120.613,14.272],[120.614,14.268],[120.612,14.267],[120.616,14.264],[120.614,14.272]]],[[[121.312,14.285],[121.311,14.283],[121.313,14.284],[121.312,14.285]]],[[[121.308,14.278],[121.31,14.28],[121.309,14.285],[121.307,14.282],[121.308,14.278]]],[[[120.715,14.297],[120.711,14.294],[120.713,14.288],[120.715,14.297]]],[[[121.249,14.301],[121.247,14.303],[121.244,14.302],[121.245,14.298],[121.248,14.298],[121.251,14.301],[121.249,14.301]]],[[[121.826,14.306],[121.804,14.293],[121.821,14.249],[121.851,14.299],[121.826,14.306]]],[[[121.258,14.31],[121.26,14.312],[121.258,14.312],[121.258,14.31]]],[[[121.419,14.336],[121.417,14.336],[121.419,14.335],[121.419,14.336]]],[[[120.623,14.367],[120.623,14.37],[120.62,14.367],[120.612,14.365],[120.619,14.365],[120.623,14.367]]],[[[120.608,14.394],[120.562,14.384],[120.58,14.372],[120.593,14.388],[120.62,14.386],[120.608,14.394]]],[[[121.432,14.396],[121.431,14.398],[121.431,14.396],[121.432,14.396]]],[[[121.231,14.402],[121.225,14.423],[121.214,14.35],[121.237,14.287],[121.242,14.33],[121.266,14.337],[121.241,14.349],[121.231,14.402]]],[[[122.044,14.44],[122.043,14.438],[122.045,14.438],[122.044,14.44]]],[[[122.047,14.44],[122.046,14.44],[122.047,14.438],[122.047,14.44]]],[[[122.031,14.445],[122.034,14.394],[122.046,14.424],[122.031,14.445]]],[[[121.246,14.487],[121.246,14.487],[121.244,14.486],[121.246,14.487]]],[[[122.404,14.734],[122.36,14.712],[122.334,14.711],[122.307,14.676],[122.387,14.68],[122.436,14.695],[122.434,14.71],[122.404,14.734]]],[[[121.656,14.78],[121.654,14.778],[121.657,14.779],[121.658,14.777],[121.656,14.78]]],[[[122.263,14.806],[122.262,14.803],[122.264,14.802],[122.264,14.805],[122.263,14.806]]],[[[122.025,14.807],[122.02,14.805],[122.021,14.804],[122.024,14.8],[122.03,14.801],[122.025,14.807]]],[[[122.247,14.826],[122.253,14.806],[122.258,14.809],[122.247,14.826]]],[[[122.151,14.843],[122.149,14.843],[122.147,14.84],[122.152,14.84],[122.151,14.843]]],[[[122.213,14.844],[122.21,14.843],[122.212,14.843],[122.213,14.844]]],[[[122.004,14.845],[121.999,14.842],[121.998,14.834],[122,14.834],[121.999,14.836],[122.005,14.836],[122.006,14.842],[122.004,14.845]]],[[[122.184,14.845],[122.137,14.828],[122.125,14.842],[122.106,14.835],[122.094,14.842],[122.106,14.807],[122.229,14.751],[122.243,14.721],[122.255,14.725],[122.259,14.759],[122.25,14.772],[122.259,14.788],[122.243,14.795],[122.232,14.786],[122.192,14.806],[122.214,14.841],[122.196,14.83],[122.184,14.845]]],[[[122.189,14.846],[122.187,14.846],[122.188,14.844],[122.189,14.845],[122.189,14.846]]],[[[122.14,14.846],[122.136,14.845],[122.134,14.846],[122.132,14.844],[122.131,14.845],[122.129,14.842],[122.13,14.841],[122.129,14.838],[122.13,14.836],[122.134,14.835],[122.135,14.838],[122.14,14.839],[122.142,14.844],[122.14,14.846]]],[[[122.194,14.848],[122.193,14.847],[122.195,14.847],[122.194,14.848]]],[[[122.21,14.851],[122.207,14.848],[122.213,14.848],[122.21,14.851]]],[[[122.209,14.869],[122.205,14.866],[122.205,14.865],[122.212,14.866],[122.209,14.869]]],[[[122.023,14.878],[122.013,14.872],[122.025,14.846],[122.037,14.849],[122.044,14.841],[122.062,14.854],[122.084,14.842],[122.063,14.868],[122.034,14.876],[122.027,14.868],[122.023,14.878]]],[[[122.008,14.884],[121.995,14.88],[122.013,14.879],[122.008,14.884]]],[[[122.16,14.884],[122.157,14.882],[122.16,14.875],[122.163,14.876],[122.165,14.882],[122.16,14.884]]],[[[122.112,14.895],[122.109,14.892],[122.113,14.892],[122.112,14.895]]],[[[122.117,14.903],[122.114,14.901],[122.112,14.897],[122.116,14.895],[122.121,14.897],[122.117,14.901],[122.117,14.903]]],[[[122.02,14.905],[122.005,14.901],[122.007,14.893],[122.02,14.905]]],[[[122.04,14.916],[122.028,14.914],[122.035,14.91],[122.038,14.91],[122.04,14.916]]],[[[122.147,14.917],[122.141,14.898],[122.15,14.893],[122.157,14.906],[122.147,14.917]]],[[[122.185,14.918],[122.187,14.913],[122.188,14.915],[122.185,14.918]]],[[[122.185,14.923],[122.183,14.922],[122.184,14.92],[122.185,14.923]]],[[[122.176,14.933],[122.172,14.933],[122.172,14.931],[122.173,14.93],[122.176,14.925],[122.181,14.924],[122.181,14.926],[122.184,14.925],[122.18,14.931],[122.176,14.933]]],[[[122.053,14.934],[122.046,14.93],[122.044,14.926],[122.054,14.929],[122.054,14.931],[122.053,14.932],[122.054,14.933],[122.053,14.934]]],[[[122.062,14.95],[122.06,14.948],[122.063,14.947],[122.064,14.949],[122.062,14.95]]],[[[122.157,14.951],[122.138,14.925],[122.149,14.922],[122.161,14.938],[122.157,14.951]]],[[[122.031,15.017],[122.027,15.017],[122.028,15.015],[122.03,15.015],[122.033,15.016],[122.031,15.017]]],[[[121.935,15.059],[121.893,15.036],[121.891,15.028],[121.88,15.037],[121.868,15.03],[121.867,15.022],[121.856,15.04],[121.837,15.039],[121.827,15.022],[121.836,15.006],[121.827,15.012],[121.84,14.989],[121.832,14.983],[121.835,14.995],[121.825,14.995],[121.832,15.003],[121.82,15.003],[121.818,14.971],[121.801,14.936],[121.809,14.924],[121.821,14.937],[121.831,14.928],[121.833,14.947],[121.823,14.956],[121.835,14.955],[121.834,14.932],[121.855,14.922],[121.85,14.91],[121.873,14.877],[121.878,14.835],[121.909,14.803],[121.938,14.712],[121.918,14.706],[121.905,14.724],[121.903,14.679],[121.914,14.641],[121.939,14.627],[121.975,14.642],[122.004,14.667],[122.037,14.715],[122.021,14.764],[122.022,14.814],[122.007,14.822],[122.009,14.834],[121.996,14.831],[121.981,14.841],[121.98,14.86],[121.967,14.869],[121.977,14.882],[121.967,14.889],[121.967,14.907],[121.977,14.91],[121.979,14.901],[121.992,14.914],[122.021,14.921],[122.011,14.948],[122.019,14.968],[121.998,14.952],[121.991,14.958],[122.012,14.989],[122.031,14.992],[122.054,14.952],[122.056,14.965],[122.05,15.006],[122.036,15.013],[122.007,15.007],[122.019,15.03],[121.992,15.046],[121.97,15.037],[121.975,15.05],[121.955,15.058],[121.944,15.055],[121.947,15.043],[121.936,15.04],[121.935,15.059]]],[[[121.104,14.516],[121.117,14.515],[121.118,14.531],[121.139,14.536],[121.146,14.514],[121.163,14.511],[121.185,14.483],[121.183,14.464],[121.203,14.448],[121.216,14.411],[121.22,14.474],[121.235,14.473],[121.242,14.503],[121.256,14.495],[121.258,14.504],[121.273,14.505],[121.281,14.484],[121.301,14.484],[121.303,14.469],[121.325,14.461],[121.339,14.416],[121.32,14.341],[121.305,14.327],[121.303,14.3],[121.312,14.286],[121.358,14.332],[121.398,14.351],[121.409,14.391],[121.416,14.397],[121.432,14.387],[121.433,14.406],[121.435,14.392],[121.451,14.397],[121.449,14.389],[121.473,14.372],[121.473,14.317],[121.458,14.315],[121.464,14.324],[121.441,14.346],[121.438,14.336],[121.429,14.344],[121.418,14.334],[121.441,14.32],[121.436,14.301],[121.424,14.304],[121.44,14.289],[121.417,14.288],[121.414,14.306],[121.401,14.302],[121.397,14.286],[121.35,14.26],[121.342,14.242],[121.316,14.228],[121.289,14.194],[121.263,14.189],[121.237,14.198],[121.213,14.178],[121.206,14.187],[121.182,14.186],[121.178,14.197],[121.192,14.216],[121.184,14.236],[121.173,14.238],[121.163,14.269],[121.129,14.297],[121.125,14.316],[121.094,14.342],[121.09,14.357],[121.069,14.362],[121.057,14.379],[121.019,14.353],[121.007,14.354],[121.012,14.38],[120.97,14.447],[120.97,14.475],[120.927,14.461],[120.919,14.468],[120.913,14.449],[120.906,14.458],[120.902,14.449],[120.9,14.457],[120.89,14.451],[120.885,14.46],[120.897,14.475],[120.921,14.481],[120.903,14.484],[120.918,14.499],[120.9,14.496],[120.871,14.431],[120.846,14.418],[120.837,14.396],[120.791,14.361],[120.769,14.332],[120.732,14.316],[120.715,14.287],[120.662,14.285],[120.658,14.278],[120.655,14.286],[120.649,14.274],[120.643,14.279],[120.635,14.265],[120.631,14.272],[120.623,14.267],[120.621,14.221],[120.588,14.23],[120.584,14.212],[120.595,14.21],[120.583,14.194],[120.597,14.189],[120.594,14.18],[120.608,14.186],[120.613,14.178],[120.575,14.171],[120.59,14.168],[120.597,14.162],[120.585,14.157],[120.605,14.156],[120.61,14.146],[120.586,14.144],[120.593,14.133],[120.568,14.135],[120.596,14.13],[120.593,14.119],[120.624,14.109],[120.615,14.012],[120.632,13.983],[120.625,13.969],[120.603,13.974],[120.619,13.955],[120.612,13.94],[120.626,13.897],[120.617,13.882],[120.624,13.846],[120.618,13.835],[120.622,13.822],[120.631,13.821],[120.621,13.811],[120.65,13.772],[120.665,13.77],[120.676,13.789],[120.652,13.83],[120.657,13.857],[120.687,13.854],[120.712,13.84],[120.723,13.849],[120.698,13.891],[120.708,13.922],[120.741,13.936],[120.79,13.928],[120.88,13.902],[120.913,13.874],[120.915,13.83],[120.902,13.822],[120.928,13.781],[120.927,13.762],[120.907,13.755],[120.873,13.72],[120.893,13.683],[120.917,13.7],[120.963,13.772],[120.979,13.782],[121.002,13.782],[121.043,13.767],[121.042,13.751],[121.06,13.739],[121.061,13.708],[121.049,13.693],[121.053,13.666],[121.037,13.634],[121.07,13.631],[121.078,13.619],[121.184,13.645],[121.204,13.627],[121.233,13.628],[121.259,13.598],[121.286,13.597],[121.363,13.659],[121.397,13.672],[121.42,13.655],[121.469,13.684],[121.461,13.7],[121.443,13.696],[121.452,13.723],[121.439,13.734],[121.432,13.765],[121.439,13.794],[121.474,13.839],[121.57,13.883],[121.575,13.873],[121.572,13.884],[121.603,13.899],[121.618,13.89],[121.624,13.908],[121.667,13.912],[121.68,13.924],[121.708,13.922],[121.689,13.95],[121.695,13.961],[121.706,13.959],[121.714,13.971],[121.749,13.969],[121.784,13.939],[121.79,13.949],[121.818,13.941],[121.81,13.914],[121.829,13.899],[121.823,13.893],[121.837,13.903],[121.844,13.891],[121.849,13.902],[121.856,13.885],[121.87,13.897],[121.883,13.89],[121.89,13.862],[121.904,13.854],[121.975,13.84],[121.981,13.806],[122.028,13.807],[122.023,13.798],[122.054,13.775],[122.074,13.78],[122.077,13.792],[122.091,13.78],[122.099,13.785],[122.101,13.77],[122.133,13.745],[122.138,13.72],[122.145,13.713],[122.151,13.72],[122.174,13.67],[122.203,13.638],[122.199,13.62],[122.208,13.602],[122.218,13.608],[122.239,13.597],[122.267,13.607],[122.278,13.593],[122.262,13.581],[122.28,13.574],[122.29,13.591],[122.322,13.59],[122.338,13.574],[122.333,13.559],[122.402,13.524],[122.413,13.484],[122.488,13.411],[122.523,13.328],[122.522,13.303],[122.51,13.295],[122.523,13.28],[122.511,13.271],[122.514,13.252],[122.503,13.246],[122.541,13.218],[122.565,13.179],[122.599,13.162],[122.624,13.172],[122.659,13.209],[122.703,13.225],[122.691,13.268],[122.677,13.275],[122.678,13.37],[122.663,13.419],[122.605,13.498],[122.601,13.522],[122.584,13.527],[122.563,13.554],[122.565,13.563],[122.581,13.563],[122.618,13.513],[122.635,13.515],[122.634,13.529],[122.575,13.575],[122.545,13.582],[122.546,13.601],[122.497,13.647],[122.502,13.668],[122.481,13.697],[122.485,13.729],[122.523,13.732],[122.509,13.769],[122.51,13.81],[122.525,13.816],[122.508,13.821],[122.508,13.836],[122.486,13.848],[122.42,13.943],[122.437,13.944],[122.449,13.926],[122.474,13.936],[122.484,13.925],[122.509,13.926],[122.508,13.933],[122.525,13.923],[122.53,13.963],[122.551,13.946],[122.584,13.962],[122.793,14.014],[122.452,14.15],[122.432,14.114],[122.384,14.067],[122.304,14.067],[122.312,14.136],[122.309,14.142],[122.288,14.12],[122.268,14.124],[122.266,14.15],[122.274,14.162],[122.259,14.173],[122.277,14.235],[122.273,14.246],[122.25,14.242],[122.245,14.186],[122.233,14.194],[122.215,14.19],[122.183,14.162],[122.189,14.139],[122.176,14.141],[122.166,14.159],[122.165,14.141],[122.193,14.093],[122.228,14.077],[122.276,14.036],[122.279,14.044],[122.288,14.039],[122.29,14.017],[122.308,14.011],[122.311,14.022],[122.324,14.02],[122.31,14.006],[122.317,13.993],[122.302,14.001],[122.293,13.992],[122.307,13.972],[122.299,13.959],[122.269,13.961],[122.265,13.97],[122.217,13.978],[122.195,13.997],[122.182,13.994],[122.208,13.953],[122.222,13.943],[122.244,13.943],[122.246,13.919],[122.231,13.895],[122.189,13.916],[122.153,13.92],[122.139,13.913],[122.112,13.926],[122.098,13.923],[122.094,13.932],[122.036,13.948],[121.992,13.976],[121.946,13.989],[121.907,14.011],[121.847,14.073],[121.769,14.124],[121.73,14.177],[121.734,14.191],[121.754,14.204],[121.758,14.247],[121.729,14.274],[121.735,14.298],[121.728,14.326],[121.659,14.401],[121.643,14.484],[121.625,14.517],[121.625,14.568],[121.609,14.599],[121.604,14.652],[121.62,14.686],[121.616,14.677],[121.637,14.667],[121.626,14.659],[121.62,14.664],[121.625,14.657],[121.668,14.695],[121.691,14.699],[121.678,14.702],[121.702,14.703],[121.724,14.691],[121.734,14.696],[121.66,14.766],[121.659,14.776],[121.65,14.775],[121.656,14.781],[121.624,14.793],[121.602,14.828],[121.614,14.853],[121.582,14.89],[121.573,14.948],[121.544,15.01],[121.506,15.055],[121.495,15.136],[121.481,15.181],[121.463,15.201],[121.448,15.196],[121.417,15.217],[121.402,15.204],[121.408,15.183],[121.402,15.172],[121.38,15.168],[121.385,15.156],[121.395,15.163],[121.404,15.153],[121.397,15.146],[121.4,15.121],[121.39,15.099],[121.374,15.096],[121.376,15.081],[121.37,15.071],[121.362,15.074],[121.345,15.04],[121.357,15.012],[121.338,14.947],[121.331,14.835],[121.222,14.834],[121.221,14.82],[121.208,14.818],[121.165,14.823],[121.151,14.802],[121.137,14.804],[121.1,14.769],[121.105,14.763],[121.135,14.777],[121.118,14.746],[121.118,14.73],[121.131,14.724],[121.124,14.707],[121.116,14.709],[121.12,14.699],[121.112,14.696],[121.107,14.675],[121.131,14.668],[121.135,14.658],[121.13,14.634],[121.109,14.636],[121.102,14.621],[121.11,14.592],[121.104,14.594],[121.109,14.581],[121.096,14.564],[121.11,14.547],[121.104,14.516]]]]}},{"type":"Feature","properties":{"slug":"R4B","name":"MIMAROPA Region","lng":118.55863,"lat":9.73079},"geometry":{"type":"MultiPolygon","coordinates":[[[[117.313,7.507],[117.315,7.509],[117.315,7.512],[117.313,7.514],[117.307,7.51],[117.309,7.507],[117.313,7.507]]],[[[117.306,7.522],[117.296,7.524],[117.302,7.52],[117.308,7.522],[117.307,7.523],[117.306,7.522]]],[[[117.025,7.808],[117.024,7.807],[117.025,7.807],[117.025,7.808]]],[[[117.216,7.831],[117.211,7.823],[117.219,7.824],[117.227,7.823],[117.216,7.831]]],[[[117.221,7.917],[117.219,7.916],[117.221,7.915],[117.223,7.916],[117.221,7.917]]],[[[117.01,8.071],[117.001,8.068],[117.013,8.065],[117.01,8.071]]],[[[117.042,8.075],[117.04,8.074],[117.042,8.071],[117.042,8.075]]],[[[117.066,8.08],[117.037,8.064],[116.997,8.063],[117.004,8.043],[116.969,8.015],[116.964,8.036],[116.974,8.046],[116.967,8.054],[116.95,7.999],[116.969,7.967],[116.958,7.958],[116.967,7.952],[116.943,7.929],[116.929,7.936],[116.935,7.914],[116.951,7.918],[116.968,7.897],[116.982,7.854],[117,7.852],[116.993,7.816],[117.012,7.804],[117.024,7.806],[117.015,7.823],[117.028,7.813],[117.061,7.842],[117.079,7.88],[117.068,7.887],[117.069,7.898],[117.086,7.906],[117.075,7.992],[117.055,7.985],[117.052,7.991],[117.078,8.005],[117.066,8.015],[117.078,8.018],[117.081,8.045],[117.066,8.08]]],[[[117.074,8.091],[117.076,8.083],[117.08,8.082],[117.08,8.084],[117.079,8.087],[117.074,8.091]]],[[[117.107,8.092],[117.098,8.072],[117.109,8.074],[117.107,8.092]]],[[[116.989,8.094],[116.987,8.091],[116.985,8.091],[116.986,8.09],[116.984,8.089],[116.984,8.086],[116.986,8.081],[116.986,8.078],[116.988,8.083],[116.989,8.083],[116.988,8.083],[116.992,8.087],[116.989,8.089],[116.989,8.087],[116.987,8.089],[116.985,8.087],[116.987,8.091],[116.989,8.091],[116.989,8.094]]],[[[117.029,8.13],[116.99,8.098],[116.995,8.088],[117.009,8.093],[117.004,8.082],[117.016,8.071],[117.062,8.084],[117.051,8.119],[117.029,8.13]]],[[[117.131,8.135],[117.144,8.114],[117.156,8.114],[117.131,8.135]]],[[[117.226,8.163],[117.219,8.155],[117.231,8.152],[117.226,8.163]]],[[[117.241,8.177],[117.241,8.169],[117.257,8.167],[117.241,8.177]]],[[[117.14,8.18],[117.132,8.174],[117.149,8.151],[117.206,8.154],[117.19,8.179],[117.14,8.18]]],[[[117.01,8.18],[117.01,8.178],[117.016,8.174],[117.026,8.17],[117.029,8.171],[117.028,8.172],[117.01,8.18]]],[[[117.282,8.183],[117.278,8.182],[117.281,8.178],[117.282,8.183]]],[[[117.188,8.202],[117.187,8.2],[117.197,8.197],[117.197,8.195],[117.198,8.196],[117.195,8.199],[117.188,8.202]]],[[[117.081,8.248],[117.085,8.216],[117.128,8.217],[117.114,8.242],[117.081,8.248]]],[[[117.125,8.287],[117.121,8.281],[117.126,8.279],[117.128,8.285],[117.125,8.287]]],[[[117.143,8.301],[117.142,8.305],[117.142,8.304],[117.143,8.301]]],[[[117.182,8.309],[117.182,8.303],[117.184,8.304],[117.184,8.307],[117.182,8.309]]],[[[117.341,8.311],[117.338,8.309],[117.341,8.31],[117.341,8.311]]],[[[117.307,8.33],[117.297,8.314],[117.279,8.323],[117.265,8.299],[117.271,8.23],[117.265,8.231],[117.272,8.229],[117.263,8.21],[117.294,8.188],[117.283,8.183],[117.292,8.177],[117.336,8.195],[117.347,8.211],[117.342,8.253],[117.352,8.291],[117.344,8.308],[117.307,8.33]]],[[[117.231,8.339],[117.194,8.291],[117.163,8.286],[117.176,8.256],[117.21,8.267],[117.22,8.262],[117.257,8.288],[117.258,8.315],[117.248,8.318],[117.238,8.307],[117.237,8.315],[117.222,8.315],[117.231,8.339]]],[[[117.52,8.343],[117.515,8.341],[117.515,8.338],[117.517,8.338],[117.52,8.343]]],[[[117.317,8.351],[117.315,8.352],[117.312,8.35],[117.31,8.347],[117.311,8.344],[117.313,8.347],[117.317,8.347],[117.317,8.351]]],[[[117.238,8.367],[117.229,8.361],[117.229,8.358],[117.231,8.358],[117.24,8.365],[117.238,8.367]]],[[[117.248,8.378],[117.246,8.374],[117.241,8.37],[117.242,8.368],[117.244,8.368],[117.246,8.371],[117.248,8.378]]],[[[117.265,8.393],[117.261,8.392],[117.264,8.39],[117.266,8.392],[117.265,8.393]]],[[[117.27,8.401],[117.265,8.395],[117.269,8.398],[117.27,8.401]]],[[[117.192,8.435],[117.19,8.432],[117.192,8.432],[117.192,8.435]]],[[[117.435,8.439],[117.436,8.44],[117.433,8.442],[117.429,8.439],[117.432,8.438],[117.435,8.439]]],[[[118.12,9.05],[118.116,9.048],[118.117,9.043],[118.119,9.043],[118.119,9.044],[118.118,9.044],[118.121,9.047],[118.12,9.05]]],[[[118.139,9.07],[118.134,9.068],[118.135,9.061],[118.136,9.06],[118.142,9.062],[118.144,9.066],[118.139,9.07]]],[[[118.155,9.089],[118.154,9.088],[118.156,9.085],[118.16,9.083],[118.161,9.086],[118.16,9.088],[118.155,9.089]]],[[[118.127,9.097],[118.123,9.096],[118.121,9.094],[118.123,9.091],[118.125,9.089],[118.129,9.09],[118.131,9.092],[118.13,9.096],[118.127,9.097]]],[[[118.132,9.103],[118.13,9.102],[118.134,9.1],[118.135,9.102],[118.132,9.103]]],[[[118.163,9.127],[118.161,9.125],[118.159,9.126],[118.159,9.125],[118.16,9.122],[118.164,9.121],[118.164,9.124],[118.163,9.127]]],[[[118.38,9.207],[118.378,9.206],[118.38,9.206],[118.38,9.203],[118.382,9.202],[118.383,9.205],[118.38,9.207]]],[[[118.39,9.229],[118.389,9.227],[118.391,9.227],[118.391,9.229],[118.39,9.229]]],[[[117.859,9.248],[117.849,9.245],[117.849,9.244],[117.857,9.243],[117.86,9.247],[117.859,9.248]]],[[[118.441,9.249],[118.432,9.245],[118.427,9.207],[118.457,9.219],[118.441,9.249]]],[[[118.501,9.253],[118.5,9.252],[118.502,9.251],[118.501,9.253]]],[[[117.89,9.262],[117.885,9.26],[117.889,9.257],[117.891,9.258],[117.892,9.259],[117.89,9.262]]],[[[117.941,9.273],[117.934,9.271],[117.944,9.265],[117.941,9.273]]],[[[120.823,9.282],[120.815,9.281],[120.807,9.276],[120.81,9.275],[120.815,9.276],[120.824,9.281],[120.825,9.28],[120.823,9.282]]],[[[117.947,9.295],[117.93,9.283],[117.938,9.273],[117.947,9.295]]],[[[117.999,9.297],[117.997,9.295],[118,9.287],[118.003,9.287],[118.001,9.297],[117.999,9.297]]],[[[117.96,9.301],[117.957,9.3],[117.961,9.298],[117.961,9.294],[117.966,9.292],[117.967,9.289],[117.968,9.292],[117.965,9.296],[117.965,9.298],[117.96,9.301]]],[[[117.944,9.316],[117.946,9.313],[117.949,9.311],[117.944,9.316]]],[[[118.087,9.359],[118.083,9.358],[118.084,9.354],[118.086,9.353],[118.088,9.354],[118.091,9.352],[118.093,9.352],[118.093,9.354],[118.089,9.354],[118.087,9.356],[118.087,9.359]]],[[[118.583,9.377],[118.58,9.375],[118.581,9.371],[118.584,9.375],[118.585,9.377],[118.583,9.377]]],[[[118.629,9.462],[118.61,9.449],[118.611,9.431],[118.627,9.437],[118.629,9.462]]],[[[121.007,9.615],[121.005,9.608],[121.02,9.609],[121.007,9.615]]],[[[121.281,9.623],[121.272,9.62],[121.267,9.614],[121.267,9.611],[121.263,9.608],[121.264,9.607],[121.259,9.605],[121.262,9.608],[121.259,9.605],[121.258,9.606],[121.255,9.604],[121.248,9.597],[121.249,9.599],[121.239,9.592],[121.241,9.591],[121.244,9.594],[121.25,9.596],[121.268,9.607],[121.273,9.615],[121.28,9.62],[121.28,9.622],[121.281,9.623]]],[[[121.23,9.645],[121.223,9.606],[121.182,9.57],[121.192,9.569],[121.215,9.593],[121.232,9.591],[121.221,9.591],[121.23,9.645]]],[[[121.236,9.649],[121.233,9.647],[121.234,9.644],[121.236,9.646],[121.235,9.647],[121.236,9.647],[121.236,9.649]]],[[[121.239,9.662],[121.234,9.656],[121.231,9.646],[121.235,9.651],[121.237,9.65],[121.239,9.651],[121.239,9.662]]],[[[118.773,9.84],[118.772,9.839],[118.768,9.84],[118.774,9.835],[118.773,9.839],[118.775,9.836],[118.775,9.833],[118.776,9.833],[118.775,9.835],[118.777,9.837],[118.775,9.838],[118.777,9.839],[118.775,9.838],[118.773,9.84]]],[[[118.765,9.855],[118.758,9.853],[118.764,9.849],[118.766,9.851],[118.766,9.854],[118.765,9.855]]],[[[118.768,9.875],[118.767,9.874],[118.767,9.872],[118.77,9.869],[118.769,9.871],[118.771,9.872],[118.769,9.874],[118.769,9.872],[118.768,9.872],[118.767,9.874],[118.768,9.875]]],[[[118.815,9.878],[118.814,9.879],[118.813,9.877],[118.814,9.873],[118.818,9.873],[118.815,9.878]]],[[[118.769,9.881],[118.768,9.879],[118.769,9.878],[118.77,9.879],[118.771,9.878],[118.769,9.881]]],[[[118.78,9.889],[118.778,9.881],[118.795,9.879],[118.78,9.889]]],[[[118.798,9.904],[118.796,9.902],[118.798,9.9],[118.798,9.904]]],[[[118.839,9.914],[118.832,9.906],[118.829,9.904],[118.825,9.903],[118.82,9.9],[118.82,9.898],[118.825,9.898],[118.823,9.902],[118.827,9.901],[118.827,9.903],[118.83,9.905],[118.833,9.907],[118.839,9.914]]],[[[118.878,9.916],[118.878,9.914],[118.876,9.915],[118.876,9.91],[118.878,9.908],[118.878,9.905],[118.88,9.905],[118.882,9.908],[118.883,9.912],[118.884,9.912],[118.88,9.913],[118.878,9.916]]],[[[118.842,9.923],[118.839,9.921],[118.841,9.92],[118.844,9.921],[118.842,9.923]]],[[[118.793,9.93],[118.791,9.929],[118.788,9.93],[118.788,9.924],[118.79,9.924],[118.792,9.925],[118.794,9.929],[118.793,9.93]]],[[[118.855,9.934],[118.853,9.928],[118.854,9.927],[118.854,9.928],[118.858,9.929],[118.855,9.934]]],[[[118.922,9.94],[118.917,9.933],[118.924,9.926],[118.932,9.934],[118.922,9.94]]],[[[118.79,10.024],[118.789,10.024],[118.789,10.022],[118.79,10.024]]],[[[119.23,10.087],[119.214,10.061],[119.231,10.074],[119.23,10.087]]],[[[118.783,10.097],[118.78,10.081],[118.78,10.075],[118.781,10.072],[118.783,10.097]]],[[[119.24,10.127],[119.229,10.093],[119.237,10.086],[119.247,10.104],[119.24,10.127]]],[[[119.248,10.155],[119.247,10.145],[119.248,10.142],[119.25,10.142],[119.254,10.146],[119.254,10.149],[119.25,10.154],[119.248,10.155]]],[[[119.301,10.24],[119.299,10.238],[119.3,10.235],[119.302,10.234],[119.304,10.237],[119.301,10.24]]],[[[119.302,10.243],[119.299,10.243],[119.301,10.241],[119.302,10.243]]],[[[119.326,10.25],[119.326,10.237],[119.333,10.241],[119.326,10.25]]],[[[119.384,10.254],[119.383,10.252],[119.386,10.248],[119.387,10.251],[119.384,10.254]]],[[[119.368,10.259],[119.366,10.258],[119.367,10.257],[119.37,10.256],[119.368,10.259]]],[[[119.497,10.268],[119.498,10.27],[119.495,10.27],[119.49,10.266],[119.497,10.268]]],[[[119.356,10.282],[119.352,10.269],[119.362,10.277],[119.356,10.282]]],[[[119.452,10.285],[119.45,10.284],[119.45,10.283],[119.453,10.282],[119.452,10.285]]],[[[119.365,10.287],[119.363,10.286],[119.364,10.285],[119.365,10.287]]],[[[119.391,10.307],[119.389,10.305],[119.389,10.301],[119.392,10.301],[119.393,10.303],[119.391,10.307]]],[[[119.481,10.32],[119.48,10.319],[119.48,10.318],[119.483,10.318],[119.481,10.32]]],[[[118.95,10.335],[118.944,10.331],[118.942,10.334],[118.938,10.332],[118.941,10.331],[118.944,10.331],[118.945,10.33],[118.949,10.331],[118.95,10.334],[118.953,10.334],[118.95,10.335]]],[[[118.959,10.335],[118.959,10.336],[118.955,10.333],[118.957,10.332],[118.959,10.335]]],[[[119.137,10.418],[119.138,10.42],[119.137,10.418],[119.139,10.416],[119.137,10.412],[119.139,10.41],[119.138,10.406],[119.142,10.409],[119.142,10.417],[119.138,10.42],[119.137,10.418]]],[[[119.016,10.442],[119.011,10.432],[119.022,10.418],[119.027,10.435],[119.016,10.442]]],[[[119.158,10.459],[119.157,10.458],[119.162,10.458],[119.158,10.459]]],[[[119,10.459],[118.997,10.458],[118.995,10.453],[118.998,10.45],[118.997,10.445],[118.999,10.444],[119.004,10.448],[119.005,10.451],[119.001,10.452],[119.001,10.454],[119.005,10.458],[119.001,10.458],[119,10.459]]],[[[119.156,10.46],[119.155,10.458],[119.157,10.459],[119.156,10.46]]],[[[119.167,10.463],[119.163,10.458],[119.183,10.451],[119.167,10.463]]],[[[119.15,10.466],[119.148,10.463],[119.153,10.461],[119.15,10.464],[119.15,10.466]]],[[[119.162,10.471],[119.161,10.467],[119.164,10.466],[119.162,10.471]]],[[[119.158,10.482],[119.16,10.477],[119.162,10.481],[119.158,10.482]]],[[[119.152,10.492],[119.152,10.488],[119.154,10.49],[119.152,10.492]]],[[[119.999,10.495],[119.999,10.498],[119.997,10.495],[119.996,10.497],[119.992,10.496],[119.992,10.49],[119.994,10.491],[119.997,10.489],[119.999,10.495]]],[[[119.133,10.509],[119.132,10.494],[119.138,10.5],[119.152,10.492],[119.133,10.509]]],[[[119.069,10.513],[119.056,10.505],[119.063,10.497],[119.055,10.489],[119.078,10.485],[119.083,10.503],[119.069,10.513]]],[[[120.008,10.518],[120.005,10.516],[120.006,10.514],[120.007,10.516],[120.009,10.516],[120.008,10.518]]],[[[119.727,10.536],[119.725,10.534],[119.73,10.535],[119.727,10.536]]],[[[120.025,10.534],[120.025,10.538],[120.018,10.532],[120.022,10.53],[120.024,10.531],[120.025,10.534]]],[[[119.116,10.542],[119.116,10.539],[119.118,10.54],[119.116,10.542]]],[[[119.732,10.548],[119.731,10.547],[119.734,10.545],[119.735,10.542],[119.731,10.539],[119.732,10.537],[119.734,10.533],[119.74,10.534],[119.742,10.536],[119.741,10.539],[119.736,10.541],[119.734,10.547],[119.732,10.548]]],[[[120.007,10.549],[120.009,10.546],[120.008,10.544],[120.009,10.542],[120.015,10.545],[120.01,10.549],[120.007,10.549]]],[[[119.705,10.55],[119.704,10.548],[119.706,10.548],[119.705,10.55]]],[[[119.111,10.554],[119.11,10.553],[119.111,10.551],[119.115,10.552],[119.111,10.554]]],[[[119.199,10.556],[119.197,10.554],[119.199,10.551],[119.204,10.552],[119.199,10.556]]],[[[119.708,10.563],[119.703,10.56],[119.704,10.559],[119.703,10.559],[119.702,10.557],[119.703,10.555],[119.706,10.554],[119.708,10.556],[119.707,10.561],[119.708,10.563]]],[[[119.722,10.566],[119.717,10.564],[119.718,10.561],[119.722,10.566]]],[[[119.745,10.567],[119.742,10.566],[119.741,10.557],[119.743,10.56],[119.747,10.56],[119.745,10.567]]],[[[119.747,10.587],[119.743,10.581],[119.743,10.577],[119.746,10.574],[119.749,10.582],[119.747,10.587]]],[[[119.161,10.593],[119.143,10.579],[119.138,10.587],[119.128,10.582],[119.13,10.59],[119.12,10.585],[119.119,10.577],[119.135,10.572],[119.119,10.549],[119.142,10.551],[119.153,10.57],[119.198,10.564],[119.174,10.581],[119.177,10.573],[119.16,10.572],[119.161,10.593]]],[[[119.751,10.597],[119.749,10.595],[119.75,10.592],[119.746,10.59],[119.747,10.588],[119.75,10.589],[119.749,10.591],[119.752,10.594],[119.751,10.597]]],[[[119.828,10.653],[119.834,10.613],[119.805,10.588],[119.797,10.572],[119.806,10.566],[119.791,10.563],[119.793,10.547],[119.764,10.565],[119.742,10.55],[119.749,10.554],[119.752,10.545],[119.743,10.541],[119.749,10.518],[119.755,10.533],[119.766,10.524],[119.77,10.473],[119.762,10.464],[119.773,10.451],[119.797,10.452],[119.805,10.441],[119.874,10.461],[119.876,10.469],[119.865,10.47],[119.856,10.485],[119.889,10.478],[119.903,10.484],[119.913,10.475],[119.924,10.483],[119.904,10.508],[119.905,10.522],[119.896,10.521],[119.9,10.542],[119.884,10.551],[119.906,10.546],[119.91,10.516],[119.924,10.518],[119.931,10.504],[119.945,10.536],[119.948,10.519],[119.983,10.531],[119.982,10.542],[119.969,10.549],[119.98,10.552],[119.978,10.57],[119.991,10.562],[119.986,10.55],[120.002,10.552],[120.003,10.565],[119.983,10.6],[119.939,10.608],[119.904,10.598],[119.869,10.634],[119.862,10.619],[119.84,10.651],[119.828,10.653]]],[[[120.246,10.675],[120.247,10.633],[120.256,10.633],[120.246,10.675]]],[[[119.603,10.68],[119.6,10.676],[119.601,10.674],[119.603,10.677],[119.603,10.68]]],[[[119.587,10.683],[119.586,10.682],[119.582,10.675],[119.587,10.677],[119.588,10.679],[119.587,10.683]]],[[[120.329,10.681],[120.332,10.683],[120.329,10.684],[120.326,10.683],[120.327,10.68],[120.329,10.681]]],[[[119.297,10.694],[119.295,10.693],[119.295,10.692],[119.299,10.693],[119.297,10.694]]],[[[120.888,10.693],[120.887,10.695],[120.886,10.694],[120.886,10.693],[120.888,10.693]]],[[[120.271,10.695],[120.269,10.694],[120.271,10.691],[120.272,10.693],[120.271,10.695]]],[[[119.308,10.704],[119.304,10.688],[119.312,10.694],[119.308,10.704]]],[[[120.965,10.705],[120.963,10.703],[120.964,10.702],[120.966,10.704],[120.965,10.705]]],[[[120.89,10.708],[120.888,10.707],[120.891,10.705],[120.89,10.708]]],[[[120.266,10.713],[120.255,10.713],[120.256,10.694],[120.267,10.696],[120.266,10.713]]],[[[120.314,10.716],[120.316,10.718],[120.315,10.719],[120.312,10.719],[120.313,10.716],[120.314,10.716]]],[[[120.774,10.718],[120.774,10.72],[120.773,10.719],[120.774,10.718]]],[[[119.626,10.722],[119.623,10.711],[119.634,10.71],[119.636,10.72],[119.626,10.722]]],[[[120.791,10.726],[120.789,10.727],[120.794,10.721],[120.796,10.72],[120.795,10.726],[120.791,10.726]]],[[[119.699,10.728],[119.689,10.708],[119.693,10.684],[119.703,10.7],[119.699,10.728]]],[[[119.627,10.733],[119.626,10.732],[119.629,10.729],[119.631,10.729],[119.635,10.727],[119.635,10.73],[119.627,10.733]]],[[[120.9,10.739],[120.892,10.734],[120.902,10.722],[120.909,10.733],[120.9,10.739]]],[[[119.657,10.748],[119.655,10.745],[119.66,10.745],[119.657,10.748]]],[[[121.065,10.757],[121.062,10.756],[121.063,10.751],[121.065,10.752],[121.069,10.75],[121.07,10.754],[121.065,10.757]]],[[[119.374,10.796],[119.375,10.795],[119.377,10.795],[119.374,10.796]]],[[[119.647,10.803],[119.645,10.803],[119.645,10.797],[119.647,10.799],[119.647,10.8],[119.649,10.801],[119.647,10.803]]],[[[119.622,10.815],[119.62,10.814],[119.624,10.813],[119.622,10.815]]],[[[120.885,10.817],[120.884,10.816],[120.885,10.814],[120.886,10.816],[120.885,10.817]]],[[[119.352,10.824],[119.351,10.823],[119.352,10.822],[119.352,10.824]]],[[[119.329,10.83],[119.326,10.827],[119.328,10.821],[119.33,10.825],[119.334,10.828],[119.329,10.83]]],[[[120.982,10.829],[120.962,10.827],[120.959,10.817],[120.972,10.808],[120.986,10.812],[120.982,10.829]]],[[[119.238,10.836],[119.235,10.835],[119.236,10.833],[119.236,10.831],[119.238,10.835],[119.239,10.834],[119.238,10.836]]],[[[119.35,10.836],[119.347,10.835],[119.347,10.832],[119.349,10.833],[119.351,10.829],[119.352,10.83],[119.352,10.835],[119.35,10.836]]],[[[119.626,10.838],[119.621,10.829],[119.633,10.823],[119.617,10.821],[119.629,10.818],[119.622,10.806],[119.632,10.798],[119.641,10.802],[119.641,10.821],[119.626,10.838]]],[[[119.431,10.847],[119.429,10.846],[119.43,10.844],[119.43,10.845],[119.432,10.846],[119.431,10.847]]],[[[119.304,10.85],[119.296,10.85],[119.304,10.844],[119.304,10.85]]],[[[119.342,10.851],[119.339,10.846],[119.344,10.849],[119.342,10.851]]],[[[119.322,10.861],[119.318,10.86],[119.318,10.856],[119.327,10.858],[119.322,10.861]]],[[[119.357,10.862],[119.354,10.861],[119.354,10.859],[119.356,10.859],[119.357,10.862]]],[[[119.634,10.868],[119.621,10.858],[119.633,10.851],[119.634,10.868]]],[[[119.326,10.87],[119.325,10.87],[119.327,10.87],[119.326,10.87]]],[[[119.362,10.87],[119.361,10.869],[119.359,10.87],[119.359,10.869],[119.366,10.868],[119.362,10.87]]],[[[119.315,10.87],[119.313,10.872],[119.312,10.871],[119.314,10.869],[119.315,10.87]]],[[[120.938,10.877],[120.935,10.875],[120.936,10.872],[120.941,10.874],[120.938,10.877]]],[[[119.346,10.88],[119.332,10.876],[119.333,10.863],[119.338,10.869],[119.341,10.862],[119.346,10.88]]],[[[119.619,10.886],[119.617,10.878],[119.62,10.881],[119.619,10.886]]],[[[121.066,10.887],[121.064,10.884],[121.066,10.884],[121.066,10.887]]],[[[119.321,10.885],[119.319,10.888],[119.322,10.878],[119.323,10.879],[119.33,10.876],[119.329,10.878],[119.326,10.879],[119.326,10.882],[119.321,10.885]]],[[[119.341,10.891],[119.34,10.89],[119.341,10.889],[119.341,10.891]]],[[[121.198,10.893],[121.199,10.88],[121.21,10.883],[121.198,10.893]]],[[[121.051,10.896],[121.046,10.893],[121.046,10.888],[121.051,10.889],[121.05,10.891],[121.051,10.896]]],[[[119.621,10.903],[119.619,10.898],[119.62,10.89],[119.623,10.896],[119.621,10.9],[119.621,10.903]]],[[[119.296,10.907],[119.294,10.906],[119.296,10.906],[119.296,10.907]]],[[[121.067,10.908],[121.052,10.905],[121.055,10.886],[121.046,10.873],[121.005,10.857],[121.007,10.843],[120.995,10.83],[121.025,10.799],[121.066,10.808],[121.059,10.84],[121.082,10.858],[121.061,10.874],[121.08,10.895],[121.067,10.908]]],[[[121.016,10.911],[121.013,10.911],[121.014,10.91],[121.016,10.911]]],[[[119.503,10.914],[119.502,10.916],[119.501,10.913],[119.503,10.912],[119.503,10.914]]],[[[121.038,10.916],[121.036,10.915],[121.035,10.913],[121.04,10.911],[121.041,10.908],[121.044,10.908],[121.044,10.906],[121.046,10.909],[121.046,10.913],[121.042,10.916],[121.038,10.916]]],[[[119.295,10.926],[119.294,10.927],[119.291,10.925],[119.29,10.922],[119.287,10.921],[119.287,10.919],[119.291,10.919],[119.294,10.923],[119.295,10.922],[119.298,10.922],[119.295,10.924],[119.296,10.925],[119.295,10.926]]],[[[119.354,10.931],[119.35,10.93],[119.35,10.927],[119.355,10.928],[119.354,10.931]]],[[[119.344,10.936],[119.342,10.931],[119.344,10.933],[119.344,10.936]]],[[[119.354,10.938],[119.352,10.937],[119.354,10.936],[119.355,10.937],[119.354,10.938]]],[[[119.34,10.939],[119.338,10.936],[119.338,10.931],[119.342,10.937],[119.342,10.938],[119.34,10.939]]],[[[119.229,10.959],[119.228,10.958],[119.229,10.957],[119.23,10.959],[119.229,10.959]]],[[[121.233,10.959],[121.23,10.959],[121.231,10.954],[121.239,10.952],[121.24,10.955],[121.233,10.959]]],[[[119.714,10.963],[119.706,10.954],[119.713,10.937],[119.714,10.963]]],[[[119.613,10.963],[119.611,10.964],[119.612,10.954],[119.616,10.954],[119.616,10.95],[119.618,10.947],[119.615,10.961],[119.613,10.963]]],[[[120.724,10.972],[120.719,10.965],[120.726,10.953],[120.734,10.966],[120.724,10.972]]],[[[119.529,10.974],[119.528,10.973],[119.537,10.972],[119.529,10.974]]],[[[121.217,10.98],[121.21,10.97],[121.226,10.957],[121.234,10.971],[121.217,10.98]]],[[[119.573,10.982],[119.574,10.98],[119.575,10.982],[119.573,10.982]]],[[[119.637,10.991],[119.636,10.99],[119.638,10.986],[119.637,10.991]]],[[[120.949,10.999],[120.938,10.986],[120.946,10.974],[120.959,10.974],[120.965,10.983],[120.949,10.999]]],[[[121.099,11],[121.097,10.997],[121.103,10.996],[121.103,10.997],[121.099,11]]],[[[120.772,11.005],[120.764,11],[120.764,10.998],[120.766,10.998],[120.767,11],[120.773,10.999],[120.774,11],[120.776,11.003],[120.772,11.005]]],[[[119.696,11.008],[119.695,11],[119.697,10.996],[119.696,11.008]]],[[[120.828,11.014],[120.819,11.011],[120.816,11.009],[120.818,11.005],[120.818,11.004],[120.825,11.004],[120.828,11.008],[120.831,11.008],[120.831,11.011],[120.828,11.014]]],[[[119.355,11.015],[119.355,11.014],[119.356,11.014],[119.355,11.015]]],[[[119.593,11.013],[119.595,11.015],[119.594,11.017],[119.591,11.014],[119.593,11.013]]],[[[119.335,11.017],[119.334,11.015],[119.335,11.016],[119.335,11.017]]],[[[119.306,11.022],[119.306,11.019],[119.308,11.021],[119.306,11.022]]],[[[119.292,11.023],[119.285,11.012],[119.269,11.019],[119.274,10.997],[119.262,10.983],[119.271,10.958],[119.292,10.948],[119.301,10.959],[119.288,10.98],[119.302,10.993],[119.305,11.016],[119.292,11.023]]],[[[119.665,11.027],[119.664,11.025],[119.665,11.021],[119.668,11.019],[119.671,11.022],[119.668,11.023],[119.665,11.027]]],[[[119.731,11.03],[119.726,11.022],[119.736,11.008],[119.747,11.018],[119.731,11.03]]],[[[121.141,11.037],[121.139,11.036],[121.141,11.033],[121.144,11.035],[121.141,11.037]]],[[[120.868,11.043],[120.866,11.039],[120.87,11.038],[120.872,11.04],[120.871,11.042],[120.868,11.043]]],[[[119.305,11.049],[119.303,11.046],[119.305,11.044],[119.307,11.047],[119.305,11.049]]],[[[114.288,11.054],[114.284,11.056],[114.281,11.053],[114.282,11.052],[114.278,11.051],[114.29,11.051],[114.288,11.054]]],[[[119.708,11.057],[119.699,11.053],[119.698,11.031],[119.724,11.03],[119.726,11.042],[119.708,11.057]]],[[[119.373,11.07],[119.37,11.068],[119.371,11.065],[119.369,11.062],[119.372,11.06],[119.374,11.061],[119.375,11.064],[119.373,11.07]]],[[[119.621,11.07],[119.62,11.071],[119.619,11.07],[119.621,11.07]]],[[[119.685,11.072],[119.672,11.055],[119.675,11.029],[119.697,11.064],[119.685,11.072]]],[[[119.729,11.079],[119.728,11.069],[119.739,11.065],[119.729,11.079]]],[[[119.674,11.091],[119.671,11.092],[119.67,11.089],[119.673,11.089],[119.674,11.091]]],[[[120.95,11.095],[120.949,11.097],[120.948,11.096],[120.949,11.094],[120.95,11.095]]],[[[119.392,11.099],[119.387,11.091],[119.405,11.074],[119.407,11.086],[119.392,11.099]]],[[[119.585,11.1],[119.56,11.063],[119.561,11.044],[119.593,11.029],[119.599,11.034],[119.597,11.012],[119.61,11.005],[119.629,11.024],[119.634,10.995],[119.643,11.025],[119.639,11.038],[119.625,11.037],[119.618,11.06],[119.624,11.086],[119.589,11.088],[119.585,11.1]]],[[[119.357,11.1],[119.356,11.101],[119.356,11.1],[119.357,11.1]]],[[[119.6,11.099],[119.598,11.101],[119.597,11.096],[119.598,11.094],[119.6,11.095],[119.601,11.1],[119.6,11.099]]],[[[120.695,11.105],[120.694,11.103],[120.696,11.102],[120.698,11.104],[120.695,11.105]]],[[[119.406,11.108],[119.403,11.107],[119.402,11.108],[119.401,11.106],[119.405,11.099],[119.406,11.108]]],[[[119.609,11.108],[119.607,11.108],[119.607,11.106],[119.609,11.106],[119.609,11.108]]],[[[119.306,11.11],[119.305,11.111],[119.306,11.106],[119.306,11.11]]],[[[119.33,11.119],[119.328,11.118],[119.327,11.116],[119.337,11.113],[119.335,11.117],[119.33,11.119]]],[[[119.752,11.12],[119.749,11.119],[119.748,11.117],[119.751,11.115],[119.752,11.12]]],[[[119.7,11.124],[119.697,11.123],[119.695,11.12],[119.698,11.118],[119.702,11.121],[119.7,11.124]]],[[[119.391,11.125],[119.389,11.122],[119.392,11.119],[119.395,11.119],[119.394,11.124],[119.391,11.125]]],[[[119.688,11.123],[119.667,11.122],[119.687,11.09],[119.677,11.076],[119.698,11.093],[119.688,11.123]]],[[[119.255,11.126],[119.248,11.124],[119.261,11.112],[119.255,11.126]]],[[[121.144,11.127],[121.141,11.122],[121.143,11.118],[121.149,11.12],[121.148,11.126],[121.144,11.127]]],[[[119.66,11.128],[119.659,11.128],[119.66,11.126],[119.66,11.128]]],[[[119.331,11.132],[119.33,11.128],[119.337,11.126],[119.335,11.131],[119.331,11.132]]],[[[119.319,11.137],[119.315,11.134],[119.314,11.129],[119.321,11.135],[119.319,11.137]]],[[[119.657,11.139],[119.655,11.139],[119.655,11.136],[119.658,11.133],[119.659,11.135],[119.657,11.139]]],[[[119.249,11.127],[119.248,11.134],[119.245,11.135],[119.243,11.139],[119.238,11.14],[119.238,11.137],[119.247,11.133],[119.247,11.128],[119.249,11.127]]],[[[119.318,11.14],[119.318,11.138],[119.319,11.138],[119.318,11.14]]],[[[119.668,11.142],[119.666,11.141],[119.666,11.139],[119.668,11.137],[119.669,11.138],[119.668,11.142]]],[[[119.557,11.144],[119.556,11.146],[119.555,11.144],[119.557,11.144]]],[[[119.39,11.146],[119.39,11.144],[119.391,11.144],[119.39,11.146]]],[[[119.697,11.158],[119.695,11.158],[119.695,11.155],[119.69,11.151],[119.69,11.149],[119.695,11.151],[119.696,11.155],[119.7,11.157],[119.697,11.158]]],[[[119.32,11.159],[119.305,11.143],[119.322,11.143],[119.32,11.159]]],[[[119.54,11.169],[119.539,11.166],[119.54,11.165],[119.542,11.167],[119.54,11.169]]],[[[119.651,11.167],[119.649,11.169],[119.65,11.163],[119.652,11.161],[119.654,11.163],[119.651,11.167]]],[[[120.979,11.174],[120.942,11.159],[120.945,11.136],[120.966,11.134],[120.987,11.154],[120.979,11.174]]],[[[119.671,11.174],[119.667,11.17],[119.668,11.168],[119.672,11.166],[119.673,11.172],[119.671,11.174]]],[[[119.549,11.174],[119.547,11.173],[119.543,11.164],[119.541,11.157],[119.545,11.159],[119.551,11.167],[119.552,11.172],[119.549,11.174]]],[[[119.676,11.19],[119.672,11.187],[119.675,11.187],[119.678,11.19],[119.676,11.19]]],[[[119.599,11.197],[119.59,11.175],[119.57,11.181],[119.556,11.173],[119.562,11.138],[119.585,11.147],[119.594,11.141],[119.596,11.162],[119.606,11.151],[119.625,11.162],[119.628,11.187],[119.599,11.197]]],[[[119.337,11.208],[119.335,11.205],[119.336,11.202],[119.337,11.194],[119.341,11.201],[119.34,11.204],[119.337,11.208]]],[[[119.38,11.21],[119.378,11.21],[119.378,11.208],[119.38,11.21]]],[[[120.688,11.213],[120.686,11.21],[120.687,11.209],[120.69,11.212],[120.688,11.213]]],[[[119.275,11.213],[119.283,11.136],[119.291,11.179],[119.275,11.213]]],[[[119.292,11.217],[119.292,11.208],[119.294,11.203],[119.293,11.2],[119.297,11.194],[119.299,11.199],[119.298,11.204],[119.297,11.209],[119.295,11.211],[119.295,11.215],[119.292,11.217]]],[[[120.753,11.219],[120.753,11.212],[120.762,11.214],[120.753,11.219]]],[[[119.259,11.226],[119.255,11.208],[119.27,11.188],[119.273,11.201],[119.259,11.226]]],[[[121.066,11.23],[121.061,11.221],[121.068,11.22],[121.066,11.23]]],[[[120.272,11.239],[120.268,11.235],[120.271,11.233],[120.274,11.236],[120.272,11.239]]],[[[120.852,11.241],[120.852,11.243],[120.85,11.241],[120.85,11.238],[120.854,11.238],[120.854,11.24],[120.852,11.241]]],[[[119.348,11.247],[119.339,11.222],[119.344,11.209],[119.381,11.194],[119.377,11.226],[119.36,11.219],[119.355,11.245],[119.348,11.247]]],[[[119.682,11.248],[119.677,11.239],[119.685,11.237],[119.682,11.248]]],[[[120.937,11.258],[120.923,11.243],[120.93,11.231],[120.944,11.243],[120.937,11.258]]],[[[119.714,11.257],[119.696,11.229],[119.731,11.254],[119.714,11.257]]],[[[119.628,11.263],[119.624,11.231],[119.636,11.257],[119.628,11.263]]],[[[119.35,11.272],[119.349,11.272],[119.347,11.268],[119.347,11.265],[119.35,11.261],[119.353,11.259],[119.354,11.256],[119.358,11.254],[119.357,11.257],[119.358,11.259],[119.355,11.262],[119.353,11.262],[119.354,11.263],[119.353,11.265],[119.353,11.267],[119.352,11.271],[119.35,11.272]]],[[[119.343,11.275],[119.342,11.274],[119.344,11.272],[119.345,11.274],[119.343,11.275]]],[[[120.234,11.296],[120.232,11.297],[120.232,11.295],[120.234,11.296]]],[[[120.689,11.321],[120.677,11.319],[120.671,11.305],[120.681,11.305],[120.686,11.296],[120.674,11.301],[120.689,11.29],[120.699,11.302],[120.689,11.321]]],[[[119.69,11.326],[119.656,11.299],[119.665,11.27],[119.677,11.263],[119.696,11.311],[119.69,11.326]]],[[[119.547,11.343],[119.546,11.345],[119.545,11.343],[119.547,11.343]]],[[[119.701,11.351],[119.698,11.336],[119.707,11.336],[119.714,11.344],[119.701,11.351]]],[[[120.731,11.357],[120.725,11.363],[120.721,11.356],[120.74,11.346],[120.731,11.357]]],[[[119.417,11.367],[119.412,11.365],[119.411,11.366],[119.408,11.363],[119.41,11.36],[119.406,11.358],[119.405,11.359],[119.406,11.35],[119.408,11.349],[119.408,11.352],[119.415,11.356],[119.415,11.361],[119.418,11.366],[119.417,11.367]]],[[[120.865,11.369],[120.867,11.372],[120.865,11.371],[120.865,11.369]]],[[[119.536,11.375],[119.526,11.365],[119.538,11.365],[119.536,11.375]]],[[[120.09,11.392],[120.079,11.389],[120.094,11.384],[120.091,11.366],[120.109,11.364],[120.113,11.381],[120.09,11.392]]],[[[119.455,11.392],[119.453,11.388],[119.455,11.385],[119.457,11.39],[119.455,11.392]]],[[[119.807,11.393],[119.806,11.387],[119.809,11.389],[119.808,11.392],[119.807,11.393]]],[[[119.666,11.399],[119.664,11.399],[119.666,11.398],[119.666,11.399]]],[[[119.515,11.403],[119.513,11.401],[119.515,11.401],[119.515,11.403]]],[[[120.822,11.404],[120.821,11.401],[120.822,11.4],[120.822,11.404]]],[[[120.14,11.412],[120.135,11.41],[120.14,11.408],[120.145,11.408],[120.14,11.412]]],[[[119.722,11.414],[119.719,11.413],[119.716,11.402],[119.721,11.399],[119.722,11.4],[119.721,11.403],[119.721,11.406],[119.725,11.413],[119.722,11.414]]],[[[119.468,11.425],[119.464,11.422],[119.467,11.422],[119.468,11.425]]],[[[119.477,11.425],[119.48,11.407],[119.469,11.402],[119.473,11.363],[119.451,11.349],[119.451,11.333],[119.432,11.346],[119.426,11.318],[119.41,11.312],[119.42,11.294],[119.421,11.257],[119.412,11.248],[119.423,11.234],[119.417,11.21],[119.399,11.201],[119.391,11.181],[119.381,11.189],[119.375,11.183],[119.385,11.167],[119.396,11.168],[119.393,11.144],[119.4,11.133],[119.405,11.146],[119.423,11.15],[119.429,11.136],[119.42,11.13],[119.425,11.109],[119.414,11.11],[119.423,11.09],[119.416,11.077],[119.418,11.037],[119.411,11.031],[119.405,11.045],[119.4,11.031],[119.382,11.048],[119.369,11.045],[119.346,11.074],[119.354,11.089],[119.34,11.085],[119.336,11.105],[119.326,11.107],[119.323,11.058],[119.332,11.05],[119.344,11.055],[119.329,11.037],[119.334,11.028],[119.344,11.033],[119.345,11.024],[119.367,11.009],[119.358,10.999],[119.348,11.003],[119.347,10.99],[119.319,11.035],[119.303,11.007],[119.313,10.952],[119.332,10.95],[119.31,10.943],[119.328,10.934],[119.329,10.942],[119.353,10.948],[119.362,10.937],[119.334,10.894],[119.348,10.896],[119.353,10.888],[119.348,10.871],[119.364,10.874],[119.372,10.858],[119.39,10.871],[119.413,10.872],[119.415,10.856],[119.427,10.858],[119.439,10.84],[119.451,10.85],[119.457,10.832],[119.432,10.832],[119.44,10.811],[119.434,10.8],[119.463,10.725],[119.43,10.719],[119.415,10.767],[119.412,10.754],[119.394,10.756],[119.39,10.767],[119.405,10.766],[119.391,10.791],[119.369,10.789],[119.359,10.806],[119.346,10.798],[119.348,10.816],[119.357,10.821],[119.344,10.827],[119.332,10.81],[119.317,10.847],[119.312,10.829],[119.283,10.847],[119.291,10.857],[119.286,10.861],[119.308,10.871],[119.299,10.87],[119.302,10.878],[119.276,10.866],[119.266,10.87],[119.275,10.884],[119.299,10.892],[119.278,10.892],[119.28,10.907],[119.294,10.911],[119.275,10.925],[119.284,10.936],[119.273,10.935],[119.266,10.947],[119.251,10.933],[119.26,10.918],[119.244,10.91],[119.245,10.927],[119.234,10.93],[119.243,10.936],[119.242,10.951],[119.221,10.954],[119.215,10.939],[119.233,10.933],[119.214,10.905],[119.24,10.908],[119.259,10.885],[119.243,10.885],[119.241,10.871],[119.223,10.878],[119.245,10.858],[119.211,10.86],[119.209,10.849],[119.242,10.846],[119.24,10.833],[119.26,10.834],[119.274,10.765],[119.303,10.775],[119.318,10.771],[119.323,10.746],[119.343,10.731],[119.317,10.589],[119.264,10.537],[119.243,10.552],[119.241,10.545],[119.23,10.548],[119.269,10.513],[119.256,10.484],[119.245,10.479],[119.225,10.488],[119.216,10.481],[119.214,10.462],[119.191,10.452],[119.176,10.411],[119.142,10.399],[119.142,10.382],[119.127,10.383],[119.113,10.411],[119.124,10.446],[119.111,10.448],[119.114,10.46],[119.106,10.458],[119.102,10.468],[119.122,10.472],[119.115,10.484],[119.107,10.478],[119.096,10.485],[119.091,10.471],[119.083,10.481],[119.077,10.463],[119.09,10.462],[119.074,10.451],[119.092,10.451],[119.086,10.443],[119.105,10.434],[119.092,10.418],[119.064,10.423],[119.076,10.41],[119.064,10.388],[119.05,10.39],[119.047,10.404],[119.037,10.397],[119.036,10.412],[119.023,10.417],[119.012,10.404],[119.001,10.403],[118.995,10.413],[118.987,10.407],[118.992,10.393],[118.98,10.385],[118.983,10.376],[118.965,10.371],[118.975,10.346],[119.002,10.358],[119.015,10.376],[119.015,10.355],[119.028,10.339],[119.007,10.344],[118.998,10.308],[118.986,10.301],[118.971,10.31],[118.978,10.299],[118.964,10.284],[118.943,10.3],[118.941,10.289],[118.932,10.289],[118.963,10.27],[118.937,10.264],[118.953,10.251],[118.938,10.207],[118.896,10.196],[118.866,10.21],[118.84,10.188],[118.819,10.198],[118.806,10.192],[118.814,10.134],[118.805,10.121],[118.811,10.111],[118.84,10.107],[118.827,10.101],[118.81,10.07],[118.808,10.028],[118.794,10.037],[118.796,10.023],[118.777,10.022],[118.769,10.044],[118.775,10.06],[118.741,10.076],[118.774,10.07],[118.764,10.096],[118.772,10.103],[118.764,10.117],[118.772,10.116],[118.76,10.131],[118.746,10.107],[118.746,10.084],[118.727,10.071],[118.723,10.036],[118.704,10.038],[118.693,10.019],[118.66,9.998],[118.645,10.003],[118.663,9.975],[118.643,9.96],[118.644,9.934],[118.605,9.915],[118.615,9.892],[118.606,9.871],[118.569,9.848],[118.566,9.83],[118.513,9.775],[118.512,9.761],[118.419,9.705],[118.406,9.663],[118.391,9.662],[118.373,9.645],[118.358,9.657],[118.34,9.649],[118.331,9.632],[118.341,9.616],[118.329,9.581],[118.298,9.564],[118.284,9.549],[118.284,9.534],[118.246,9.51],[118.237,9.492],[118.224,9.495],[118.197,9.472],[118.185,9.408],[118.127,9.398],[118.116,9.372],[118.127,9.343],[118.11,9.329],[118.1,9.338],[118.087,9.333],[118.087,9.316],[118.048,9.296],[118.052,9.285],[118.024,9.266],[118.028,9.252],[118.019,9.243],[117.984,9.244],[117.977,9.252],[117.982,9.281],[117.954,9.263],[117.953,9.251],[117.906,9.261],[117.882,9.244],[117.885,9.235],[117.869,9.23],[117.862,9.209],[117.854,9.217],[117.825,9.188],[117.811,9.197],[117.803,9.18],[117.776,9.165],[117.773,9.146],[117.78,9.144],[117.76,9.125],[117.759,9.091],[117.746,9.068],[117.733,9.063],[117.724,9.071],[117.711,9.061],[117.689,9.089],[117.687,9.073],[117.664,9.074],[117.64,9.048],[117.63,9.048],[117.621,8.999],[117.578,8.959],[117.548,8.957],[117.544,8.935],[117.53,8.933],[117.508,8.896],[117.491,8.889],[117.493,8.873],[117.476,8.852],[117.467,8.855],[117.456,8.811],[117.432,8.802],[117.419,8.786],[117.432,8.77],[117.425,8.758],[117.359,8.745],[117.346,8.713],[117.323,8.696],[117.345,8.698],[117.33,8.684],[117.333,8.673],[117.295,8.656],[117.276,8.625],[117.273,8.601],[117.267,8.597],[117.261,8.614],[117.255,8.609],[117.265,8.58],[117.248,8.565],[117.238,8.568],[117.241,8.542],[117.218,8.522],[117.225,8.513],[117.211,8.489],[117.219,8.478],[117.209,8.463],[117.215,8.43],[117.177,8.369],[117.174,8.341],[117.182,8.333],[117.207,8.333],[117.219,8.35],[117.208,8.361],[117.221,8.356],[117.223,8.371],[117.228,8.362],[117.238,8.369],[117.26,8.406],[117.283,8.41],[117.29,8.427],[117.32,8.453],[117.359,8.478],[117.368,8.475],[117.372,8.494],[117.433,8.494],[117.431,8.508],[117.438,8.498],[117.45,8.504],[117.447,8.494],[117.456,8.521],[117.488,8.494],[117.501,8.501],[117.546,8.591],[117.53,8.624],[117.535,8.643],[117.567,8.674],[117.62,8.656],[117.674,8.669],[117.694,8.686],[117.742,8.687],[117.779,8.714],[117.808,8.767],[117.822,8.775],[117.837,8.769],[117.884,8.827],[117.914,8.847],[117.928,8.844],[117.964,8.873],[117.982,8.87],[117.99,8.885],[118.002,8.879],[118.005,8.905],[118.016,8.905],[118.03,8.946],[118.043,8.949],[118.046,8.971],[118.06,8.986],[118.056,8.996],[118.067,8.995],[118.059,9.01],[118.081,9.014],[118.085,9.031],[118.068,9.048],[118.102,9.051],[118.104,9.103],[118.128,9.148],[118.138,9.149],[118.149,9.135],[118.154,9.148],[118.186,9.153],[118.21,9.169],[118.222,9.157],[118.296,9.183],[118.329,9.174],[118.348,9.179],[118.364,9.196],[118.362,9.209],[118.389,9.224],[118.397,9.244],[118.422,9.245],[118.43,9.278],[118.443,9.276],[118.467,9.302],[118.49,9.295],[118.503,9.326],[118.517,9.331],[118.528,9.357],[118.539,9.358],[118.538,9.39],[118.562,9.423],[118.569,9.417],[118.572,9.439],[118.588,9.443],[118.586,9.456],[118.603,9.463],[118.615,9.488],[118.629,9.479],[118.623,9.508],[118.638,9.505],[118.658,9.557],[118.675,9.562],[118.705,9.613],[118.731,9.637],[118.736,9.65],[118.721,9.648],[118.722,9.658],[118.734,9.652],[118.74,9.662],[118.747,9.657],[118.761,9.667],[118.761,9.688],[118.735,9.68],[118.739,9.696],[118.731,9.7],[118.705,9.68],[118.729,9.709],[118.694,9.712],[118.7,9.737],[118.69,9.758],[118.698,9.777],[118.716,9.771],[118.721,9.789],[118.725,9.767],[118.736,9.775],[118.74,9.752],[118.726,9.742],[118.732,9.73],[118.766,9.721],[118.773,9.729],[118.772,9.806],[118.755,9.815],[118.756,9.828],[118.742,9.841],[118.75,9.929],[118.758,9.932],[118.765,9.913],[118.764,9.93],[118.772,9.93],[118.773,9.94],[118.794,9.945],[118.803,9.935],[118.822,9.938],[118.866,9.977],[118.894,9.982],[118.913,9.975],[118.984,9.986],[119.078,10.018],[119.154,10.028],[119.197,10.048],[119.218,10.077],[119.225,10.145],[119.236,10.149],[119.233,10.181],[119.247,10.182],[119.243,10.202],[119.258,10.233],[119.284,10.254],[119.293,10.283],[119.322,10.311],[119.352,10.315],[119.372,10.346],[119.402,10.346],[119.414,10.357],[119.427,10.352],[119.456,10.375],[119.511,10.361],[119.57,10.373],[119.587,10.422],[119.632,10.444],[119.677,10.493],[119.695,10.502],[119.7,10.494],[119.716,10.507],[119.709,10.532],[119.696,10.52],[119.692,10.527],[119.703,10.542],[119.669,10.544],[119.674,10.556],[119.662,10.561],[119.655,10.608],[119.641,10.604],[119.64,10.623],[119.625,10.622],[119.64,10.635],[119.622,10.66],[119.63,10.663],[119.639,10.65],[119.643,10.659],[119.65,10.65],[119.657,10.66],[119.668,10.656],[119.664,10.664],[119.648,10.664],[119.658,10.675],[119.643,10.678],[119.636,10.692],[119.637,10.682],[119.627,10.691],[119.62,10.683],[119.63,10.676],[119.626,10.669],[119.616,10.675],[119.611,10.662],[119.602,10.67],[119.598,10.661],[119.587,10.67],[119.579,10.659],[119.571,10.664],[119.601,10.727],[119.587,10.744],[119.595,10.771],[119.576,10.784],[119.588,10.782],[119.595,10.798],[119.579,10.813],[119.598,10.809],[119.6,10.822],[119.575,10.838],[119.534,10.812],[119.511,10.829],[119.509,10.861],[119.484,10.873],[119.499,10.926],[119.488,10.961],[119.497,10.968],[119.493,10.991],[119.502,11.008],[119.528,11.016],[119.561,10.996],[119.57,11.007],[119.551,11.062],[119.561,11.084],[119.536,11.068],[119.525,11.094],[119.512,11.097],[119.5,11.133],[119.538,11.175],[119.536,11.195],[119.555,11.218],[119.569,11.293],[119.554,11.319],[119.554,11.34],[119.537,11.322],[119.51,11.332],[119.505,11.415],[119.477,11.425]]],[[[119.706,11.428],[119.704,11.427],[119.706,11.424],[119.712,11.424],[119.706,11.428]]],[[[120.825,11.427],[120.824,11.43],[120.823,11.427],[120.825,11.427]]],[[[120.179,11.431],[120.174,11.429],[120.169,11.421],[120.169,11.415],[120.171,11.415],[120.179,11.431]]],[[[120.758,11.431],[120.757,11.432],[120.757,11.431],[120.763,11.428],[120.762,11.429],[120.758,11.431]]],[[[119.642,11.435],[119.633,11.431],[119.66,11.396],[119.667,11.419],[119.648,11.413],[119.642,11.435]]],[[[120.811,11.437],[120.815,11.411],[120.82,11.421],[120.811,11.437]]],[[[119.708,11.438],[119.706,11.437],[119.706,11.435],[119.709,11.436],[119.708,11.438]]],[[[119.719,11.445],[119.717,11.444],[119.719,11.441],[119.722,11.443],[119.719,11.445]]],[[[119.499,11.445],[119.503,11.422],[119.507,11.439],[119.499,11.445]]],[[[120.768,11.446],[120.768,11.44],[120.77,11.437],[120.769,11.433],[120.772,11.429],[120.779,11.426],[120.78,11.43],[120.775,11.435],[120.772,11.444],[120.768,11.446]]],[[[120.83,11.45],[120.822,11.446],[120.835,11.418],[120.853,11.428],[120.83,11.45]]],[[[119.644,11.454],[119.645,11.451],[119.648,11.45],[119.644,11.454]]],[[[120.808,11.459],[120.805,11.459],[120.804,11.456],[120.807,11.449],[120.808,11.459]]],[[[120.185,11.463],[120.152,11.432],[120.198,11.45],[120.185,11.463]]],[[[120.814,11.464],[120.82,11.451],[120.824,11.459],[120.814,11.464]]],[[[119.662,11.469],[119.663,11.466],[119.665,11.465],[119.662,11.469]]],[[[119.885,11.471],[119.886,11.473],[119.885,11.473],[119.885,11.471]]],[[[119.711,11.478],[119.71,11.477],[119.713,11.474],[119.711,11.478]]],[[[119.712,11.479],[119.714,11.478],[119.715,11.479],[119.712,11.479]]],[[[119.872,11.48],[119.871,11.479],[119.871,11.476],[119.876,11.475],[119.879,11.472],[119.878,11.478],[119.872,11.48]]],[[[119.655,11.481],[119.659,11.47],[119.663,11.479],[119.655,11.481]]],[[[119.728,11.483],[119.725,11.483],[119.728,11.48],[119.728,11.483]]],[[[119.652,11.485],[119.651,11.483],[119.654,11.483],[119.652,11.485]]],[[[119.875,11.487],[119.873,11.487],[119.872,11.483],[119.872,11.481],[119.875,11.48],[119.877,11.482],[119.875,11.487]]],[[[119.672,11.488],[119.67,11.487],[119.666,11.488],[119.667,11.476],[119.672,11.488]]],[[[119.842,11.489],[119.842,11.488],[119.843,11.489],[119.842,11.489]]],[[[119.929,11.492],[119.929,11.493],[119.928,11.493],[119.929,11.492]]],[[[119.839,11.494],[119.837,11.493],[119.836,11.49],[119.841,11.49],[119.839,11.494]]],[[[119.895,11.505],[119.885,11.485],[119.901,11.487],[119.895,11.505]]],[[[119.671,11.515],[119.669,11.502],[119.684,11.487],[119.69,11.503],[119.677,11.503],[119.679,11.512],[119.671,11.515]]],[[[119.815,11.519],[119.816,11.507],[119.839,11.5],[119.848,11.486],[119.844,11.476],[119.825,11.483],[119.835,11.474],[119.835,11.457],[119.809,11.472],[119.813,11.452],[119.794,11.456],[119.784,11.479],[119.791,11.484],[119.776,11.494],[119.778,11.479],[119.763,11.477],[119.785,11.468],[119.786,11.459],[119.783,11.453],[119.767,11.458],[119.771,11.437],[119.739,11.466],[119.728,11.465],[119.728,11.479],[119.712,11.464],[119.725,11.45],[119.735,11.454],[119.738,11.446],[119.729,11.445],[119.727,11.433],[119.748,11.416],[119.758,11.422],[119.761,11.403],[119.774,11.395],[119.781,11.405],[119.774,11.416],[119.786,11.426],[119.805,11.415],[119.813,11.428],[119.825,11.427],[119.824,11.413],[119.802,11.401],[119.813,11.399],[119.808,11.38],[119.82,11.376],[119.831,11.378],[119.83,11.391],[119.852,11.413],[119.851,11.433],[119.859,11.433],[119.87,11.453],[119.862,11.464],[119.872,11.493],[119.864,11.509],[119.844,11.516],[119.83,11.509],[119.815,11.519]]],[[[119.883,11.534],[119.879,11.533],[119.877,11.528],[119.879,11.526],[119.882,11.527],[119.885,11.531],[119.887,11.53],[119.886,11.533],[119.883,11.534]]],[[[119.913,11.539],[119.912,11.534],[119.913,11.532],[119.915,11.535],[119.913,11.539]]],[[[119.806,11.548],[119.807,11.544],[119.81,11.542],[119.811,11.543],[119.818,11.543],[119.82,11.546],[119.818,11.547],[119.81,11.546],[119.806,11.548]]],[[[119.875,11.553],[119.873,11.552],[119.871,11.546],[119.873,11.543],[119.877,11.544],[119.875,11.546],[119.875,11.553]]],[[[119.897,11.556],[119.896,11.551],[119.898,11.552],[119.899,11.554],[119.897,11.556]]],[[[119.852,11.557],[119.846,11.552],[119.852,11.545],[119.86,11.55],[119.852,11.557]]],[[[119.888,11.559],[119.886,11.558],[119.885,11.546],[119.888,11.546],[119.89,11.552],[119.888,11.559]]],[[[119.93,11.563],[119.929,11.561],[119.931,11.562],[119.93,11.563]]],[[[119.868,11.566],[119.866,11.563],[119.869,11.559],[119.87,11.561],[119.868,11.566]]],[[[119.916,11.577],[119.919,11.572],[119.92,11.576],[119.916,11.577]]],[[[119.931,11.588],[119.928,11.577],[119.935,11.583],[119.947,11.577],[119.931,11.588]]],[[[119.857,11.609],[119.856,11.607],[119.858,11.601],[119.862,11.593],[119.864,11.596],[119.857,11.609]]],[[[119.914,11.61],[119.913,11.608],[119.915,11.605],[119.916,11.607],[119.914,11.61]]],[[[119.954,11.657],[119.96,11.636],[119.971,11.633],[119.967,11.655],[119.963,11.649],[119.954,11.657]]],[[[119.962,11.661],[119.96,11.661],[119.961,11.658],[119.962,11.661]]],[[[120.108,11.665],[120.108,11.647],[120.123,11.657],[120.108,11.665]]],[[[120.137,11.68],[120.136,11.678],[120.137,11.678],[120.137,11.68]]],[[[120.021,11.688],[120.018,11.687],[120.017,11.683],[120.021,11.688]]],[[[120.04,11.688],[120.039,11.671],[120.048,11.683],[120.04,11.688]]],[[[120.149,11.692],[120.139,11.69],[120.142,11.682],[120.149,11.692]]],[[[120.205,11.706],[120.203,11.704],[120.205,11.705],[120.205,11.706]]],[[[119.977,11.719],[119.972,11.717],[119.972,11.715],[119.976,11.716],[119.977,11.719]]],[[[120.156,11.73],[120.154,11.729],[120.153,11.727],[120.155,11.718],[120.157,11.727],[120.156,11.73]]],[[[119.953,11.736],[119.953,11.738],[119.951,11.736],[119.952,11.735],[119.953,11.736]]],[[[120.175,11.739],[120.173,11.737],[120.175,11.737],[120.175,11.739]]],[[[120.101,11.741],[120.1,11.721],[120.109,11.73],[120.101,11.741]]],[[[119.932,11.748],[119.924,11.744],[119.93,11.724],[119.938,11.738],[119.932,11.748]]],[[[119.963,11.755],[119.956,11.754],[119.949,11.743],[119.953,11.745],[119.953,11.747],[119.956,11.749],[119.958,11.747],[119.961,11.751],[119.966,11.753],[119.966,11.755],[119.963,11.755]]],[[[120.085,11.765],[120.084,11.765],[120.085,11.764],[120.086,11.764],[120.085,11.765]]],[[[119.965,11.768],[119.963,11.768],[119.964,11.767],[119.965,11.768]]],[[[120.225,11.77],[120.219,11.767],[120.222,11.766],[120.226,11.767],[120.225,11.77]]],[[[120.126,11.772],[120.125,11.772],[120.126,11.77],[120.129,11.771],[120.126,11.772]]],[[[120.065,11.774],[120.057,11.771],[120.055,11.767],[120.057,11.763],[120.057,11.762],[120.059,11.767],[120.061,11.767],[120.065,11.773],[120.07,11.772],[120.069,11.774],[120.065,11.774]]],[[[120.176,11.774],[120.176,11.776],[120.175,11.775],[120.176,11.774]]],[[[119.967,11.781],[119.966,11.78],[119.968,11.776],[119.975,11.778],[119.974,11.78],[119.971,11.779],[119.967,11.781]]],[[[120.083,11.782],[120.084,11.779],[120.084,11.782],[120.083,11.782]]],[[[120.175,11.784],[120.167,11.782],[120.185,11.773],[120.178,11.772],[120.189,11.757],[120.175,11.754],[120.178,11.762],[120.157,11.763],[120.155,11.772],[120.145,11.763],[120.134,11.78],[120.145,11.756],[120.139,11.752],[120.175,11.742],[120.183,11.752],[120.197,11.751],[120.194,11.775],[120.175,11.784]]],[[[119.976,11.784],[119.975,11.783],[119.976,11.782],[119.977,11.783],[119.976,11.784]]],[[[119.98,11.784],[119.977,11.779],[119.981,11.781],[119.98,11.784]]],[[[119.985,11.784],[119.984,11.782],[119.985,11.78],[119.991,11.78],[119.985,11.784]]],[[[119.981,11.789],[119.979,11.788],[119.979,11.785],[119.983,11.788],[119.981,11.789]]],[[[120.115,11.794],[120.114,11.79],[120.11,11.787],[120.116,11.788],[120.116,11.792],[120.115,11.794]]],[[[120.051,11.814],[120.049,11.81],[120.052,11.808],[120.053,11.811],[120.051,11.814]]],[[[120.122,11.818],[120.118,11.816],[120.123,11.814],[120.124,11.817],[120.122,11.818]]],[[[120.065,11.818],[120.063,11.822],[120.062,11.818],[120.057,11.816],[120.06,11.814],[120.063,11.816],[120.065,11.814],[120.072,11.817],[120.069,11.817],[120.069,11.819],[120.065,11.816],[120.064,11.817],[120.065,11.818]]],[[[120.046,11.823],[120.042,11.822],[120.042,11.82],[120.046,11.821],[120.046,11.823]]],[[[120.127,11.825],[120.116,11.797],[120.133,11.811],[120.127,11.825]]],[[[120.048,11.826],[120.046,11.823],[120.049,11.824],[120.048,11.826]]],[[[120.052,11.827],[120.051,11.826],[120.051,11.825],[120.054,11.825],[120.052,11.827]]],[[[120.054,11.833],[120.053,11.832],[120.053,11.83],[120.055,11.828],[120.058,11.828],[120.054,11.833]]],[[[120.113,11.843],[120.112,11.842],[120.115,11.843],[120.113,11.843]]],[[[120.319,11.846],[120.321,11.841],[120.321,11.844],[120.319,11.846]]],[[[120.317,11.851],[120.305,11.837],[120.312,11.825],[120.317,11.851]]],[[[120.072,11.851],[120.083,11.826],[120.115,11.811],[120.115,11.829],[120.096,11.826],[120.103,11.846],[120.072,11.851]]],[[[120.08,11.869],[120.081,11.859],[120.092,11.861],[120.08,11.869]]],[[[120.047,11.916],[120.043,11.915],[120.05,11.913],[120.05,11.915],[120.047,11.916]]],[[[120.041,11.917],[120.038,11.915],[120.043,11.915],[120.041,11.917]]],[[[120.024,11.929],[120.022,11.927],[120.025,11.926],[120.026,11.929],[120.024,11.929]]],[[[120.02,11.931],[120.019,11.93],[120.022,11.931],[120.02,11.931]]],[[[120.033,11.932],[120.032,11.931],[120.035,11.93],[120.033,11.932]]],[[[120.043,11.934],[120.033,11.928],[120.043,11.917],[120.068,11.917],[120.062,11.93],[120.043,11.934]]],[[[119.98,11.935],[119.977,11.933],[119.975,11.934],[119.974,11.93],[119.98,11.931],[119.98,11.935]]],[[[120.024,11.937],[120.024,11.935],[120.027,11.933],[120.024,11.937]]],[[[119.99,11.942],[119.988,11.941],[119.99,11.94],[119.99,11.938],[119.994,11.937],[119.993,11.941],[119.99,11.942]]],[[[119.997,11.942],[119.996,11.942],[119.995,11.94],[120.002,11.938],[120.002,11.941],[119.997,11.942]]],[[[120.203,11.947],[120.203,11.945],[120.204,11.945],[120.203,11.947]]],[[[119.968,11.948],[119.967,11.948],[119.967,11.945],[119.975,11.945],[119.968,11.948]]],[[[120.206,11.949],[120.205,11.947],[120.208,11.948],[120.206,11.949]]],[[[120.028,11.949],[120.025,11.946],[120.028,11.945],[120.029,11.942],[120.032,11.94],[120.034,11.941],[120.029,11.945],[120.03,11.946],[120.029,11.945],[120.026,11.947],[120.028,11.949]]],[[[120.013,11.949],[120.013,11.948],[120.016,11.946],[120.018,11.947],[120.013,11.949]]],[[[119.974,11.953],[119.973,11.952],[119.974,11.95],[119.978,11.951],[119.974,11.953]]],[[[120.278,11.955],[120.278,11.956],[120.276,11.955],[120.278,11.955]]],[[[119.971,11.957],[119.968,11.956],[119.97,11.955],[119.971,11.957]]],[[[119.941,11.958],[119.94,11.957],[119.942,11.956],[119.941,11.958]]],[[[119.932,11.962],[119.931,11.96],[119.932,11.959],[119.933,11.96],[119.932,11.962]]],[[[120.104,11.962],[120.109,11.955],[120.109,11.957],[120.104,11.962]]],[[[120.227,11.963],[120.225,11.962],[120.226,11.961],[120.227,11.963]]],[[[120.166,11.962],[120.157,11.959],[120.164,11.959],[120.162,11.956],[120.165,11.956],[120.169,11.962],[120.166,11.962]]],[[[120.318,11.962],[120.319,11.965],[120.313,11.968],[120.315,11.964],[120.318,11.962]]],[[[119.996,11.97],[119.982,11.962],[119.99,11.958],[119.975,11.956],[119.992,11.942],[119.997,11.949],[120.015,11.943],[120.011,11.951],[120.021,11.959],[120.001,11.961],[119.996,11.97]]],[[[120.152,11.974],[120.15,11.973],[120.15,11.971],[120.152,11.972],[120.152,11.974]]],[[[119.976,11.979],[119.976,11.979],[119.978,11.977],[119.98,11.978],[119.976,11.979]]],[[[119.903,11.98],[119.894,11.967],[119.887,11.978],[119.877,11.964],[119.872,11.97],[119.874,11.954],[119.884,11.958],[119.894,11.944],[119.891,11.924],[119.88,11.926],[119.871,11.946],[119.857,11.941],[119.852,11.956],[119.846,11.948],[119.872,11.928],[119.868,11.901],[119.878,11.881],[119.891,11.877],[119.894,11.862],[119.915,11.844],[119.894,11.829],[119.911,11.808],[119.907,11.793],[119.93,11.76],[119.963,11.764],[119.956,11.796],[119.963,11.8],[119.974,11.79],[119.989,11.802],[119.986,11.785],[120.003,11.787],[119.992,11.778],[119.995,11.77],[119.972,11.765],[119.973,11.748],[119.955,11.743],[119.954,11.732],[119.969,11.732],[119.979,11.713],[119.967,11.729],[119.953,11.731],[119.949,11.723],[119.948,11.74],[119.939,11.73],[119.94,11.678],[119.953,11.672],[119.943,11.662],[119.957,11.659],[119.963,11.671],[119.969,11.665],[119.958,11.695],[119.981,11.667],[119.988,11.681],[120.001,11.676],[120.006,11.692],[120.049,11.718],[120.045,11.734],[120.051,11.733],[120.058,11.756],[120.035,11.758],[120.053,11.78],[120.074,11.788],[120.043,11.813],[120.03,11.806],[120.037,11.82],[120.03,11.825],[120.051,11.84],[120.034,11.848],[120.02,11.841],[120.036,11.858],[120.052,11.845],[120.049,11.855],[120.062,11.851],[120.075,11.863],[120.049,11.876],[120.051,11.866],[120.042,11.862],[120.043,11.876],[120.026,11.881],[120.028,11.888],[120.019,11.884],[120.024,11.893],[119.988,11.897],[120.03,11.914],[120.012,11.934],[120.006,11.924],[119.999,11.934],[119.986,11.927],[119.976,11.903],[119.979,11.917],[119.964,11.916],[119.962,11.927],[119.965,11.904],[119.945,11.91],[119.955,11.913],[119.944,11.942],[119.967,11.945],[119.921,11.957],[119.903,11.98]]],[[[119.943,11.982],[119.936,11.979],[119.945,11.97],[119.939,11.957],[119.955,11.956],[119.953,11.966],[119.974,11.964],[119.943,11.982]]],[[[119.872,11.982],[119.845,11.98],[119.823,11.94],[119.83,11.938],[119.854,11.975],[119.872,11.982]]],[[[119.963,11.983],[119.961,11.982],[119.964,11.981],[119.963,11.983]]],[[[120.123,11.984],[120.12,11.981],[120.122,11.978],[120.125,11.98],[120.123,11.984]]],[[[119.979,11.984],[119.974,11.982],[119.977,11.979],[119.982,11.98],[119.982,11.977],[119.987,11.977],[119.987,11.979],[119.985,11.981],[119.979,11.984]]],[[[120.199,11.984],[120.197,11.983],[120.197,11.98],[120.201,11.98],[120.201,11.983],[120.199,11.984]]],[[[120.163,11.986],[120.162,11.985],[120.164,11.985],[120.163,11.986]]],[[[120.245,11.987],[120.247,11.976],[120.209,11.945],[120.193,11.953],[120.192,11.937],[120.224,11.892],[120.237,11.847],[120.262,11.807],[120.266,11.823],[120.26,11.816],[120.246,11.848],[120.259,11.87],[120.249,11.908],[120.254,11.919],[120.263,11.914],[120.277,11.926],[120.277,11.936],[120.267,11.956],[120.272,11.969],[120.245,11.987]]],[[[119.883,11.987],[119.881,11.986],[119.882,11.985],[119.888,11.982],[119.888,11.985],[119.883,11.987]]],[[[120.019,11.987],[120.01,11.98],[120.025,11.971],[120.019,11.987]]],[[[120.152,11.988],[120.153,11.986],[120.154,11.987],[120.152,11.988]]],[[[119.965,11.992],[119.965,11.99],[119.968,11.99],[119.965,11.992]]],[[[119.922,11.992],[119.921,11.991],[119.924,11.991],[119.922,11.992]]],[[[120.18,11.993],[120.166,11.982],[120.133,11.992],[120.131,11.975],[120.16,11.968],[120.177,11.982],[120.172,11.975],[120.198,11.968],[120.196,11.982],[120.18,11.993]]],[[[120.383,11.99],[120.385,11.992],[120.385,11.995],[120.383,11.995],[120.382,11.991],[120.383,11.99]]],[[[120.061,11.995],[120.066,11.962],[120.085,11.959],[120.061,11.995]]],[[[119.947,11.996],[119.935,11.993],[119.938,11.985],[119.963,11.99],[119.947,11.996]]],[[[120.142,12],[120.14,11.999],[120.142,11.995],[120.144,11.993],[120.144,11.996],[120.142,12]]],[[[119.84,12],[119.836,11.988],[119.852,11.989],[119.855,11.999],[119.873,11.994],[119.84,12]]],[[[120.082,12],[120.081,12],[120.081,11.999],[120.082,12]]],[[[120.191,12.002],[120.19,12.001],[120.19,12],[120.192,11.999],[120.191,12.002]]],[[[119.886,12.007],[119.885,12.008],[119.883,12.006],[119.888,12.005],[119.888,12.007],[119.886,12.007]]],[[[119.868,12.011],[119.866,12.01],[119.872,12.008],[119.871,12.011],[119.868,12.011]]],[[[119.942,12.011],[119.94,12.013],[119.942,12.007],[119.943,12.01],[119.942,12.011]]],[[[119.882,12.015],[119.876,12.011],[119.884,12.009],[119.885,12.013],[119.882,12.015]]],[[[119.896,12.019],[119.894,12.017],[119.896,12.017],[119.896,12.015],[119.898,12.015],[119.899,12.018],[119.896,12.019]]],[[[120.147,12.02],[120.176,11.996],[120.183,12.003],[120.147,12.02]]],[[[119.889,12.026],[119.888,12.016],[119.895,12.021],[119.889,12.026]]],[[[119.919,12.031],[119.919,12.028],[119.92,12.026],[119.92,12.022],[119.917,12.018],[119.919,12.016],[119.922,12.022],[119.919,12.031]]],[[[119.952,12.031],[119.945,12.026],[119.942,12.017],[119.944,12.017],[119.946,12.023],[119.951,12.022],[119.952,12.031]]],[[[119.907,12.037],[119.91,12.019],[119.916,12.026],[119.907,12.037]]],[[[120.357,12.044],[120.354,12.043],[120.354,12.039],[120.359,12.028],[120.36,12.03],[120.357,12.044]]],[[[119.866,12.049],[119.864,12.048],[119.868,12.047],[119.88,12.047],[119.87,12.047],[119.866,12.049]]],[[[119.902,12.051],[119.891,12.044],[119.894,12.044],[119.895,12.042],[119.903,12.048],[119.902,12.049],[119.902,12.051]]],[[[119.955,12.053],[119.954,12.053],[119.953,12.048],[119.956,12.045],[119.96,12.046],[119.961,12.052],[119.955,12.053]]],[[[119.899,12.056],[119.898,12.055],[119.902,12.053],[119.902,12.051],[119.903,12.054],[119.905,12.053],[119.899,12.056]]],[[[119.792,12.059],[119.785,12.051],[119.795,12.051],[119.792,12.059]]],[[[119.836,12.073],[119.834,12.075],[119.834,12.073],[119.836,12.073]]],[[[120.339,12.076],[120.337,12.079],[120.336,12.077],[120.339,12.076]]],[[[119.875,12.083],[119.873,12.081],[119.877,12.083],[119.875,12.083]]],[[[121.937,12.097],[121.916,12.085],[121.911,12.063],[121.919,12.047],[121.954,12.031],[121.962,12.036],[121.962,12.065],[121.951,12.094],[121.937,12.097]]],[[[120.311,12.106],[120.307,12.105],[120.306,12.104],[120.31,12.104],[120.311,12.106]]],[[[119.846,12.107],[119.845,12.105],[119.848,12.102],[119.851,12.104],[119.852,12.107],[119.846,12.107]]],[[[119.875,12.117],[119.874,12.119],[119.874,12.116],[119.875,12.117]]],[[[119.92,12.132],[119.918,12.131],[119.918,12.126],[119.921,12.125],[119.922,12.127],[119.92,12.128],[119.922,12.131],[119.92,12.132]]],[[[119.845,12.133],[119.844,12.115],[119.854,12.113],[119.845,12.133]]],[[[119.885,12.14],[119.881,12.137],[119.885,12.136],[119.884,12.134],[119.886,12.13],[119.887,12.136],[119.885,12.14]]],[[[120.18,12.14],[120.179,12.139],[120.182,12.137],[120.184,12.139],[120.18,12.14]]],[[[120.157,12.147],[120.16,12.141],[120.163,12.141],[120.161,12.144],[120.157,12.147]]],[[[122.043,12.155],[122.031,12.141],[122.044,12.141],[122.043,12.155]]],[[[122.039,12.154],[122.036,12.155],[122.034,12.152],[122.039,12.154]]],[[[120.266,12.157],[120.265,12.154],[120.266,12.154],[120.267,12.156],[120.266,12.157]]],[[[120.254,12.157],[120.259,12.143],[120.265,12.155],[120.254,12.157]]],[[[119.879,12.16],[119.877,12.16],[119.876,12.158],[119.881,12.157],[119.881,12.159],[119.879,12.16]]],[[[120.163,12.161],[120.163,12.158],[120.165,12.156],[120.164,12.155],[120.165,12.152],[120.169,12.151],[120.168,12.153],[120.17,12.154],[120.172,12.154],[120.173,12.156],[120.17,12.159],[120.169,12.157],[120.166,12.161],[120.163,12.161]]],[[[120.393,12.161],[120.394,12.159],[120.396,12.16],[120.393,12.161]]],[[[119.819,12.161],[119.816,12.159],[119.814,12.16],[119.815,12.15],[119.813,12.146],[119.814,12.144],[119.816,12.146],[119.82,12.156],[119.819,12.161]]],[[[119.872,12.168],[119.86,12.125],[119.867,12.12],[119.876,12.124],[119.872,12.168]]],[[[120.153,12.169],[120.149,12.168],[120.151,12.162],[120.154,12.166],[120.153,12.169]]],[[[119.877,12.183],[119.875,12.181],[119.875,12.178],[119.878,12.178],[119.875,12.172],[119.876,12.172],[119.881,12.168],[119.882,12.174],[119.877,12.183]]],[[[120.253,12.183],[120.248,12.179],[120.248,12.171],[120.25,12.165],[120.253,12.164],[120.252,12.162],[120.254,12.16],[120.255,12.161],[120.255,12.165],[120.257,12.173],[120.255,12.183],[120.253,12.183]]],[[[120.131,12.187],[120.133,12.184],[120.135,12.183],[120.131,12.187]]],[[[120.386,12.189],[120.385,12.188],[120.386,12.186],[120.388,12.186],[120.388,12.188],[120.386,12.189]]],[[[121.029,12.196],[121.028,12.196],[121.028,12.194],[121.029,12.196]]],[[[120.138,12.199],[120.15,12.187],[120.148,12.175],[120.197,12.149],[120.194,12.143],[120.201,12.147],[120.138,12.199]]],[[[120.395,12.206],[120.394,12.207],[120.396,12.2],[120.401,12.195],[120.4,12.202],[120.395,12.206]]],[[[120.241,12.215],[120.241,12.203],[120.243,12.207],[120.242,12.214],[120.241,12.215]]],[[[121.283,12.217],[121.28,12.217],[121.28,12.216],[121.28,12.213],[121.283,12.212],[121.283,12.217]]],[[[121.205,12.211],[121.206,12.213],[121.205,12.217],[121.204,12.214],[121.205,12.211]]],[[[120.05,12.232],[120.049,12.231],[120.05,12.23],[120.052,12.232],[120.05,12.232]]],[[[120.395,12.234],[120.385,12.232],[120.395,12.209],[120.395,12.234]]],[[[121.014,12.235],[121.001,12.218],[121.007,12.201],[121.019,12.207],[121.01,12.2],[121.028,12.185],[121.019,12.196],[121.024,12.205],[121.035,12.198],[121.038,12.204],[121.014,12.235]]],[[[120.087,12.238],[120.085,12.236],[120.089,12.232],[120.091,12.234],[120.087,12.238]]],[[[120.047,12.24],[120.046,12.243],[120.047,12.236],[120.048,12.239],[120.047,12.24]]],[[[119.854,12.245],[119.845,12.239],[119.854,12.243],[119.854,12.245]]],[[[120.358,12.255],[120.357,12.254],[120.36,12.248],[120.365,12.242],[120.36,12.255],[120.358,12.255]]],[[[121.385,12.264],[121.38,12.26],[121.38,12.258],[121.384,12.257],[121.38,12.251],[121.382,12.25],[121.386,12.252],[121.388,12.255],[121.387,12.262],[121.385,12.264]]],[[[121.276,12.267],[121.275,12.269],[121.278,12.26],[121.278,12.267],[121.276,12.267]]],[[[120.093,12.271],[120.091,12.27],[120.097,12.265],[120.099,12.265],[120.098,12.267],[120.093,12.271]]],[[[121.382,12.28],[121.369,12.279],[121.378,12.264],[121.386,12.269],[121.382,12.28]]],[[[120.352,12.289],[120.353,12.288],[120.354,12.289],[120.352,12.289]]],[[[121.074,12.297],[121.043,12.29],[121.033,12.267],[121.038,12.225],[121.075,12.212],[121.088,12.19],[121.087,12.174],[121.105,12.173],[121.119,12.153],[121.136,12.166],[121.116,12.199],[121.101,12.201],[121.104,12.237],[121.074,12.297]]],[[[120.262,12.299],[120.259,12.298],[120.262,12.297],[120.264,12.299],[120.262,12.299]]],[[[120.343,12.305],[120.342,12.307],[120.342,12.305],[120.344,12.304],[120.343,12.305]]],[[[120.349,12.307],[120.361,12.273],[120.374,12.262],[120.368,12.296],[120.349,12.307]]],[[[121.114,12.32],[121.112,12.318],[121.115,12.319],[121.114,12.32]]],[[[119.895,12.33],[119.88,12.328],[119.864,12.31],[119.873,12.293],[119.867,12.29],[119.881,12.288],[119.867,12.268],[119.917,12.273],[119.861,12.255],[119.859,12.233],[119.864,12.237],[119.876,12.223],[119.848,12.175],[119.852,12.148],[119.879,12.202],[119.897,12.203],[119.906,12.181],[119.9,12.163],[119.932,12.138],[119.933,12.087],[119.951,12.079],[119.938,12.073],[119.953,12.055],[119.969,12.065],[119.973,12.023],[119.986,12.031],[119.997,12.024],[119.986,12.027],[119.978,12.01],[119.996,12.001],[120.015,12.005],[120.021,11.988],[120.048,11.995],[120.048,12.006],[120.058,12.008],[120.053,12.02],[120.089,11.998],[120.08,11.986],[120.1,11.96],[120.104,11.972],[120.119,11.978],[120.096,12.003],[120.114,11.989],[120.127,11.991],[120.129,12.003],[120.137,12.003],[120.124,12.018],[120.132,12.033],[120.157,12.021],[120.162,12.032],[120.171,12.029],[120.177,12.008],[120.211,11.998],[120.224,11.982],[120.253,12.007],[120.3,11.981],[120.3,11.994],[120.316,12.001],[120.336,11.992],[120.331,12.001],[120.341,12.013],[120.334,12.022],[120.33,12.017],[120.325,12.038],[120.307,12.029],[120.316,12.045],[120.332,12.043],[120.341,12.055],[120.326,12.082],[120.333,12.092],[120.308,12.098],[120.305,12.117],[120.287,12.114],[120.274,12.144],[120.26,12.125],[120.246,12.131],[120.253,12.144],[120.242,12.15],[120.251,12.151],[120.238,12.18],[120.243,12.2],[120.224,12.198],[120.217,12.226],[120.205,12.22],[120.219,12.197],[120.206,12.162],[120.214,12.133],[120.187,12.137],[120.179,12.133],[120.188,12.117],[120.163,12.119],[120.098,12.177],[120.086,12.17],[120.099,12.182],[120.09,12.191],[120.109,12.187],[120.109,12.194],[120.088,12.203],[120.076,12.189],[120.063,12.19],[120.049,12.227],[120.02,12.241],[120.015,12.254],[119.983,12.259],[119.974,12.271],[119.949,12.264],[119.93,12.27],[119.924,12.277],[119.94,12.283],[119.923,12.298],[119.926,12.318],[119.895,12.33]]],[[[120.272,12.336],[120.271,12.331],[120.272,12.329],[120.276,12.33],[120.277,12.332],[120.272,12.336]]],[[[119.958,12.345],[119.952,12.339],[119.954,12.339],[119.958,12.345]]],[[[120.262,12.354],[120.261,12.351],[120.263,12.347],[120.271,12.343],[120.271,12.348],[120.263,12.35],[120.262,12.354]]],[[[121.401,12.354],[121.397,12.349],[121.398,12.341],[121.4,12.337],[121.402,12.34],[121.4,12.345],[121.401,12.354]]],[[[119.908,12.37],[119.895,12.36],[119.916,12.367],[119.908,12.37]]],[[[121.444,12.384],[121.445,12.369],[121.461,12.362],[121.462,12.376],[121.444,12.384]]],[[[122.545,12.506],[122.517,12.492],[122.493,12.499],[122.461,12.487],[122.429,12.458],[122.425,12.433],[122.451,12.396],[122.54,12.362],[122.564,12.311],[122.609,12.297],[122.634,12.267],[122.634,12.284],[122.682,12.329],[122.693,12.365],[122.686,12.38],[122.699,12.402],[122.655,12.484],[122.545,12.506]]],[[[122.321,12.555],[122.321,12.553],[122.322,12.554],[122.321,12.555]]],[[[122.252,12.6],[122.24,12.584],[122.248,12.584],[122.252,12.6]]],[[[122.284,12.625],[122.269,12.605],[122.266,12.593],[122.275,12.592],[122.268,12.576],[122.244,12.572],[122.254,12.568],[122.249,12.552],[122.262,12.538],[122.25,12.531],[122.259,12.527],[122.271,12.491],[122.285,12.478],[122.302,12.478],[122.327,12.504],[122.327,12.54],[122.307,12.558],[122.307,12.578],[122.295,12.583],[122.297,12.619],[122.284,12.625]]],[[[122.261,12.631],[122.236,12.617],[122.255,12.614],[122.266,12.626],[122.261,12.631]]],[[[122.24,12.671],[122.23,12.663],[122.239,12.648],[122.246,12.662],[122.24,12.671]]],[[[122.111,12.674],[122.122,12.667],[122.119,12.657],[122.084,12.638],[122.076,12.622],[122.042,12.621],[122.002,12.597],[121.992,12.57],[122.01,12.549],[122.012,12.506],[122.005,12.499],[122.017,12.496],[122.006,12.483],[122.006,12.444],[121.98,12.4],[121.953,12.405],[121.941,12.391],[121.941,12.357],[121.928,12.347],[121.939,12.335],[121.92,12.313],[121.928,12.287],[121.948,12.298],[121.95,12.279],[121.967,12.277],[121.967,12.258],[121.981,12.265],[122.019,12.233],[122.016,12.222],[121.998,12.214],[121.989,12.189],[121.975,12.197],[121.968,12.238],[121.959,12.191],[121.966,12.157],[121.992,12.16],[121.985,12.142],[122.014,12.099],[122.024,12.118],[122.018,12.144],[122.046,12.18],[122.059,12.171],[122.069,12.181],[122.055,12.198],[122.042,12.193],[122.05,12.209],[122.04,12.221],[122.049,12.222],[122.04,12.229],[122.056,12.241],[122.058,12.264],[122.088,12.313],[122.081,12.321],[122.098,12.358],[122.095,12.39],[122.106,12.409],[122.112,12.499],[122.123,12.528],[122.139,12.538],[122.132,12.564],[122.139,12.581],[122.122,12.62],[122.13,12.635],[122.142,12.628],[122.162,12.632],[122.154,12.66],[122.111,12.674]]],[[[122.031,12.797],[122.029,12.795],[122.031,12.794],[122.031,12.797]]],[[[122.087,12.838],[122.036,12.816],[122.019,12.796],[122.032,12.804],[122.031,12.787],[122.061,12.785],[122.087,12.838]]],[[[120.752,12.845],[120.75,12.842],[120.756,12.838],[120.758,12.839],[120.752,12.845]]],[[[120.747,12.86],[120.746,12.858],[120.747,12.855],[120.755,12.858],[120.747,12.86]]],[[[121.705,12.949],[121.689,12.946],[121.681,12.929],[121.7,12.9],[121.709,12.91],[121.717,12.896],[121.726,12.902],[121.718,12.914],[121.733,12.911],[121.736,12.929],[121.725,12.945],[121.705,12.949]]],[[[122.062,12.963],[122.033,12.95],[122.039,12.939],[122.053,12.939],[122.057,12.926],[122.049,12.917],[122.069,12.905],[122.089,12.918],[122.099,12.956],[122.062,12.963]]],[[[121.999,13.194],[121.998,13.192],[121.999,13.19],[122.002,13.192],[121.999,13.194]]],[[[121.814,13.229],[121.805,13.226],[121.813,13.221],[121.814,13.229]]],[[[121.831,13.237],[121.828,13.235],[121.831,13.232],[121.837,13.232],[121.836,13.235],[121.831,13.237]]],[[[121.867,13.253],[121.849,13.248],[121.867,13.244],[121.867,13.253]]],[[[122.127,13.427],[122.124,13.405],[122.13,13.4],[122.139,13.407],[122.147,13.396],[122.148,13.407],[122.127,13.427]]],[[[121.217,13.43],[121.215,13.427],[121.216,13.426],[121.217,13.43]]],[[[121.221,13.447],[121.219,13.445],[121.217,13.439],[121.222,13.445],[121.221,13.447]]],[[[121.164,13.467],[121.161,13.463],[121.163,13.464],[121.164,13.467]]],[[[122.07,13.484],[122.069,13.483],[122.071,13.48],[122.07,13.484]]],[[[122.045,13.486],[122.041,13.486],[122.044,13.484],[122.043,13.485],[122.045,13.486]]],[[[122.069,13.527],[122.065,13.504],[122.1,13.497],[122.069,13.527]]],[[[122.177,13.529],[122.168,13.52],[122.182,13.504],[122.188,13.516],[122.177,13.529]]],[[[120.413,13.531],[120.345,13.505],[120.313,13.477],[120.31,13.455],[120.299,13.445],[120.31,13.42],[120.345,13.382],[120.382,13.375],[120.395,13.385],[120.391,13.411],[120.436,13.427],[120.458,13.418],[120.474,13.398],[120.466,13.375],[120.487,13.319],[120.48,13.297],[120.504,13.266],[120.524,13.265],[120.53,13.248],[120.523,13.224],[120.571,13.229],[120.572,13.22],[120.594,13.221],[120.61,13.198],[120.654,13.188],[120.723,13.067],[120.734,13.064],[120.766,12.989],[120.773,12.936],[120.784,12.931],[120.774,12.935],[120.782,12.867],[120.772,12.844],[120.76,12.839],[120.784,12.822],[120.789,12.734],[120.804,12.72],[120.835,12.728],[120.856,12.717],[120.865,12.689],[120.901,12.657],[120.928,12.615],[120.939,12.578],[120.92,12.54],[120.925,12.506],[120.948,12.482],[120.976,12.428],[121.007,12.412],[121.036,12.364],[121.085,12.328],[121.091,12.328],[121.082,12.335],[121.087,12.348],[121.106,12.324],[121.118,12.337],[121.108,12.309],[121.114,12.3],[121.105,12.307],[121.093,12.288],[121.095,12.27],[121.104,12.276],[121.114,12.268],[121.109,12.243],[121.191,12.245],[121.229,12.227],[121.245,12.207],[121.276,12.285],[121.333,12.295],[121.345,12.326],[121.362,12.324],[121.368,12.298],[121.382,12.298],[121.37,12.291],[121.372,12.282],[121.383,12.296],[121.397,12.286],[121.401,12.296],[121.386,12.316],[121.384,12.363],[121.409,12.368],[121.442,12.355],[121.453,12.359],[121.413,12.396],[121.41,12.445],[121.425,12.453],[121.426,12.47],[121.445,12.476],[121.437,12.515],[121.445,12.522],[121.463,12.518],[121.507,12.547],[121.52,12.583],[121.557,12.605],[121.539,12.696],[121.516,12.738],[121.51,12.729],[121.498,12.74],[121.476,12.777],[121.495,12.85],[121.482,12.896],[121.498,12.938],[121.487,13.022],[121.505,13.055],[121.556,13.088],[121.557,13.12],[121.509,13.151],[121.469,13.135],[121.442,13.144],[121.433,13.163],[121.45,13.19],[121.441,13.228],[121.426,13.228],[121.433,13.233],[121.414,13.242],[121.379,13.239],[121.355,13.285],[121.304,13.344],[121.251,13.373],[121.236,13.395],[121.226,13.389],[121.228,13.404],[121.2,13.438],[121.185,13.418],[121.159,13.417],[121.141,13.405],[121.103,13.418],[121.062,13.404],[121.036,13.419],[120.986,13.471],[120.974,13.469],[120.955,13.496],[120.993,13.523],[120.964,13.526],[120.972,13.515],[120.955,13.503],[120.946,13.521],[120.944,13.504],[120.908,13.511],[120.855,13.485],[120.761,13.465],[120.672,13.492],[120.615,13.488],[120.56,13.508],[120.478,13.504],[120.413,13.531]]],[[[121.861,13.529],[121.86,13.531],[121.859,13.531],[121.861,13.529]]],[[[120.951,13.532],[120.947,13.525],[120.959,13.516],[120.951,13.532]]],[[[121.949,13.537],[121.946,13.535],[121.948,13.534],[121.949,13.537]]],[[[122.106,13.539],[122.11,13.526],[122.135,13.517],[122.132,13.535],[122.106,13.539]]],[[[121.946,13.542],[121.944,13.541],[121.945,13.541],[121.946,13.542]]],[[[121.96,13.547],[121.96,13.546],[121.955,13.542],[121.951,13.544],[121.949,13.541],[121.952,13.539],[121.956,13.542],[121.959,13.543],[121.962,13.546],[121.96,13.547]]],[[[121.942,13.556],[121.944,13.552],[121.946,13.554],[121.942,13.556]]],[[[121.867,13.571],[121.855,13.565],[121.865,13.551],[121.855,13.54],[121.861,13.532],[121.862,13.54],[121.875,13.541],[121.867,13.526],[121.85,13.521],[121.851,13.506],[121.811,13.453],[121.825,13.401],[121.82,13.345],[121.842,13.331],[121.866,13.285],[121.949,13.251],[121.982,13.208],[122.028,13.199],[122.053,13.241],[122.047,13.277],[122.065,13.289],[122.069,13.306],[122.12,13.339],[122.128,13.362],[122.151,13.371],[122.138,13.378],[122.144,13.389],[122.123,13.392],[122.119,13.408],[122.101,13.422],[122.102,13.436],[122.118,13.426],[122.115,13.44],[122.125,13.441],[122.127,13.455],[122.087,13.489],[122.073,13.484],[122.076,13.475],[122.041,13.486],[122.058,13.486],[122.052,13.506],[122.047,13.515],[122.023,13.514],[122.036,13.519],[122.033,13.53],[122.009,13.549],[122.004,13.542],[122.012,13.536],[121.995,13.532],[121.999,13.522],[121.967,13.529],[121.972,13.559],[121.966,13.529],[121.944,13.531],[121.93,13.545],[121.919,13.525],[121.894,13.538],[121.89,13.559],[121.888,13.55],[121.874,13.554],[121.879,13.559],[121.867,13.571]]],[[[120.305,13.682],[120.387,13.633],[120.423,13.627],[120.412,13.655],[120.383,13.653],[120.372,13.666],[120.305,13.682]]],[[[120.297,13.706],[120.294,13.705],[120.298,13.704],[120.297,13.706]]],[[[120.29,13.837],[120.284,13.815],[120.261,13.814],[120.261,13.807],[120.275,13.806],[120.277,13.788],[120.312,13.774],[120.334,13.788],[120.336,13.807],[120.327,13.808],[120.32,13.826],[120.309,13.823],[120.29,13.837]]],[[[120.33,13.84],[120.329,13.839],[120.329,13.832],[120.332,13.838],[120.33,13.84]]],[[[120.345,13.864],[120.345,13.861],[120.346,13.861],[120.347,13.863],[120.345,13.864]]],[[[120.09,13.864],[120.076,13.848],[120.094,13.836],[120.091,13.81],[120.1,13.785],[120.13,13.761],[120.153,13.759],[120.157,13.745],[120.175,13.736],[120.204,13.734],[120.222,13.71],[120.254,13.702],[120.267,13.671],[120.279,13.687],[120.295,13.686],[120.288,13.711],[120.271,13.704],[120.251,13.719],[120.258,13.735],[120.288,13.735],[120.277,13.742],[120.278,13.756],[120.268,13.752],[120.254,13.792],[120.236,13.792],[120.24,13.802],[120.223,13.821],[120.211,13.823],[120.205,13.809],[120.195,13.824],[120.168,13.827],[120.138,13.855],[120.09,13.864]]],[[[120.04,13.899],[120.018,13.887],[120.046,13.867],[120.059,13.877],[120.04,13.899]]]]}},{"type":"Feature","properties":{"slug":"R5","name":"Region V (Bicol Region)","lng":123.33636,"lat":13.53909},"geometry":{"type":"MultiPolygon","coordinates":[[[[123.024,11.759],[123.022,11.758],[123.024,11.755],[123.027,11.758],[123.024,11.759]]],[[[123.911,11.819],[123.906,11.809],[123.917,11.81],[123.911,11.819]]],[[[123.846,11.819],[123.844,11.819],[123.844,11.817],[123.846,11.817],[123.846,11.819]]],[[[124.102,11.836],[124.1,11.834],[124.102,11.832],[124.103,11.834],[124.102,11.836]]],[[[123.768,11.859],[123.767,11.857],[123.771,11.856],[123.768,11.859]]],[[[123.135,11.862],[123.118,11.853],[123.122,11.835],[123.142,11.852],[123.135,11.862]]],[[[124.087,11.883],[124.078,11.875],[124.096,11.871],[124.087,11.883]]],[[[123.662,11.904],[123.66,11.882],[123.671,11.871],[123.674,11.901],[123.662,11.904]]],[[[123.595,11.918],[123.605,11.906],[123.607,11.906],[123.61,11.908],[123.611,11.91],[123.605,11.916],[123.602,11.914],[123.595,11.918]]],[[[123.619,11.959],[123.621,11.953],[123.624,11.952],[123.622,11.957],[123.619,11.959]]],[[[123.556,11.948],[123.557,11.954],[123.552,11.962],[123.551,11.959],[123.556,11.948]]],[[[123.576,11.989],[123.576,11.987],[123.579,11.986],[123.576,11.989]]],[[[123.638,12.022],[123.639,12.026],[123.636,12.022],[123.632,12.02],[123.636,12.016],[123.638,12.022]]],[[[123.547,12.042],[123.545,12.042],[123.545,12.039],[123.548,12.032],[123.549,12.037],[123.547,12.042]]],[[[123.231,12.167],[123.23,12.166],[123.227,12.166],[123.225,12.162],[123.225,12.161],[123.231,12.162],[123.231,12.167]]],[[[123.263,12.192],[123.232,12.17],[123.258,12.172],[123.263,12.192]]],[[[123.851,12.251],[123.843,12.251],[123.864,12.229],[123.866,12.244],[123.851,12.251]]],[[[123.835,12.256],[123.835,12.253],[123.838,12.248],[123.838,12.254],[123.835,12.256]]],[[[123.84,12.258],[123.838,12.257],[123.84,12.254],[123.84,12.258]]],[[[123.831,12.27],[123.833,12.259],[123.84,12.266],[123.831,12.27]]],[[[123.219,12.285],[123.213,12.282],[123.216,12.282],[123.223,12.284],[123.219,12.285]]],[[[123.798,12.331],[123.794,12.333],[123.801,12.324],[123.807,12.311],[123.809,12.309],[123.808,12.316],[123.809,12.322],[123.806,12.327],[123.802,12.328],[123.798,12.331]]],[[[123.246,12.384],[123.234,12.371],[123.237,12.343],[123.253,12.378],[123.246,12.384]]],[[[123.243,12.391],[123.241,12.389],[123.245,12.389],[123.243,12.391]]],[[[123.254,12.409],[123.249,12.406],[123.247,12.401],[123.25,12.402],[123.253,12.405],[123.257,12.405],[123.255,12.406],[123.254,12.409]]],[[[123.254,12.439],[123.251,12.437],[123.251,12.421],[123.252,12.421],[123.253,12.426],[123.258,12.431],[123.258,12.434],[123.254,12.439]]],[[[123.208,12.44],[123.208,12.439],[123.209,12.44],[123.208,12.44]]],[[[123.344,12.456],[123.342,12.448],[123.345,12.445],[123.349,12.451],[123.344,12.456]]],[[[124.087,12.549],[124.089,12.544],[124.091,12.548],[124.087,12.549]]],[[[124.107,12.55],[124.091,12.524],[124.114,12.543],[124.107,12.55]]],[[[124.115,12.561],[124.109,12.552],[124.118,12.544],[124.115,12.561]]],[[[124.099,12.568],[124.097,12.567],[124.099,12.566],[124.098,12.565],[124.099,12.566],[124.099,12.568]]],[[[124.098,12.571],[124.099,12.568],[124.1,12.569],[124.098,12.571]]],[[[124.124,12.585],[124.122,12.581],[124.123,12.578],[124.126,12.578],[124.129,12.579],[124.13,12.582],[124.124,12.585]]],[[[123.237,12.601],[123.232,12.58],[123.25,12.563],[123.239,12.559],[123.25,12.523],[123.251,12.457],[123.27,12.458],[123.278,12.431],[123.288,12.437],[123.275,12.419],[123.289,12.422],[123.272,12.381],[123.259,12.377],[123.267,12.333],[123.223,12.268],[123.222,12.253],[123.236,12.24],[123.217,12.238],[123.228,12.217],[123.252,12.243],[123.267,12.245],[123.287,12.215],[123.298,12.238],[123.301,12.206],[123.287,12.198],[123.284,12.214],[123.27,12.198],[123.282,12.163],[123.24,12.138],[123.251,12.127],[123.246,12.121],[123.23,12.12],[123.218,12.132],[123.206,12.059],[123.191,12.039],[123.196,12.019],[123.143,11.934],[123.16,11.906],[123.179,11.912],[123.205,11.945],[123.204,11.956],[123.232,11.957],[123.267,12.008],[123.297,12.022],[123.321,12.066],[123.315,12.075],[123.324,12.07],[123.335,12.094],[123.372,12.112],[123.43,12.202],[123.499,12.219],[123.54,12.213],[123.615,12.095],[123.601,12.075],[123.642,12.069],[123.647,12.082],[123.662,12.08],[123.641,12.067],[123.65,12.048],[123.693,12.025],[123.728,11.987],[123.742,11.984],[123.712,11.957],[123.729,11.945],[123.722,11.932],[123.753,11.92],[123.77,11.927],[123.836,11.911],[123.861,11.9],[123.9,11.865],[123.927,11.862],[124.014,11.786],[124.039,11.735],[124.07,11.723],[124.073,11.747],[124.055,11.795],[124.07,11.853],[124.037,11.906],[124.024,11.952],[124.012,11.951],[124.013,11.969],[123.992,11.988],[124.004,12.003],[123.998,12.012],[124.009,12.012],[124.018,11.985],[124.048,11.948],[124.052,11.968],[124.006,12.024],[123.972,12.09],[123.919,12.152],[123.894,12.21],[123.872,12.222],[123.867,12.197],[123.854,12.195],[123.823,12.236],[123.799,12.244],[123.781,12.226],[123.795,12.202],[123.783,12.195],[123.697,12.331],[123.67,12.349],[123.65,12.342],[123.627,12.379],[123.615,12.375],[123.621,12.361],[123.582,12.353],[123.59,12.377],[123.61,12.382],[123.594,12.386],[123.593,12.396],[123.57,12.411],[123.555,12.462],[123.538,12.448],[123.444,12.517],[123.413,12.516],[123.402,12.524],[123.398,12.513],[123.371,12.506],[123.368,12.494],[123.383,12.465],[123.363,12.471],[123.347,12.456],[123.349,12.438],[123.333,12.448],[123.329,12.432],[123.332,12.453],[123.323,12.467],[123.361,12.484],[123.338,12.539],[123.379,12.541],[123.346,12.551],[123.304,12.579],[123.285,12.573],[123.237,12.601]]],[[[123.583,12.664],[123.582,12.665],[123.582,12.659],[123.585,12.653],[123.586,12.655],[123.583,12.664]]],[[[123.599,12.675],[123.597,12.675],[123.599,12.672],[123.6,12.674],[123.599,12.675]]],[[[123.596,12.687],[123.592,12.682],[123.595,12.678],[123.596,12.687]]],[[[123.622,12.693],[123.599,12.677],[123.615,12.633],[123.602,12.645],[123.591,12.632],[123.582,12.653],[123.579,12.631],[123.6,12.601],[123.612,12.608],[123.613,12.583],[123.668,12.494],[123.686,12.482],[123.685,12.463],[123.79,12.338],[123.801,12.371],[123.785,12.372],[123.792,12.409],[123.773,12.416],[123.783,12.423],[123.765,12.483],[123.77,12.493],[123.749,12.519],[123.751,12.531],[123.739,12.532],[123.749,12.537],[123.736,12.57],[123.72,12.576],[123.736,12.583],[123.725,12.614],[123.71,12.61],[123.711,12.622],[123.692,12.638],[123.655,12.649],[123.622,12.693]]],[[[123.603,12.709],[123.602,12.706],[123.606,12.699],[123.613,12.693],[123.617,12.694],[123.617,12.696],[123.613,12.698],[123.611,12.701],[123.606,12.702],[123.607,12.703],[123.604,12.706],[123.605,12.708],[123.603,12.709]]],[[[123.59,12.718],[123.589,12.718],[123.594,12.713],[123.599,12.71],[123.598,12.712],[123.599,12.714],[123.597,12.714],[123.598,12.715],[123.596,12.714],[123.597,12.716],[123.595,12.716],[123.596,12.716],[123.594,12.718],[123.592,12.716],[123.592,12.718],[123.59,12.718]]],[[[123.802,12.84],[123.791,12.832],[123.827,12.821],[123.827,12.831],[123.802,12.84]]],[[[123.765,12.837],[123.769,12.841],[123.77,12.851],[123.769,12.846],[123.764,12.841],[123.765,12.837]]],[[[123.921,12.856],[123.92,12.855],[123.922,12.856],[123.921,12.856]]],[[[124.158,12.859],[124.154,12.858],[124.153,12.855],[124.156,12.856],[124.155,12.853],[124.158,12.855],[124.159,12.856],[124.157,12.857],[124.158,12.859]]],[[[123.906,12.866],[123.9,12.861],[123.91,12.859],[123.906,12.866]]],[[[123.81,12.874],[123.814,12.869],[123.813,12.872],[123.81,12.874]]],[[[123.835,12.875],[123.834,12.874],[123.839,12.874],[123.835,12.875]]],[[[123.841,12.882],[123.84,12.882],[123.842,12.881],[123.841,12.882]]],[[[123.84,12.884],[123.836,12.881],[123.839,12.881],[123.839,12.883],[123.841,12.883],[123.84,12.884]]],[[[123.887,12.889],[123.888,12.869],[123.904,12.869],[123.902,12.881],[123.887,12.889]]],[[[122.957,13.129],[122.957,13.128],[122.958,13.128],[122.957,13.129]]],[[[122.846,13.141],[122.847,13.142],[122.843,13.144],[122.846,13.141]]],[[[122.842,13.145],[122.843,13.146],[122.841,13.147],[122.842,13.145]]],[[[122.801,13.151],[122.802,13.153],[122.8,13.153],[122.801,13.151]]],[[[122.974,13.157],[122.948,13.136],[122.959,13.129],[122.973,13.136],[122.974,13.157]]],[[[122.995,13.159],[122.975,13.133],[122.981,13.116],[122.969,13.129],[122.967,13.119],[122.96,13.125],[122.928,13.113],[122.96,13.085],[122.95,13.084],[122.943,13.068],[122.945,13.026],[122.965,13.039],[122.967,13.02],[122.985,13.006],[123.009,13.013],[123.05,12.991],[123.064,12.999],[123.078,12.957],[123.091,12.965],[123.086,12.952],[123.098,12.94],[123.109,12.944],[123.108,12.924],[123.147,12.907],[123.138,12.893],[123.171,12.884],[123.199,12.842],[123.211,12.848],[123.217,12.837],[123.262,12.832],[123.268,12.814],[123.303,12.782],[123.313,12.751],[123.335,12.722],[123.358,12.698],[123.385,12.694],[123.373,12.721],[123.338,12.749],[123.314,12.791],[123.318,12.781],[123.31,12.779],[123.287,12.82],[123.277,12.888],[123.239,12.91],[123.182,12.914],[123.158,12.962],[123.143,12.97],[123.136,13.005],[123.116,13.032],[123.102,13.032],[123.108,13.04],[123.064,13.095],[123.054,13.121],[123.039,13.116],[123.045,13.135],[123.01,13.138],[122.995,13.159]]],[[[122.859,13.173],[122.871,13.145],[122.894,13.14],[122.859,13.173]]],[[[122.937,13.18],[122.936,13.179],[122.937,13.175],[122.938,13.178],[122.937,13.18]]],[[[124.13,13.236],[124.114,13.223],[124.058,13.207],[124.107,13.187],[124.139,13.19],[124.207,13.17],[124.217,13.176],[124.215,13.199],[124.204,13.211],[124.13,13.236]]],[[[123.828,13.274],[123.826,13.273],[123.827,13.269],[123.829,13.268],[123.829,13.27],[123.83,13.267],[123.832,13.268],[123.831,13.27],[123.836,13.271],[123.828,13.274]]],[[[123.977,13.292],[123.971,13.28],[123.951,13.291],[123.908,13.286],[123.921,13.281],[123.915,13.264],[123.958,13.232],[123.992,13.238],[123.996,13.224],[124.039,13.219],[124.072,13.239],[124.064,13.252],[124.099,13.259],[124.089,13.27],[124.041,13.279],[124.047,13.269],[124.029,13.258],[124.032,13.27],[124.009,13.287],[123.999,13.285],[123.986,13.259],[123.977,13.292]]],[[[123.91,13.298],[123.908,13.297],[123.909,13.292],[123.91,13.296],[123.911,13.296],[123.91,13.298]]],[[[123.961,13.308],[123.957,13.293],[123.969,13.298],[123.961,13.308]]],[[[123.938,13.325],[123.927,13.307],[123.949,13.306],[123.938,13.325]]],[[[123.851,13.354],[123.84,13.336],[123.862,13.316],[123.853,13.314],[123.85,13.278],[123.839,13.273],[123.851,13.271],[123.864,13.241],[123.861,13.25],[123.871,13.254],[123.872,13.224],[123.879,13.231],[123.884,13.224],[123.9,13.24],[123.912,13.237],[123.885,13.281],[123.895,13.282],[123.91,13.308],[123.923,13.309],[123.93,13.328],[123.906,13.33],[123.907,13.339],[123.895,13.337],[123.884,13.348],[123.876,13.339],[123.874,13.348],[123.851,13.354]]],[[[123.766,13.407],[123.776,13.386],[123.836,13.344],[123.852,13.37],[123.827,13.368],[123.818,13.388],[123.766,13.407]]],[[[124.335,13.562],[124.334,13.562],[124.336,13.561],[124.335,13.562]]],[[[123.57,13.592],[123.564,13.585],[123.578,13.58],[123.57,13.592]]],[[[123.671,13.704],[123.67,13.703],[123.671,13.702],[123.671,13.704]]],[[[123.996,13.714],[123.997,13.712],[123.996,13.713],[123.995,13.711],[123.999,13.712],[123.996,13.714]]],[[[124.001,13.715],[123.999,13.714],[124.001,13.712],[124.002,13.713],[124.001,13.715]]],[[[124.4,13.721],[124.394,13.718],[124.395,13.716],[124.4,13.718],[124.401,13.72],[124.4,13.721]]],[[[123.982,13.727],[123.98,13.727],[123.982,13.725],[123.983,13.726],[123.982,13.727]]],[[[123.257,13.745],[123.256,13.746],[123.256,13.745],[123.257,13.745]]],[[[123.245,13.749],[123.242,13.748],[123.244,13.741],[123.244,13.745],[123.247,13.747],[123.245,13.749]]],[[[123.271,13.769],[123.271,13.771],[123.268,13.771],[123.271,13.769]]],[[[124.406,13.773],[124.404,13.771],[124.405,13.77],[124.411,13.767],[124.412,13.771],[124.41,13.772],[124.408,13.771],[124.406,13.773]]],[[[123.991,13.776],[123.99,13.773],[123.992,13.772],[123.993,13.775],[123.991,13.776]]],[[[123.278,13.777],[123.268,13.775],[123.272,13.774],[123.277,13.777],[123.279,13.777],[123.278,13.777]]],[[[123.949,13.778],[123.948,13.777],[123.948,13.774],[123.95,13.772],[123.951,13.772],[123.953,13.775],[123.954,13.774],[123.954,13.776],[123.953,13.777],[123.952,13.775],[123.951,13.775],[123.949,13.778]]],[[[124.422,13.779],[124.421,13.778],[124.422,13.777],[124.422,13.777],[124.422,13.776],[124.423,13.776],[124.422,13.777],[124.423,13.777],[124.423,13.778],[124.424,13.777],[124.422,13.779]]],[[[122.757,13.784],[122.757,13.783],[122.758,13.784],[122.757,13.784]]],[[[122.743,13.783],[122.743,13.784],[122.743,13.783],[122.74,13.783],[122.739,13.78],[122.734,13.783],[122.724,13.779],[122.727,13.777],[122.726,13.779],[122.728,13.78],[122.729,13.778],[122.733,13.778],[122.734,13.776],[122.735,13.777],[122.736,13.776],[122.736,13.778],[122.737,13.776],[122.742,13.778],[122.741,13.779],[122.743,13.78],[122.743,13.783]]],[[[124.421,13.784],[124.42,13.783],[124.421,13.783],[124.421,13.784]]],[[[122.763,13.785],[122.762,13.784],[122.763,13.785],[122.763,13.785]]],[[[123.987,13.794],[123.984,13.785],[123.989,13.783],[123.99,13.787],[123.987,13.791],[123.987,13.794]]],[[[122.743,13.803],[122.743,13.802],[122.745,13.802],[122.743,13.803]]],[[[123.891,13.805],[123.89,13.806],[123.89,13.804],[123.891,13.803],[123.891,13.805]]],[[[124.422,13.807],[124.422,13.805],[124.425,13.805],[124.422,13.807]]],[[[123.895,13.812],[123.893,13.811],[123.894,13.809],[123.898,13.811],[123.898,13.812],[123.895,13.812]]],[[[123.907,13.813],[123.906,13.811],[123.908,13.812],[123.907,13.813]]],[[[123.856,13.823],[123.854,13.823],[123.853,13.821],[123.854,13.819],[123.854,13.82],[123.857,13.821],[123.856,13.822],[123.856,13.823]]],[[[123.849,13.843],[123.839,13.838],[123.85,13.828],[123.849,13.843]]],[[[123.806,13.845],[123.804,13.843],[123.806,13.844],[123.806,13.845]]],[[[123.841,13.848],[123.839,13.848],[123.837,13.845],[123.84,13.842],[123.843,13.847],[123.841,13.848]]],[[[124.414,13.859],[124.412,13.858],[124.415,13.859],[124.414,13.859]]],[[[123.8,13.861],[123.798,13.861],[123.8,13.86],[123.801,13.861],[123.8,13.861]]],[[[123.821,13.864],[123.82,13.862],[123.823,13.861],[123.821,13.864]]],[[[123.869,13.865],[123.867,13.864],[123.869,13.863],[123.872,13.865],[123.869,13.865]]],[[[123.856,13.867],[123.856,13.859],[123.863,13.864],[123.856,13.867]]],[[[123.764,13.87],[123.763,13.869],[123.761,13.87],[123.761,13.867],[123.765,13.869],[123.764,13.87]]],[[[123.838,13.875],[123.837,13.87],[123.839,13.867],[123.841,13.872],[123.838,13.875]]],[[[123.806,13.875],[123.807,13.876],[123.804,13.875],[123.808,13.871],[123.809,13.874],[123.806,13.875]]],[[[123.832,13.881],[123.824,13.873],[123.833,13.87],[123.832,13.881]]],[[[123.856,13.883],[123.841,13.865],[123.849,13.857],[123.856,13.883]]],[[[123.839,13.886],[123.835,13.886],[123.837,13.883],[123.837,13.877],[123.839,13.879],[123.841,13.886],[123.841,13.885],[123.839,13.886]]],[[[123.857,13.887],[123.854,13.887],[123.849,13.883],[123.857,13.887]]],[[[123.787,13.891],[123.779,13.885],[123.79,13.868],[123.796,13.873],[123.787,13.891]]],[[[123.627,13.898],[123.626,13.897],[123.629,13.895],[123.627,13.898]]],[[[124.394,13.899],[124.393,13.894],[124.395,13.894],[124.396,13.897],[124.394,13.899]]],[[[123.629,13.901],[123.627,13.9],[123.628,13.899],[123.633,13.899],[123.633,13.9],[123.629,13.901]]],[[[124.319,13.9],[124.32,13.901],[124.314,13.898],[124.319,13.9]]],[[[123.626,13.902],[123.625,13.902],[123.628,13.902],[123.626,13.902]]],[[[123.638,13.907],[123.635,13.906],[123.637,13.905],[123.638,13.907]]],[[[123.582,13.933],[123.578,13.928],[123.596,13.916],[123.599,13.924],[123.582,13.933]]],[[[124.328,13.936],[124.327,13.935],[124.329,13.936],[124.328,13.936]]],[[[123.42,13.95],[123.419,13.949],[123.419,13.947],[123.421,13.948],[123.42,13.95]]],[[[123.852,13.95],[123.847,13.95],[123.844,13.947],[123.848,13.946],[123.854,13.95],[123.852,13.95]]],[[[123.331,13.954],[123.33,13.952],[123.332,13.953],[123.331,13.954]]],[[[123.515,13.959],[123.512,13.958],[123.512,13.953],[123.516,13.958],[123.515,13.959]]],[[[123.541,13.959],[123.537,13.958],[123.534,13.955],[123.537,13.955],[123.541,13.959]]],[[[123.252,13.961],[123.25,13.958],[123.255,13.957],[123.252,13.961]]],[[[123.813,13.961],[123.812,13.959],[123.814,13.958],[123.813,13.961]]],[[[123.782,13.961],[123.781,13.963],[123.779,13.962],[123.781,13.96],[123.782,13.961]]],[[[123.446,13.966],[123.443,13.963],[123.446,13.964],[123.446,13.966]]],[[[124.304,13.966],[124.299,13.964],[124.299,13.958],[124.297,13.955],[124.299,13.953],[124.306,13.96],[124.306,13.964],[124.304,13.965],[124.304,13.966]]],[[[123.704,13.965],[123.704,13.967],[123.702,13.965],[123.704,13.965]]],[[[123.859,13.967],[123.857,13.949],[123.872,13.949],[123.859,13.967]]],[[[123.523,13.968],[123.517,13.966],[123.518,13.963],[123.523,13.964],[123.524,13.967],[123.523,13.968]]],[[[123.812,13.969],[123.814,13.966],[123.813,13.968],[123.812,13.969]]],[[[123.565,13.969],[123.564,13.969],[123.563,13.967],[123.565,13.966],[123.567,13.967],[123.565,13.969]]],[[[123.578,13.97],[123.556,13.955],[123.569,13.952],[123.575,13.931],[123.578,13.97]]],[[[123.224,13.97],[123.223,13.971],[123.222,13.971],[123.229,13.964],[123.233,13.963],[123.234,13.966],[123.232,13.965],[123.224,13.97]]],[[[123.775,13.973],[123.774,13.975],[123.773,13.974],[123.775,13.973]]],[[[123.55,13.977],[123.548,13.974],[123.55,13.974],[123.557,13.968],[123.558,13.971],[123.554,13.973],[123.554,13.974],[123.551,13.975],[123.55,13.977]]],[[[123.546,13.978],[123.539,13.976],[123.542,13.976],[123.545,13.974],[123.547,13.975],[123.546,13.978]]],[[[123.818,13.978],[123.819,13.952],[123.807,13.944],[123.819,13.927],[123.811,13.93],[123.812,13.912],[123.824,13.911],[123.832,13.889],[123.841,13.896],[123.831,13.936],[123.84,13.97],[123.818,13.978]]],[[[123.644,13.978],[123.638,13.979],[123.64,13.97],[123.651,13.974],[123.66,13.947],[123.635,13.965],[123.638,13.952],[123.624,13.959],[123.629,13.943],[123.622,13.939],[123.618,13.95],[123.603,13.947],[123.607,13.962],[123.595,13.946],[123.607,13.938],[123.596,13.934],[123.608,13.926],[123.601,13.914],[123.612,13.918],[123.625,13.907],[123.678,13.943],[123.67,13.967],[123.662,13.96],[123.644,13.978]]],[[[123.402,13.982],[123.402,13.981],[123.4,13.981],[123.402,13.979],[123.403,13.98],[123.402,13.982]]],[[[123.826,13.985],[123.824,13.984],[123.825,13.982],[123.827,13.983],[123.826,13.985]]],[[[124.327,13.987],[124.331,13.969],[124.321,13.961],[124.324,13.975],[124.308,13.979],[124.31,13.958],[124.327,13.941],[124.355,13.946],[124.351,13.958],[124.34,13.952],[124.349,13.962],[124.327,13.987]]],[[[123.521,13.989],[123.514,13.972],[123.527,13.981],[123.521,13.989]]],[[[123.567,13.991],[123.569,13.988],[123.57,13.99],[123.567,13.991]]],[[[123.523,13.992],[123.521,13.991],[123.523,13.991],[123.523,13.992]]],[[[123.558,13.994],[123.553,13.99],[123.575,13.969],[123.581,13.986],[123.558,13.994]]],[[[123.639,13.995],[123.638,13.995],[123.639,13.991],[123.637,13.988],[123.64,13.984],[123.643,13.99],[123.639,13.995]]],[[[123.513,14],[123.512,13.999],[123.514,13.999],[123.513,14]]],[[[123.516,14.002],[123.515,14.002],[123.514,13.999],[123.517,14],[123.516,14.002]]],[[[123.404,14.01],[123.403,14.009],[123.405,14.008],[123.404,14.01]]],[[[124.268,14.023],[124.266,14.02],[124.268,14.019],[124.268,14.023]]],[[[124.013,14.026],[124.014,14.023],[124.016,14.024],[124.02,14.019],[124.02,14.017],[124.019,14.017],[124.018,14.015],[124.025,14.014],[124.023,14.019],[124.018,14.025],[124.014,14.025],[124.013,14.026]]],[[[123.213,14.031],[123.208,14.024],[123.224,14.025],[123.213,14.031]]],[[[123.392,14.031],[123.392,14.029],[123.393,14.031],[123.392,14.031]]],[[[124.059,14.032],[124.059,14.03],[124.059,14.028],[124.065,14.021],[124.066,14.022],[124.063,14.027],[124.061,14.027],[124.059,14.032]]],[[[124.039,14.032],[124.036,14.018],[124.047,14.014],[124.051,14.03],[124.039,14.032]]],[[[123.105,14.047],[123.094,14.04],[123.112,14.03],[123.105,14.047]]],[[[123.089,14.057],[123.085,14.054],[123.087,14.054],[123.088,14.053],[123.089,14.054],[123.089,14.057]]],[[[123.078,14.071],[123.078,14.073],[123.075,14.073],[123.07,14.071],[123.066,14.068],[123.076,14.065],[123.077,14.066],[123.078,14.071]]],[[[123.105,14.09],[123.098,14.08],[123.117,14.075],[123.105,14.09]]],[[[123.09,14.091],[123.085,14.084],[123.095,14.08],[123.09,14.091]]],[[[123.082,14.092],[123.081,14.092],[123.081,14.087],[123.085,14.085],[123.084,14.09],[123.082,14.092]]],[[[124.206,14.1],[124.17,14.051],[124.154,14.051],[124.14,14.064],[124.127,14.06],[124.14,14.014],[124.126,14.002],[124.132,14.002],[124.128,13.977],[124.148,13.926],[124.141,13.92],[124.147,13.911],[124.138,13.908],[124.144,13.899],[124.128,13.886],[124.138,13.865],[124.136,13.796],[124.122,13.752],[124.101,13.736],[124.106,13.727],[124.096,13.705],[124.061,13.691],[124.039,13.665],[124.023,13.663],[124.057,13.619],[124.059,13.608],[124.048,13.602],[124.057,13.596],[124.077,13.604],[124.107,13.593],[124.141,13.571],[124.171,13.531],[124.208,13.517],[124.215,13.523],[124.206,13.543],[124.21,13.559],[124.256,13.593],[124.311,13.589],[124.317,13.552],[124.345,13.549],[124.326,13.558],[124.337,13.566],[124.334,13.574],[124.346,13.574],[124.351,13.595],[124.342,13.641],[124.366,13.66],[124.378,13.663],[124.381,13.645],[124.417,13.666],[124.406,13.671],[124.408,13.689],[124.389,13.692],[124.397,13.708],[124.384,13.715],[124.401,13.74],[124.393,13.748],[124.41,13.752],[124.393,13.779],[124.419,13.783],[124.422,13.796],[124.408,13.821],[124.415,13.835],[124.399,13.836],[124.407,13.848],[124.421,13.847],[124.416,13.858],[124.4,13.859],[124.414,13.865],[124.408,13.879],[124.403,13.884],[124.398,13.876],[124.393,13.893],[124.387,13.872],[124.385,13.894],[124.376,13.888],[124.355,13.908],[124.359,13.924],[124.352,13.94],[124.33,13.934],[124.324,13.899],[124.312,13.897],[124.317,13.909],[124.303,13.922],[124.314,13.934],[124.283,13.947],[124.279,13.999],[124.271,14.017],[124.259,14.019],[124.263,14.033],[124.215,14.079],[124.206,14.1]]],[[[123.299,14.129],[123.29,14.122],[123.318,14.089],[123.328,14.111],[123.299,14.129]]],[[[123.052,14.13],[123.069,14.098],[123.069,14.129],[123.052,14.13]]],[[[122.914,14.196],[122.91,14.193],[122.911,14.19],[122.915,14.191],[122.914,14.196]]],[[[122.918,14.198],[122.916,14.198],[122.917,14.196],[122.919,14.196],[122.918,14.198]]],[[[122.951,14.205],[122.948,14.204],[122.947,14.202],[122.952,14.203],[122.951,14.205]]],[[[122.912,14.218],[122.912,14.217],[122.913,14.217],[122.912,14.218]]],[[[122.925,14.222],[122.918,14.196],[122.94,14.189],[122.923,14.206],[122.925,14.222]]],[[[122.59,14.331],[122.587,14.33],[122.584,14.33],[122.583,14.327],[122.581,14.327],[122.582,14.326],[122.585,14.326],[122.586,14.327],[122.593,14.33],[122.59,14.331]]],[[[122.551,13.946],[122.567,13.937],[122.554,13.923],[122.565,13.921],[122.567,13.905],[122.593,13.894],[122.606,13.9],[122.631,13.88],[122.642,13.882],[122.635,13.877],[122.652,13.851],[122.637,13.84],[122.651,13.835],[122.653,13.821],[122.68,13.807],[122.68,13.828],[122.701,13.814],[122.705,13.822],[122.722,13.817],[122.75,13.803],[122.744,13.801],[122.749,13.791],[122.769,13.786],[122.742,13.777],[122.772,13.777],[122.78,13.764],[122.836,13.735],[122.862,13.69],[122.851,13.678],[122.842,13.682],[122.824,13.649],[122.799,13.651],[122.833,13.64],[122.888,13.576],[122.95,13.549],[122.976,13.521],[123.001,13.523],[123.034,13.501],[123.048,13.509],[123.143,13.454],[123.158,13.455],[123.195,13.427],[123.207,13.396],[123.201,13.389],[123.205,13.358],[123.23,13.323],[123.239,13.29],[123.292,13.254],[123.327,13.198],[123.305,13.187],[123.311,13.167],[123.288,13.147],[123.296,13.083],[123.281,13.058],[123.298,13.054],[123.32,13.007],[123.364,13.023],[123.378,13.039],[123.393,13.033],[123.404,13.046],[123.426,13.04],[123.452,13.024],[123.53,12.937],[123.538,12.949],[123.556,12.946],[123.588,12.906],[123.627,12.896],[123.611,12.899],[123.652,12.87],[123.662,12.889],[123.651,12.897],[123.662,12.918],[123.681,12.922],[123.674,12.926],[123.68,12.931],[123.689,12.917],[123.695,12.937],[123.711,12.941],[123.696,12.915],[123.681,12.903],[123.673,12.908],[123.693,12.865],[123.707,12.878],[123.687,12.886],[123.692,12.897],[123.708,12.883],[123.726,12.886],[123.734,12.898],[123.73,12.888],[123.742,12.885],[123.71,12.876],[123.731,12.87],[123.723,12.86],[123.736,12.845],[123.761,12.864],[123.759,12.88],[123.796,12.863],[123.814,12.875],[123.816,12.89],[123.82,12.875],[123.829,12.876],[123.834,12.904],[123.855,12.898],[123.859,12.922],[123.881,12.934],[123.873,12.946],[123.884,12.952],[123.884,12.979],[123.901,12.973],[123.921,12.98],[123.94,12.958],[123.959,12.955],[124.005,12.962],[124.019,12.973],[124.034,12.964],[124.041,12.925],[124.019,12.879],[124.004,12.876],[123.998,12.862],[123.986,12.88],[123.95,12.876],[123.939,12.868],[123.945,12.849],[123.94,12.856],[123.936,12.844],[123.929,12.854],[123.925,12.845],[123.859,12.876],[123.864,12.859],[123.847,12.857],[123.855,12.848],[123.836,12.837],[123.84,12.827],[123.83,12.828],[123.846,12.802],[123.85,12.721],[123.875,12.656],[123.913,12.638],[123.918,12.618],[123.931,12.629],[123.939,12.625],[123.938,12.599],[123.947,12.601],[123.957,12.575],[123.989,12.545],[124.021,12.537],[124.023,12.544],[124.027,12.535],[124.036,12.548],[124.044,12.533],[124.053,12.54],[124.081,12.536],[124.082,12.557],[124.098,12.557],[124.085,12.584],[124.11,12.594],[124.094,12.637],[124.134,12.662],[124.13,12.691],[124.142,12.7],[124.132,12.733],[124.156,12.809],[124.147,12.841],[124.155,12.86],[124.138,12.873],[124.149,12.893],[124.144,12.899],[124.143,12.892],[124.126,12.892],[124.117,12.909],[124.131,12.916],[124.127,12.928],[124.143,12.935],[124.144,12.961],[124.154,12.97],[124.141,12.969],[124.141,12.98],[124.151,12.998],[124.198,13.019],[124.188,13.029],[124.196,13.038],[124.193,13.061],[124.131,13.075],[124.107,13.06],[124.091,13.004],[124.075,13.004],[124.066,13.033],[124.022,13.052],[123.972,13.109],[123.953,13.103],[123.935,13.121],[123.911,13.123],[123.906,13.141],[123.879,13.143],[123.863,13.135],[123.857,13.108],[123.839,13.111],[123.837,13.083],[123.812,13.054],[123.791,13.046],[123.759,13.059],[123.765,13.076],[123.751,13.09],[123.776,13.09],[123.786,13.115],[123.782,13.131],[123.77,13.129],[123.756,13.145],[123.754,13.175],[123.775,13.227],[123.802,13.238],[123.862,13.224],[123.868,13.24],[123.849,13.249],[123.845,13.265],[123.829,13.267],[123.832,13.234],[123.816,13.254],[123.815,13.288],[123.744,13.325],[123.738,13.366],[123.727,13.371],[123.727,13.384],[123.743,13.369],[123.678,13.477],[123.625,13.491],[123.596,13.54],[123.582,13.547],[123.584,13.555],[123.568,13.562],[123.548,13.552],[123.53,13.574],[123.552,13.602],[123.536,13.612],[123.54,13.643],[123.563,13.701],[123.588,13.725],[123.578,13.722],[123.583,13.728],[123.658,13.707],[123.671,13.72],[123.689,13.721],[123.803,13.688],[123.836,13.698],[123.86,13.731],[123.883,13.739],[123.89,13.728],[123.91,13.73],[123.934,13.72],[123.927,13.73],[123.937,13.737],[123.947,13.725],[123.965,13.726],[123.969,13.709],[123.976,13.739],[123.967,13.756],[123.947,13.755],[123.955,13.768],[123.937,13.772],[123.95,13.784],[123.941,13.796],[123.917,13.79],[123.892,13.799],[123.867,13.826],[123.849,13.81],[123.849,13.818],[123.814,13.829],[123.802,13.847],[123.783,13.844],[123.775,13.85],[123.781,13.86],[123.759,13.864],[123.743,13.893],[123.737,13.884],[123.73,13.921],[123.707,13.943],[123.718,13.92],[123.703,13.913],[123.706,13.889],[123.681,13.879],[123.663,13.894],[123.643,13.883],[123.599,13.892],[123.593,13.912],[123.582,13.914],[123.58,13.9],[123.573,13.917],[123.545,13.932],[123.543,13.909],[123.53,13.919],[123.519,13.913],[123.517,13.93],[123.491,13.914],[123.495,13.922],[123.488,13.926],[123.501,13.942],[123.489,13.939],[123.471,13.961],[123.45,13.967],[123.446,13.94],[123.458,13.938],[123.451,13.92],[123.426,13.92],[123.427,13.93],[123.408,13.943],[123.417,13.951],[123.416,13.984],[123.403,13.989],[123.398,13.978],[123.402,14.008],[123.382,14.008],[123.393,14.016],[123.389,14.034],[123.363,14.018],[123.364,14.008],[123.351,14.007],[123.352,14.02],[123.343,14.013],[123.352,14.039],[123.357,14.032],[123.359,14.042],[123.374,14.04],[123.355,14.054],[123.359,14.076],[123.344,14.087],[123.34,14.105],[123.329,14.087],[123.343,14.084],[123.346,14.069],[123.309,14.067],[123.321,14.04],[123.31,14.04],[123.277,14.072],[123.255,14.073],[123.283,14.033],[123.23,14.026],[123.259,14.019],[123.268,14.011],[123.259,14.001],[123.27,13.999],[123.228,14],[123.241,13.988],[123.228,13.989],[123.232,13.968],[123.265,13.962],[123.26,13.949],[123.278,13.946],[123.294,13.927],[123.312,13.93],[123.313,13.951],[123.321,13.95],[123.339,13.982],[123.333,13.938],[123.322,13.939],[123.317,13.922],[123.295,13.904],[123.287,13.907],[123.285,13.896],[123.324,13.83],[123.325,13.8],[123.286,13.771],[123.274,13.749],[123.242,13.743],[123.239,13.732],[123.136,13.73],[123.12,13.721],[123.116,13.738],[123.046,13.776],[123.047,13.817],[123.061,13.838],[123.065,13.874],[123.084,13.884],[123.082,13.873],[123.095,13.891],[123.083,13.982],[123.057,13.994],[123.03,14.036],[123.032,14.067],[123.048,14.069],[123.043,14.099],[123.025,14.112],[123.012,14.097],[123.005,14.104],[123.014,14.112],[122.988,14.129],[122.98,14.15],[122.958,14.151],[122.979,14.15],[122.953,14.163],[122.937,14.191],[122.912,14.189],[122.908,14.198],[122.888,14.201],[122.912,14.196],[122.912,14.214],[122.893,14.219],[122.917,14.219],[122.888,14.235],[122.848,14.282],[122.827,14.286],[122.819,14.275],[122.8,14.275],[122.807,14.285],[122.79,14.28],[122.786,14.289],[122.791,14.311],[122.785,14.305],[122.775,14.321],[122.751,14.328],[122.74,14.313],[122.723,14.312],[122.713,14.321],[122.717,14.337],[122.694,14.333],[122.688,14.344],[122.668,14.339],[122.694,14.285],[122.689,14.28],[122.669,14.3],[122.659,14.29],[122.653,14.315],[122.653,14.303],[122.633,14.282],[122.63,14.292],[122.64,14.301],[122.631,14.322],[122.629,14.294],[122.621,14.288],[122.596,14.305],[122.611,14.314],[122.558,14.326],[122.536,14.341],[122.529,14.335],[122.522,14.349],[122.509,14.344],[122.527,14.322],[122.519,14.317],[122.499,14.337],[122.488,14.327],[122.468,14.339],[122.467,14.328],[122.455,14.329],[122.457,14.317],[122.432,14.315],[122.43,14.299],[122.423,14.315],[122.414,14.313],[122.413,14.287],[122.394,14.279],[122.385,14.288],[122.379,14.257],[122.36,14.252],[122.382,14.215],[122.36,14.214],[122.349,14.226],[122.346,14.217],[122.359,14.204],[122.351,14.204],[122.359,14.199],[122.357,14.187],[122.344,14.188],[122.347,14.205],[122.334,14.202],[122.337,14.155],[122.351,14.141],[122.352,14.122],[122.343,14.111],[122.308,14.102],[122.304,14.067],[122.384,14.067],[122.432,14.114],[122.452,14.15],[122.793,14.014],[122.584,13.962],[122.551,13.946]]],[[[122.607,14.349],[122.604,14.347],[122.605,14.346],[122.606,14.342],[122.607,14.349]]],[[[122.951,14.376],[122.95,14.375],[122.953,14.372],[122.958,14.369],[122.962,14.37],[122.963,14.372],[122.961,14.374],[122.962,14.375],[122.961,14.375],[122.957,14.374],[122.951,14.376]]],[[[122.814,14.408],[122.803,14.415],[122.819,14.385],[122.814,14.408]]],[[[122.921,14.42],[122.92,14.419],[122.923,14.419],[122.921,14.42]]],[[[122.929,14.419],[122.929,14.42],[122.923,14.418],[122.928,14.415],[122.93,14.417],[122.929,14.419]]],[[[122.99,14.435],[122.985,14.428],[123.02,14.43],[122.99,14.435]]],[[[122.94,14.44],[122.925,14.434],[122.93,14.426],[122.938,14.428],[122.955,14.409],[122.98,14.405],[122.944,14.428],[122.94,14.44]]],[[[122.939,14.445],[122.938,14.444],[122.94,14.441],[122.941,14.443],[122.939,14.445]]],[[[122.988,14.449],[122.987,14.448],[122.988,14.446],[122.992,14.445],[122.995,14.447],[122.995,14.448],[122.99,14.448],[122.988,14.449]]],[[[122.981,14.449],[122.978,14.448],[122.978,14.447],[122.981,14.448],[122.981,14.449]]],[[[122.97,14.453],[122.967,14.45],[122.968,14.447],[122.97,14.447],[122.975,14.449],[122.975,14.451],[122.97,14.453]]],[[[122.936,14.491],[122.931,14.489],[122.938,14.486],[122.936,14.491]]],[[[122.908,14.493],[122.906,14.492],[122.908,14.491],[122.908,14.493]]],[[[122.949,14.495],[122.936,14.472],[122.909,14.463],[122.902,14.445],[122.923,14.455],[122.945,14.45],[122.94,14.465],[122.958,14.466],[122.949,14.478],[122.962,14.492],[122.949,14.495]]],[[[122.93,14.495],[122.929,14.493],[122.927,14.492],[122.927,14.49],[122.933,14.492],[122.933,14.494],[122.93,14.495]]],[[[122.905,14.501],[122.904,14.5],[122.905,14.498],[122.902,14.496],[122.903,14.492],[122.905,14.493],[122.905,14.495],[122.907,14.495],[122.906,14.499],[122.905,14.501]]],[[[122.929,14.501],[122.928,14.501],[122.931,14.5],[122.929,14.501]]]]}},{"type":"Feature","properties":{"slug":"R6","name":"Region VI (Western Visayas)","lng":122.44169,"lat":11.19097},"geometry":{"type":"MultiPolygon","coordinates":[[[[122.497,9.556],[122.494,9.554],[122.496,9.549],[122.498,9.549],[122.5,9.552],[122.499,9.555],[122.497,9.556]]],[[[122.438,9.654],[122.433,9.648],[122.434,9.643],[122.436,9.647],[122.438,9.647],[122.438,9.654]]],[[[122.397,9.68],[122.397,9.681],[122.398,9.679],[122.397,9.68]]],[[[122.394,9.738],[122.39,9.737],[122.393,9.734],[122.393,9.736],[122.394,9.738]]],[[[122.396,9.804],[122.395,9.803],[122.397,9.802],[122.396,9.804]]],[[[122.367,9.83],[122.365,9.828],[122.369,9.828],[122.367,9.83]]],[[[122.385,9.862],[122.383,9.862],[122.384,9.86],[122.387,9.861],[122.386,9.861],[122.387,9.861],[122.385,9.862]]],[[[122.376,9.881],[122.375,9.879],[122.378,9.879],[122.376,9.878],[122.378,9.876],[122.378,9.873],[122.376,9.87],[122.373,9.868],[122.378,9.866],[122.379,9.868],[122.379,9.871],[122.378,9.871],[122.379,9.871],[122.38,9.877],[122.379,9.88],[122.376,9.881]]],[[[122.606,10.398],[122.592,10.395],[122.624,10.39],[122.606,10.398]]],[[[122.507,10.406],[122.507,10.404],[122.508,10.406],[122.507,10.406]]],[[[122.557,10.405],[122.558,10.406],[122.554,10.408],[122.55,10.404],[122.557,10.405]]],[[[122.51,10.411],[122.509,10.41],[122.51,10.409],[122.508,10.408],[122.509,10.405],[122.51,10.405],[122.508,10.402],[122.51,10.404],[122.514,10.404],[122.513,10.408],[122.511,10.408],[122.51,10.411]]],[[[122.506,10.415],[122.505,10.412],[122.506,10.411],[122.507,10.413],[122.506,10.415]]],[[[122.588,10.411],[122.59,10.414],[122.586,10.415],[122.585,10.413],[122.588,10.411]]],[[[122.581,10.416],[122.578,10.414],[122.579,10.412],[122.584,10.412],[122.583,10.416],[122.581,10.416]]],[[[122.564,10.415],[122.56,10.401],[122.597,10.405],[122.597,10.413],[122.573,10.408],[122.564,10.415]]],[[[122.507,10.418],[122.506,10.415],[122.508,10.414],[122.509,10.416],[122.507,10.416],[122.507,10.418]]],[[[122.505,10.419],[122.504,10.418],[122.506,10.417],[122.505,10.419]]],[[[122.505,10.42],[122.503,10.419],[122.502,10.415],[122.506,10.416],[122.503,10.416],[122.503,10.417],[122.504,10.418],[122.504,10.416],[122.505,10.417],[122.504,10.418],[122.505,10.419],[122.505,10.42]]],[[[121.92,10.42],[121.916,10.417],[121.919,10.415],[121.921,10.415],[121.923,10.418],[121.923,10.42],[121.92,10.42]]],[[[122.507,10.421],[122.505,10.42],[122.505,10.419],[122.508,10.418],[122.508,10.42],[122.507,10.421]]],[[[122.503,10.422],[122.503,10.42],[122.504,10.421],[122.503,10.422]]],[[[122.507,10.422],[122.504,10.422],[122.505,10.421],[122.503,10.421],[122.502,10.42],[122.503,10.42],[122.504,10.42],[122.504,10.42],[122.505,10.42],[122.507,10.421],[122.507,10.421],[122.507,10.422]]],[[[122.499,10.429],[122.497,10.428],[122.499,10.427],[122.499,10.425],[122.501,10.422],[122.499,10.421],[122.5,10.417],[122.502,10.418],[122.5,10.421],[122.502,10.422],[122.499,10.425],[122.503,10.427],[122.501,10.427],[122.501,10.426],[122.499,10.429]]],[[[122.666,10.427],[122.667,10.43],[122.663,10.434],[122.663,10.43],[122.666,10.427]]],[[[122.653,10.437],[122.652,10.438],[122.648,10.436],[122.651,10.434],[122.652,10.435],[122.653,10.437]]],[[[122.505,10.44],[122.503,10.439],[122.505,10.437],[122.505,10.44]]],[[[122.646,10.442],[122.645,10.444],[122.644,10.442],[122.646,10.442]]],[[[122.504,10.45],[122.503,10.449],[122.504,10.448],[122.503,10.448],[122.506,10.447],[122.506,10.449],[122.504,10.45]]],[[[122.647,10.453],[122.644,10.451],[122.643,10.452],[122.643,10.45],[122.646,10.45],[122.647,10.453]]],[[[122.653,10.458],[122.653,10.46],[122.651,10.46],[122.651,10.459],[122.653,10.458]]],[[[122.679,10.462],[122.68,10.463],[122.678,10.464],[122.675,10.463],[122.679,10.462]]],[[[122.49,10.475],[122.488,10.474],[122.49,10.474],[122.49,10.475]]],[[[122.706,10.475],[122.687,10.468],[122.693,10.457],[122.683,10.444],[122.728,10.453],[122.706,10.475]]],[[[122.483,10.476],[122.48,10.477],[122.48,10.475],[122.483,10.476]]],[[[123.446,10.48],[123.416,10.446],[123.422,10.436],[123.45,10.468],[123.446,10.48]]],[[[122.726,10.497],[122.719,10.502],[122.713,10.496],[122.714,10.495],[122.726,10.492],[122.728,10.494],[122.728,10.496],[122.726,10.497]]],[[[122.721,10.503],[122.722,10.504],[122.721,10.505],[122.72,10.504],[122.721,10.503]]],[[[122.741,10.501],[122.744,10.502],[122.743,10.507],[122.738,10.503],[122.741,10.501]]],[[[122.734,10.515],[122.731,10.515],[122.731,10.514],[122.736,10.511],[122.737,10.506],[122.739,10.505],[122.741,10.508],[122.74,10.513],[122.734,10.515]]],[[[122.519,10.561],[122.517,10.56],[122.518,10.558],[122.519,10.561]]],[[[122.511,10.568],[122.511,10.57],[122.51,10.566],[122.511,10.568]]],[[[122.658,10.754],[122.647,10.738],[122.658,10.733],[122.649,10.737],[122.615,10.719],[122.618,10.687],[122.61,10.675],[122.592,10.674],[122.579,10.658],[122.561,10.665],[122.562,10.641],[122.527,10.615],[122.53,10.603],[122.519,10.601],[122.511,10.583],[122.516,10.557],[122.523,10.564],[122.52,10.555],[122.529,10.554],[122.52,10.553],[122.522,10.54],[122.539,10.551],[122.544,10.54],[122.531,10.53],[122.511,10.533],[122.524,10.518],[122.52,10.511],[122.482,10.506],[122.475,10.481],[122.478,10.476],[122.484,10.487],[122.482,10.477],[122.494,10.478],[122.486,10.464],[122.507,10.469],[122.5,10.463],[122.509,10.457],[122.502,10.453],[122.509,10.451],[122.514,10.407],[122.542,10.407],[122.582,10.454],[122.594,10.445],[122.579,10.443],[122.582,10.429],[122.604,10.438],[122.627,10.435],[122.629,10.445],[122.64,10.445],[122.645,10.473],[122.667,10.474],[122.666,10.488],[122.683,10.502],[122.684,10.532],[122.727,10.616],[122.716,10.658],[122.722,10.693],[122.714,10.716],[122.658,10.754]]],[[[123.54,10.851],[123.539,10.852],[123.538,10.851],[123.54,10.851]]],[[[123.509,10.91],[123.506,10.909],[123.509,10.909],[123.509,10.91]]],[[[123.504,10.938],[123.503,10.928],[123.514,10.932],[123.504,10.938]]],[[[123.4,10.945],[123.398,10.945],[123.398,10.943],[123.4,10.945]]],[[[123.4,10.95],[123.398,10.945],[123.399,10.945],[123.4,10.945],[123.4,10.95]]],[[[123.454,10.952],[123.452,10.95],[123.455,10.95],[123.455,10.948],[123.458,10.949],[123.457,10.95],[123.458,10.95],[123.457,10.952],[123.454,10.952]]],[[[123.57,10.953],[123.569,10.95],[123.571,10.95],[123.572,10.952],[123.57,10.953]]],[[[123.564,10.954],[123.563,10.953],[123.564,10.953],[123.564,10.952],[123.565,10.953],[123.565,10.95],[123.568,10.95],[123.568,10.954],[123.564,10.954]]],[[[123.396,10.956],[123.395,10.954],[123.397,10.949],[123.401,10.954],[123.396,10.956]]],[[[123.543,10.968],[123.541,10.967],[123.543,10.965],[123.543,10.968]]],[[[123.545,10.971],[123.553,10.951],[123.573,10.954],[123.563,10.971],[123.556,10.956],[123.545,10.971]]],[[[123.541,10.979],[123.542,10.975],[123.545,10.975],[123.545,10.978],[123.541,10.979]]],[[[123.465,10.978],[123.464,10.979],[123.464,10.977],[123.465,10.978]]],[[[123.336,10.382],[123.367,10.452],[123.424,10.477],[123.432,10.5],[123.444,10.499],[123.464,10.522],[123.457,10.536],[123.472,10.544],[123.469,10.564],[123.493,10.613],[123.509,10.708],[123.524,10.716],[123.517,10.725],[123.531,10.74],[123.531,10.76],[123.546,10.753],[123.545,10.767],[123.56,10.774],[123.568,10.794],[123.56,10.814],[123.549,10.813],[123.567,10.828],[123.566,10.843],[123.532,10.837],[123.536,10.85],[123.523,10.86],[123.528,10.881],[123.516,10.889],[123.52,10.9],[123.502,10.91],[123.515,10.918],[123.496,10.924],[123.493,10.935],[123.465,10.916],[123.466,10.927],[123.429,10.951],[123.409,10.953],[123.396,10.942],[123.394,10.956],[123.373,10.961],[123.348,10.95],[123.324,10.951],[123.326,10.96],[123.32,10.948],[123.312,10.961],[123.296,10.961],[123.267,10.986],[123.239,10.99],[123.247,10.998],[123.201,11.004],[123.157,10.973],[123.15,10.979],[123.129,10.97],[123.072,10.913],[123.06,10.91],[123.038,10.924],[122.952,10.894],[122.957,10.868],[122.949,10.852],[122.942,10.86],[122.949,10.806],[122.963,10.805],[122.968,10.794],[122.963,10.731],[122.946,10.726],[122.95,10.708],[122.939,10.702],[122.951,10.7],[122.95,10.681],[122.936,10.692],[122.943,10.681],[122.934,10.678],[122.942,10.675],[122.928,10.656],[122.918,10.612],[122.897,10.6],[122.9,10.592],[122.882,10.581],[122.88,10.564],[122.855,10.548],[122.824,10.551],[122.793,10.517],[122.816,10.496],[122.825,10.44],[122.857,10.407],[122.867,10.379],[122.866,10.353],[122.842,10.298],[122.849,10.277],[122.838,10.229],[122.868,10.095],[122.823,10.061],[122.803,10.061],[122.784,10.075],[122.7,9.995],[122.661,9.977],[122.508,9.987],[122.451,9.976],[122.45,9.959],[122.44,9.958],[122.447,9.947],[122.436,9.904],[122.418,9.893],[122.4,9.855],[122.376,9.837],[122.387,9.835],[122.385,9.822],[122.398,9.82],[122.404,9.804],[122.389,9.791],[122.404,9.757],[122.381,9.706],[122.397,9.692],[122.412,9.706],[122.42,9.702],[122.42,9.692],[122.398,9.677],[122.408,9.659],[122.434,9.672],[122.441,9.658],[122.445,9.666],[122.457,9.662],[122.456,9.636],[122.444,9.631],[122.443,9.62],[122.466,9.625],[122.46,9.609],[122.481,9.565],[122.518,9.544],[122.538,9.493],[122.579,9.447],[122.589,9.444],[122.592,9.463],[122.723,9.597],[122.983,9.913],[123.016,10.012],[123.111,10.165],[123.189,10.261],[123.191,10.303],[123.168,10.306],[123.163,10.314],[123.181,10.323],[123.184,10.356],[123.132,10.412],[123.144,10.435],[123.237,10.438],[123.245,10.415],[123.336,10.382]]],[[[123.197,11.045],[123.196,11.044],[123.198,11.044],[123.2,11.041],[123.204,11.04],[123.206,11.042],[123.202,11.042],[123.197,11.045]]],[[[123.013,11.079],[123.012,11.078],[123.013,11.076],[123.011,11.074],[123.013,11.069],[123.015,11.072],[123.015,11.077],[123.013,11.079]]],[[[123.023,11.081],[123.019,11.08],[123.019,11.077],[123.023,11.073],[123.023,11.081]]],[[[123.154,11.097],[123.153,11.096],[123.155,11.094],[123.157,11.095],[123.154,11.097]]],[[[123.048,11.135],[123.046,11.133],[123.049,11.132],[123.05,11.133],[123.048,11.135]]],[[[123.049,11.142],[123.05,11.146],[123.048,11.148],[123.048,11.145],[123.049,11.142]]],[[[123.145,11.154],[123.114,11.146],[123.108,11.136],[123.121,11.098],[123.14,11.137],[123.152,11.142],[123.145,11.154]]],[[[123.17,11.18],[123.169,11.181],[123.168,11.181],[123.17,11.18]]],[[[123.178,11.188],[123.176,11.186],[123.173,11.187],[123.173,11.185],[123.177,11.183],[123.18,11.187],[123.178,11.188]]],[[[123.159,11.187],[123.16,11.189],[123.156,11.183],[123.156,11.178],[123.16,11.183],[123.159,11.187]]],[[[123.338,11.203],[123.338,11.201],[123.339,11.198],[123.341,11.198],[123.342,11.201],[123.338,11.203]]],[[[123.167,11.223],[123.157,11.211],[123.162,11.195],[123.172,11.193],[123.19,11.219],[123.167,11.223]]],[[[123.197,11.228],[123.196,11.229],[123.193,11.227],[123.196,11.224],[123.197,11.228]]],[[[123.16,11.234],[123.155,11.233],[123.155,11.229],[123.16,11.228],[123.162,11.229],[123.162,11.233],[123.16,11.234]]],[[[123.216,11.25],[123.198,11.235],[123.214,11.236],[123.216,11.25]]],[[[123.177,11.265],[123.172,11.26],[123.176,11.256],[123.178,11.258],[123.18,11.263],[123.177,11.265]]],[[[123.104,11.267],[123.104,11.268],[123.103,11.268],[123.104,11.267]]],[[[123.152,11.31],[123.148,11.308],[123.149,11.306],[123.151,11.306],[123.152,11.31]]],[[[123.161,11.313],[123.153,11.303],[123.15,11.247],[123.159,11.259],[123.167,11.254],[123.168,11.272],[123.194,11.292],[123.161,11.313]]],[[[123.176,11.32],[123.174,11.319],[123.173,11.315],[123.178,11.316],[123.181,11.32],[123.176,11.32]]],[[[123.162,11.388],[123.162,11.389],[123.16,11.388],[123.157,11.388],[123.16,11.387],[123.162,11.384],[123.164,11.384],[123.165,11.386],[123.164,11.388],[123.162,11.388]]],[[[123.142,11.413],[123.143,11.409],[123.145,11.412],[123.142,11.413]]],[[[122.024,11.417],[122.016,11.415],[122.016,11.41],[122.02,11.411],[122.022,11.414],[122.028,11.415],[122.027,11.417],[122.024,11.417]]],[[[123.175,11.438],[123.173,11.438],[123.174,11.435],[123.177,11.437],[123.175,11.438]]],[[[123.159,11.438],[123.158,11.437],[123.159,11.437],[123.159,11.438]]],[[[123.187,11.439],[123.182,11.438],[123.181,11.433],[123.178,11.433],[123.18,11.431],[123.176,11.43],[123.179,11.428],[123.179,11.425],[123.18,11.425],[123.179,11.426],[123.18,11.429],[123.188,11.436],[123.187,11.439]]],[[[123.284,11.458],[123.278,11.456],[123.28,11.455],[123.284,11.455],[123.286,11.456],[123.284,11.458]]],[[[123.251,11.466],[123.243,11.449],[123.251,11.423],[123.261,11.423],[123.277,11.447],[123.251,11.466]]],[[[123.171,11.466],[123.165,11.462],[123.174,11.457],[123.171,11.466]]],[[[123.189,11.475],[123.186,11.475],[123.185,11.471],[123.19,11.47],[123.191,11.471],[123.191,11.469],[123.191,11.474],[123.189,11.475]]],[[[121.926,11.479],[121.89,11.471],[121.915,11.463],[121.931,11.474],[121.926,11.479]]],[[[123.257,11.488],[123.25,11.485],[123.257,11.485],[123.259,11.487],[123.257,11.488]]],[[[123.186,11.494],[123.181,11.493],[123.184,11.49],[123.186,11.492],[123.186,11.494]]],[[[123.191,11.494],[123.181,11.483],[123.185,11.476],[123.196,11.488],[123.191,11.494]]],[[[123.177,11.498],[123.177,11.495],[123.173,11.493],[123.173,11.491],[123.18,11.496],[123.177,11.498]]],[[[123.229,11.516],[123.226,11.496],[123.218,11.51],[123.199,11.503],[123.204,11.491],[123.191,11.478],[123.206,11.461],[123.235,11.465],[123.239,11.507],[123.229,11.516]]],[[[123.124,11.519],[123.123,11.518],[123.124,11.514],[123.123,11.512],[123.13,11.505],[123.133,11.5],[123.137,11.499],[123.138,11.501],[123.138,11.503],[123.132,11.505],[123.128,11.51],[123.127,11.512],[123.129,11.518],[123.124,11.519]]],[[[123.188,11.538],[123.18,11.525],[123.167,11.524],[123.155,11.492],[123.172,11.498],[123.176,11.511],[123.191,11.512],[123.196,11.525],[123.188,11.538]]],[[[123.197,11.54],[123.192,11.529],[123.201,11.534],[123.197,11.54]]],[[[123.346,11.555],[123.347,11.561],[123.345,11.557],[123.346,11.555]]],[[[123.237,11.561],[123.236,11.559],[123.234,11.559],[123.233,11.556],[123.23,11.555],[123.226,11.545],[123.228,11.546],[123.234,11.555],[123.236,11.555],[123.235,11.557],[123.238,11.559],[123.239,11.56],[123.237,11.561]]],[[[123.349,11.57],[123.348,11.571],[123.347,11.569],[123.347,11.565],[123.349,11.567],[123.349,11.57]]],[[[123.361,11.573],[123.361,11.574],[123.357,11.571],[123.358,11.57],[123.361,11.573]]],[[[123.281,11.576],[123.282,11.582],[123.28,11.588],[123.278,11.589],[123.277,11.586],[123.279,11.578],[123.281,11.576]]],[[[123.21,11.593],[123.205,11.581],[123.218,11.585],[123.21,11.593]]],[[[123.357,11.6],[123.346,11.593],[123.329,11.598],[123.321,11.588],[123.327,11.573],[123.345,11.589],[123.356,11.585],[123.357,11.6]]],[[[123.179,11.604],[123.178,11.604],[123.178,11.603],[123.179,11.604]]],[[[121.686,11.609],[121.685,11.609],[121.686,11.607],[121.692,11.599],[121.693,11.597],[121.691,11.595],[121.699,11.593],[121.698,11.6],[121.696,11.604],[121.691,11.608],[121.686,11.609]]],[[[122.438,11.616],[122.431,11.603],[122.444,11.612],[122.438,11.616]]],[[[122.431,11.625],[122.422,11.622],[122.425,11.612],[122.437,11.617],[122.431,11.625]]],[[[122.744,11.625],[122.745,11.627],[122.743,11.626],[122.744,11.625]]],[[[122.417,11.63],[122.414,11.63],[122.412,11.626],[122.417,11.619],[122.422,11.62],[122.422,11.622],[122.418,11.625],[122.418,11.63],[122.417,11.63]]],[[[122.421,11.635],[122.421,11.625],[122.429,11.628],[122.421,11.635]]],[[[123.358,11.639],[123.341,11.631],[123.348,11.606],[123.358,11.639]]],[[[122.836,11.645],[122.834,11.631],[122.846,11.642],[122.836,11.645]]],[[[122.405,11.645],[122.398,11.636],[122.404,11.633],[122.413,11.638],[122.405,11.645]]],[[[122.427,11.651],[122.418,11.642],[122.459,11.608],[122.427,11.651]]],[[[122.415,11.655],[122.411,11.653],[122.413,11.648],[122.416,11.651],[122.418,11.651],[122.415,11.655]]],[[[121.323,11.856],[121.321,11.855],[121.326,11.852],[121.323,11.856]]],[[[121.316,11.861],[121.317,11.859],[121.321,11.858],[121.316,11.861]]],[[[121.287,11.865],[121.283,11.863],[121.289,11.862],[121.295,11.856],[121.296,11.858],[121.294,11.861],[121.287,11.865]]],[[[121.453,11.869],[121.427,11.868],[121.415,11.835],[121.438,11.843],[121.478,11.825],[121.515,11.826],[121.53,11.844],[121.513,11.861],[121.453,11.869]]],[[[121.955,11.939],[121.947,11.917],[121.912,11.901],[121.885,11.899],[121.877,11.866],[121.889,11.847],[121.881,11.817],[121.844,11.763],[121.872,11.755],[121.918,11.768],[121.987,11.752],[122.013,11.736],[122.067,11.739],[122.099,11.707],[122.102,11.649],[122.078,11.539],[122.084,11.497],[122.073,11.477],[122.052,11.469],[122.06,11.449],[122.05,11.41],[122.063,11.375],[122.058,11.344],[122.027,11.299],[122.052,11.261],[122.053,11.226],[122.033,11.19],[122.041,11.072],[122.054,11.032],[122.04,11.018],[122.038,10.998],[121.984,10.932],[121.949,10.809],[121.923,10.764],[121.934,10.74],[121.966,10.716],[121.978,10.675],[121.958,10.55],[121.938,10.52],[121.915,10.504],[121.922,10.486],[121.913,10.447],[121.926,10.429],[121.962,10.414],[121.961,10.406],[122.051,10.487],[122.065,10.519],[122.078,10.525],[122.079,10.549],[122.096,10.575],[122.143,10.585],[122.207,10.639],[122.247,10.635],[122.273,10.658],[122.322,10.656],[122.336,10.67],[122.391,10.67],[122.455,10.688],[122.506,10.679],[122.561,10.691],[122.58,10.687],[122.601,10.721],[122.599,10.737],[122.586,10.744],[122.611,10.775],[122.632,10.783],[122.642,10.771],[122.654,10.785],[122.664,10.778],[122.669,10.797],[122.694,10.791],[122.708,10.774],[122.734,10.786],[122.763,10.823],[122.763,10.845],[122.785,10.861],[122.78,10.891],[122.789,10.9],[122.774,10.938],[122.76,10.946],[122.776,10.964],[122.782,10.988],[122.831,11.003],[122.851,10.991],[122.851,11.019],[122.869,11.031],[122.905,11.021],[122.924,11.067],[122.944,11.058],[122.938,11.031],[122.952,11.034],[122.963,11.049],[122.949,11.064],[122.973,11.071],[122.976,11.059],[122.985,11.068],[122.981,11.076],[123.009,11.093],[123.017,11.142],[123.036,11.172],[123.073,11.165],[123.076,11.151],[123.089,11.146],[123.096,11.16],[123.08,11.165],[123.079,11.178],[123.104,11.156],[123.127,11.171],[123.117,11.212],[123.093,11.225],[123.095,11.276],[123.109,11.297],[123.099,11.329],[123.105,11.341],[123.133,11.343],[123.125,11.365],[123.14,11.364],[123.151,11.382],[123.147,11.401],[123.128,11.416],[123.165,11.469],[123.154,11.487],[123.137,11.48],[123.141,11.492],[123.125,11.492],[123.121,11.497],[123.13,11.502],[123.117,11.513],[123.124,11.525],[123.137,11.507],[123.15,11.548],[123.162,11.556],[123.146,11.587],[123.149,11.598],[123.106,11.548],[123.009,11.492],[122.938,11.472],[122.917,11.483],[122.919,11.453],[122.901,11.431],[122.88,11.442],[122.901,11.459],[122.88,11.463],[122.895,11.465],[122.89,11.486],[122.931,11.516],[122.88,11.545],[122.864,11.541],[122.865,11.556],[122.826,11.597],[122.833,11.606],[122.826,11.611],[122.797,11.604],[122.715,11.614],[122.705,11.608],[122.718,11.602],[122.707,11.602],[122.716,11.594],[122.713,11.576],[122.68,11.57],[122.686,11.545],[122.663,11.547],[122.65,11.557],[122.649,11.574],[122.642,11.572],[122.633,11.548],[122.645,11.549],[122.649,11.54],[122.635,11.522],[122.591,11.519],[122.58,11.509],[122.59,11.533],[122.574,11.564],[122.508,11.592],[122.494,11.594],[122.495,11.573],[122.482,11.555],[122.452,11.552],[122.443,11.58],[122.46,11.58],[122.477,11.562],[122.487,11.572],[122.469,11.586],[122.467,11.6],[122.45,11.609],[122.442,11.594],[122.438,11.601],[122.42,11.592],[122.43,11.611],[122.411,11.618],[122.413,11.636],[122.397,11.635],[122.399,11.645],[122.409,11.646],[122.402,11.653],[122.428,11.654],[122.444,11.627],[122.474,11.61],[122.482,11.595],[122.488,11.593],[122.493,11.609],[122.421,11.665],[122.391,11.707],[122.385,11.729],[122.397,11.717],[122.385,11.735],[122.331,11.735],[122.308,11.745],[122.267,11.775],[122.257,11.794],[122.245,11.786],[122.227,11.794],[122.222,11.814],[122.2,11.806],[122.164,11.826],[122.087,11.834],[122.037,11.866],[121.999,11.913],[121.984,11.914],[121.955,11.939]]],[[[121.554,11.96],[121.538,11.949],[121.547,11.935],[121.54,11.902],[121.554,11.891],[121.583,11.906],[121.575,11.939],[121.554,11.96]]],[[[121.56,11.99],[121.557,11.969],[121.567,11.978],[121.56,11.99]]],[[[121.922,11.999],[121.906,11.991],[121.907,11.982],[121.933,11.94],[121.941,11.94],[121.948,11.955],[121.935,11.955],[121.922,11.999]]],[[[121.359,12.078],[121.356,12.076],[121.357,12.075],[121.357,12.073],[121.361,12.072],[121.362,12.074],[121.36,12.075],[121.361,12.075],[121.361,12.076],[121.359,12.078]]],[[[121.361,12.084],[121.359,12.081],[121.36,12.079],[121.362,12.082],[121.361,12.084]]],[[[121.578,12.11],[121.569,12.095],[121.584,12.099],[121.578,12.11]]],[[[121.381,12.126],[121.361,12.115],[121.353,12.12],[121.349,12.099],[121.356,12.1],[121.343,12.088],[121.362,12.086],[121.364,12.068],[121.372,12.078],[121.382,12.071],[121.371,12.057],[121.354,12.055],[121.364,12.054],[121.363,12.032],[121.389,11.983],[121.427,12.029],[121.411,12.04],[121.392,12.076],[121.397,12.085],[121.405,12.08],[121.398,12.086],[121.414,12.099],[121.381,12.126]]],[[[121.397,12.154],[121.397,12.157],[121.396,12.155],[121.397,12.154]]],[[[121.435,12.209],[121.422,12.205],[121.427,12.195],[121.435,12.209]]]]}},{"type":"Feature","properties":{"slug":"R7","name":"Region VII (Central Visayas)","lng":123.03346,"lat":9.60695},"geometry":{"type":"MultiPolygon","coordinates":[[[[123.27,9.085],[123.268,9.083],[123.268,9.071],[123.275,9.077],[123.273,9.084],[123.27,9.085]]],[[[123.614,9.301],[123.6,9.299],[123.592,9.251],[123.575,9.246],[123.561,9.227],[123.524,9.226],[123.497,9.213],[123.47,9.224],[123.452,9.193],[123.559,9.101],[123.588,9.095],[123.623,9.102],[123.64,9.126],[123.658,9.115],[123.681,9.121],[123.702,9.145],[123.699,9.159],[123.674,9.16],[123.657,9.186],[123.661,9.203],[123.686,9.213],[123.687,9.221],[123.662,9.236],[123.643,9.284],[123.614,9.301]]],[[[123.387,9.434],[123.389,9.429],[123.391,9.429],[123.391,9.435],[123.387,9.434]]],[[[123.923,9.5],[123.921,9.486],[123.93,9.492],[123.923,9.5]]],[[[123.685,9.52],[123.683,9.519],[123.681,9.517],[123.682,9.515],[123.685,9.514],[123.688,9.517],[123.685,9.52]]],[[[123.72,9.56],[123.72,9.559],[123.722,9.559],[123.723,9.556],[123.722,9.559],[123.72,9.56]]],[[[123.732,9.585],[123.731,9.584],[123.732,9.584],[123.732,9.585]]],[[[124.003,9.597],[124.001,9.596],[124.003,9.595],[124.003,9.597]]],[[[123.146,9.621],[123.142,9.617],[123.144,9.615],[123.147,9.615],[123.148,9.617],[123.148,9.619],[123.146,9.621]]],[[[123.836,9.644],[123.772,9.617],[123.746,9.59],[123.718,9.588],[123.749,9.573],[123.743,9.554],[123.752,9.546],[123.8,9.552],[123.87,9.605],[123.871,9.626],[123.836,9.644]]],[[[124.561,9.831],[124.559,9.829],[124.562,9.829],[124.561,9.831]]],[[[124.552,9.834],[124.551,9.833],[124.552,9.832],[124.552,9.834]]],[[[124.563,9.835],[124.561,9.834],[124.565,9.833],[124.563,9.835]]],[[[124.555,9.84],[124.552,9.84],[124.552,9.835],[124.554,9.833],[124.557,9.836],[124.555,9.84]]],[[[123.79,9.864],[123.785,9.852],[123.796,9.84],[123.816,9.85],[123.79,9.864]]],[[[124.568,9.866],[124.561,9.864],[124.563,9.851],[124.568,9.866]]],[[[123.782,9.892],[123.759,9.89],[123.765,9.861],[123.792,9.886],[123.782,9.892]]],[[[123.38,9.893],[123.372,9.878],[123.382,9.875],[123.38,9.893]]],[[[123.824,9.911],[123.808,9.907],[123.836,9.886],[123.863,9.907],[123.839,9.901],[123.824,9.911]]],[[[123.38,9.912],[123.379,9.914],[123.379,9.913],[123.38,9.912]]],[[[124.556,9.927],[124.557,9.928],[124.555,9.928],[124.556,9.927]]],[[[123.868,9.929],[123.865,9.928],[123.866,9.917],[123.873,9.922],[123.872,9.924],[123.87,9.926],[123.871,9.929],[123.868,9.929]]],[[[123.91,9.948],[123.908,9.947],[123.907,9.946],[123.912,9.944],[123.913,9.947],[123.91,9.948]]],[[[123.874,9.946],[123.871,9.949],[123.871,9.947],[123.874,9.946]]],[[[123.851,9.952],[123.851,9.948],[123.853,9.945],[123.851,9.947],[123.851,9.945],[123.857,9.939],[123.856,9.941],[123.858,9.94],[123.86,9.942],[123.86,9.945],[123.858,9.943],[123.857,9.947],[123.855,9.947],[123.855,9.949],[123.854,9.948],[123.852,9.948],[123.851,9.952]]],[[[123.918,9.956],[123.919,9.952],[123.922,9.953],[123.918,9.956]]],[[[123.902,9.959],[123.895,9.958],[123.901,9.957],[123.902,9.959]]],[[[124.576,9.957],[124.573,9.964],[124.569,9.963],[124.57,9.954],[124.572,9.954],[124.573,9.956],[124.575,9.954],[124.576,9.957]]],[[[123.396,9.978],[123.394,9.978],[123.394,9.976],[123.396,9.977],[123.396,9.978]]],[[[123.4,9.978],[123.398,9.977],[123.402,9.977],[123.4,9.978]]],[[[124.554,9.977],[124.553,9.979],[124.552,9.977],[124.554,9.977]]],[[[123.989,9.981],[123.986,9.979],[123.985,9.976],[123.986,9.976],[123.984,9.975],[123.986,9.975],[123.99,9.972],[123.994,9.974],[123.989,9.98],[123.988,9.98],[123.989,9.981]]],[[[123.39,9.983],[123.389,9.982],[123.392,9.982],[123.39,9.983]]],[[[123.389,9.984],[123.388,9.982],[123.39,9.983],[123.389,9.984]]],[[[123.997,9.982],[123.997,9.986],[123.993,9.987],[123.992,9.982],[123.997,9.982]]],[[[124.003,9.992],[124.001,9.991],[124.004,9.99],[124.006,9.991],[124.003,9.992]]],[[[124.008,9.994],[124.007,9.997],[124.005,9.994],[124.008,9.994]]],[[[123.94,9.998],[123.939,9.998],[123.942,9.998],[123.94,9.998]]],[[[124.015,10.003],[124.016,10.005],[124.013,10.003],[124.015,10.003]]],[[[123.978,10.041],[123.977,10.041],[123.979,10.033],[123.976,10.04],[123.976,10.036],[123.981,10.026],[123.981,10.024],[123.985,10.016],[123.987,10.016],[123.986,10.014],[123.987,10.016],[123.988,10.014],[123.992,10.011],[123.988,10.017],[123.986,10.018],[123.985,10.021],[123.985,10.018],[123.983,10.021],[123.985,10.023],[123.983,10.023],[123.984,10.026],[123.978,10.041]]],[[[124.018,10.044],[124.016,10.043],[124.019,10.042],[124.019,10.043],[124.018,10.044]]],[[[123.899,10.056],[123.898,10.055],[123.901,10.054],[123.899,10.056]]],[[[124.53,10.065],[124.529,10.065],[124.529,10.064],[124.53,10.065]]],[[[124.022,10.072],[124.021,10.071],[124.026,10.069],[124.022,10.072]]],[[[123.927,10.072],[123.926,10.071],[123.928,10.071],[123.93,10.072],[123.927,10.072]]],[[[124.526,10.074],[124.525,10.072],[124.527,10.071],[124.526,10.074]]],[[[124.057,10.079],[124.06,10.084],[124.058,10.085],[124.056,10.083],[124.055,10.08],[124.057,10.079]]],[[[124.51,10.094],[124.504,10.089],[124.513,10.083],[124.51,10.094]]],[[[123.989,10.114],[123.984,10.113],[123.98,10.111],[123.984,10.113],[123.99,10.112],[123.989,10.114]]],[[[124.644,10.125],[124.641,10.124],[124.642,10.121],[124.645,10.121],[124.645,10.124],[124.644,10.125]]],[[[124.54,10.134],[124.538,10.128],[124.541,10.124],[124.543,10.124],[124.543,10.122],[124.546,10.13],[124.54,10.134]]],[[[124.549,10.137],[124.547,10.139],[124.547,10.137],[124.549,10.137]]],[[[124.582,10.146],[124.577,10.146],[124.578,10.141],[124.582,10.143],[124.583,10.145],[124.582,10.146]]],[[[124.584,10.148],[124.583,10.15],[124.583,10.148],[124.584,10.148]]],[[[124.615,10.153],[124.593,10.146],[124.591,10.136],[124.58,10.139],[124.582,10.13],[124.571,10.126],[124.576,10.111],[124.555,10.132],[124.552,10.114],[124.525,10.118],[124.535,10.055],[124.552,10.055],[124.548,10.067],[124.561,10.069],[124.55,10.08],[124.561,10.092],[124.581,10.096],[124.594,10.081],[124.604,10.087],[124.602,10.114],[124.586,10.11],[124.615,10.153]]],[[[124.505,10.158],[124.506,10.16],[124.504,10.16],[124.505,10.158]]],[[[124.443,10.163],[124.441,10.161],[124.442,10.159],[124.444,10.161],[124.443,10.163]]],[[[124.041,10.162],[124.038,10.164],[124.042,10.154],[124.045,10.154],[124.048,10.155],[124.047,10.157],[124.041,10.162]]],[[[124.389,10.163],[124.388,10.164],[124.387,10.163],[124.389,10.163]]],[[[124.5,10.164],[124.499,10.164],[124.5,10.163],[124.5,10.164]]],[[[124.29,10.174],[124.282,10.173],[124.289,10.163],[124.279,10.155],[124.247,10.164],[124.208,10.162],[124.198,10.149],[124.194,10.155],[124.178,10.146],[124.152,10.153],[124.133,10.126],[124.137,10.112],[124.117,10.086],[124.113,10.091],[124.097,10.077],[124.099,10.064],[124.083,10.062],[124.08,10.076],[124.063,10.069],[124.046,9.988],[124.028,9.967],[123.957,9.957],[123.952,9.942],[123.911,9.932],[123.891,9.91],[123.892,9.926],[123.882,9.929],[123.884,9.921],[123.867,9.911],[123.875,9.898],[123.87,9.89],[123.853,9.891],[123.842,9.876],[123.84,9.883],[123.838,9.861],[123.827,9.862],[123.81,9.84],[123.802,9.842],[123.807,9.832],[123.784,9.793],[123.787,9.74],[123.797,9.733],[123.835,9.743],[123.857,9.725],[123.849,9.719],[123.866,9.716],[123.844,9.667],[123.854,9.637],[123.966,9.602],[124,9.605],[124.003,9.597],[124.009,9.603],[124.056,9.589],[124.103,9.59],[124.185,9.61],[124.259,9.598],[124.314,9.622],[124.359,9.63],[124.365,9.649],[124.4,9.653],[124.408,9.71],[124.447,9.721],[124.484,9.761],[124.497,9.762],[124.505,9.734],[124.52,9.722],[124.571,9.732],[124.593,9.756],[124.597,9.805],[124.56,9.816],[124.546,9.838],[124.523,9.837],[124.519,9.841],[124.528,9.843],[124.514,9.849],[124.532,9.866],[124.56,9.873],[124.576,9.913],[124.537,9.922],[124.555,9.929],[124.544,9.948],[124.552,9.953],[124.544,9.977],[124.555,9.988],[124.559,9.972],[124.57,9.977],[124.547,10.041],[124.528,10.044],[124.505,10.076],[124.495,10.057],[124.462,10.063],[124.416,10.102],[124.39,10.102],[124.392,10.13],[124.371,10.154],[124.356,10.128],[124.341,10.126],[124.332,10.157],[124.29,10.174]]],[[[124.115,10.168],[124.114,10.176],[124.106,10.169],[124.115,10.168]]],[[[124.187,10.176],[124.159,10.163],[124.178,10.154],[124.192,10.17],[124.187,10.176]]],[[[124.461,10.174],[124.463,10.177],[124.461,10.18],[124.457,10.174],[124.461,10.174]]],[[[124.134,10.181],[124.133,10.18],[124.138,10.179],[124.134,10.181]]],[[[124.089,10.181],[124.082,10.18],[124.078,10.177],[124.083,10.178],[124.083,10.179],[124.088,10.18],[124.089,10.181]]],[[[124.381,10.185],[124.35,10.175],[124.352,10.166],[124.379,10.167],[124.393,10.177],[124.381,10.185]]],[[[124.301,10.187],[124.295,10.18],[124.304,10.18],[124.301,10.187]]],[[[124.142,10.187],[124.14,10.186],[124.14,10.184],[124.144,10.186],[124.142,10.187]]],[[[124.129,10.188],[124.119,10.18],[124.136,10.182],[124.129,10.188]]],[[[124.001,10.191],[123.999,10.191],[124.001,10.19],[124.001,10.191]]],[[[124.282,10.195],[124.27,10.193],[124.284,10.188],[124.282,10.195]]],[[[124.566,10.193],[124.568,10.198],[124.561,10.192],[124.56,10.189],[124.561,10.185],[124.566,10.193]]],[[[124.018,10.204],[124.018,10.202],[124.021,10.202],[124.018,10.204]]],[[[124.414,10.205],[124.412,10.204],[124.412,10.202],[124.419,10.203],[124.414,10.205]]],[[[124.259,10.207],[124.229,10.193],[124.204,10.197],[124.198,10.187],[124.204,10.182],[124.225,10.191],[124.226,10.184],[124.206,10.178],[124.237,10.178],[124.238,10.189],[124.264,10.203],[124.259,10.207]]],[[[123.989,10.21],[123.986,10.205],[123.989,10.206],[123.991,10.203],[123.992,10.206],[123.989,10.208],[123.989,10.21]]],[[[124.169,10.211],[124.154,10.205],[124.15,10.191],[124.185,10.197],[124.169,10.211]]],[[[124.197,10.213],[124.196,10.213],[124.197,10.21],[124.198,10.212],[124.197,10.213]]],[[[124.354,10.215],[124.35,10.214],[124.349,10.211],[124.353,10.209],[124.355,10.21],[124.356,10.214],[124.354,10.215]]],[[[124.043,10.221],[124.041,10.221],[124.043,10.22],[124.043,10.221]]],[[[124.043,10.224],[124.041,10.223],[124.044,10.22],[124.045,10.223],[124.043,10.224]]],[[[124.331,10.225],[124.325,10.225],[124.321,10.223],[124.319,10.222],[124.321,10.221],[124.321,10.22],[124.317,10.219],[124.319,10.217],[124.318,10.215],[124.321,10.215],[124.325,10.217],[124.327,10.221],[124.332,10.223],[124.331,10.225]]],[[[124.039,10.225],[124.032,10.214],[124.043,10.217],[124.039,10.225]]],[[[124.044,10.228],[124.043,10.225],[124.046,10.225],[124.046,10.227],[124.044,10.228]]],[[[124.283,10.23],[124.28,10.228],[124.282,10.224],[124.285,10.227],[124.283,10.23]]],[[[124.04,10.233],[124.036,10.231],[124.039,10.229],[124.041,10.232],[124.04,10.233]]],[[[124.03,10.237],[124.029,10.235],[124.034,10.234],[124.034,10.236],[124.03,10.237]]],[[[124.025,10.238],[124.025,10.235],[124.028,10.235],[124.028,10.237],[124.025,10.238]]],[[[124.381,10.241],[124.379,10.24],[124.381,10.236],[124.379,10.232],[124.381,10.231],[124.379,10.227],[124.383,10.226],[124.385,10.229],[124.385,10.234],[124.383,10.235],[124.386,10.237],[124.383,10.239],[124.385,10.24],[124.381,10.241]]],[[[124.487,10.243],[124.482,10.242],[124.482,10.24],[124.489,10.238],[124.491,10.239],[124.49,10.241],[124.487,10.243]]],[[[124.05,10.24],[124.048,10.244],[124.042,10.234],[124.047,10.233],[124.046,10.23],[124.049,10.23],[124.053,10.234],[124.05,10.236],[124.05,10.24]]],[[[124.316,10.234],[124.318,10.239],[124.326,10.245],[124.321,10.243],[124.318,10.24],[124.315,10.235],[124.316,10.234]]],[[[124.403,10.247],[124.403,10.246],[124.406,10.245],[124.403,10.247]]],[[[124.299,10.247],[124.294,10.244],[124.292,10.244],[124.29,10.24],[124.299,10.246],[124.299,10.247]]],[[[124.331,10.247],[124.333,10.248],[124.33,10.248],[124.331,10.247]]],[[[124.336,10.248],[124.34,10.25],[124.337,10.25],[124.335,10.249],[124.336,10.248]]],[[[124.291,10.251],[124.29,10.25],[124.291,10.251],[124.294,10.246],[124.297,10.246],[124.297,10.249],[124.291,10.251]]],[[[124.446,10.253],[124.445,10.252],[124.453,10.247],[124.471,10.242],[124.457,10.246],[124.446,10.253]]],[[[123.914,10.257],[123.916,10.251],[123.914,10.247],[123.916,10.246],[123.918,10.248],[123.916,10.253],[123.916,10.256],[123.914,10.257]]],[[[123.904,10.272],[123.904,10.275],[123.903,10.272],[123.904,10.272]]],[[[123.916,10.277],[123.917,10.279],[123.916,10.28],[123.915,10.278],[123.916,10.277]]],[[[124.171,10.278],[124.169,10.28],[124.167,10.28],[124.169,10.277],[124.171,10.277],[124.171,10.278]]],[[[123.906,10.276],[123.907,10.28],[123.906,10.281],[123.904,10.278],[123.906,10.276]]],[[[124.177,10.285],[124.179,10.287],[124.174,10.287],[124.172,10.285],[124.177,10.285]]],[[[124.07,10.289],[124.047,10.277],[124.055,10.269],[124.041,10.275],[124.048,10.267],[124.03,10.259],[124.02,10.242],[124.032,10.253],[124.028,10.242],[124.044,10.241],[124.041,10.255],[124.049,10.256],[124.055,10.237],[124.07,10.289]]],[[[124.044,10.334],[124.017,10.313],[123.996,10.319],[123.988,10.334],[123.943,10.311],[123.934,10.293],[123.923,10.295],[123.935,10.292],[123.923,10.272],[123.939,10.265],[123.932,10.25],[123.956,10.242],[123.953,10.249],[123.968,10.26],[123.972,10.254],[123.984,10.259],[123.989,10.278],[124.007,10.287],[124.044,10.334]]],[[[122.589,9.444],[122.674,9.38],[122.783,9.366],[122.813,9.357],[122.843,9.332],[122.87,9.326],[122.879,9.223],[122.909,9.137],[122.942,9.075],[123.016,9.038],[123.033,9.05],[123.059,9.051],[123.074,9.067],[123.112,9.054],[123.131,9.063],[123.118,9.054],[123.127,9.046],[123.15,9.075],[123.149,9.068],[123.162,9.074],[123.184,9.095],[123.203,9.094],[123.213,9.121],[123.286,9.213],[123.312,9.299],[123.311,9.334],[123.299,9.354],[123.26,9.381],[123.235,9.426],[123.23,9.464],[123.184,9.479],[123.154,9.548],[123.147,9.545],[123.147,9.555],[123.145,9.544],[123.118,9.547],[123.133,9.585],[123.153,9.578],[123.15,9.562],[123.164,9.578],[123.154,9.586],[123.157,9.596],[123.14,9.594],[123.127,9.61],[123.123,9.599],[123.105,9.631],[123.117,9.643],[123.112,9.651],[123.124,9.657],[123.145,9.652],[123.157,9.632],[123.149,9.666],[123.161,9.708],[123.144,9.77],[123.152,9.78],[123.147,9.797],[123.134,9.802],[123.142,9.803],[123.144,9.819],[123.132,9.839],[123.151,9.854],[123.151,9.904],[123.178,9.924],[123.183,9.955],[123.213,9.997],[123.228,10.004],[123.227,10.016],[123.281,10.129],[123.285,10.186],[123.319,10.238],[123.331,10.278],[123.326,10.343],[123.336,10.382],[123.245,10.415],[123.237,10.438],[123.144,10.435],[123.132,10.412],[123.184,10.356],[123.181,10.323],[123.163,10.314],[123.168,10.306],[123.191,10.303],[123.189,10.261],[123.111,10.165],[123.016,10.012],[122.983,9.913],[122.723,9.597],[122.592,9.463],[122.589,9.444]]],[[[124.036,10.548],[124.035,10.548],[124.037,10.546],[124.036,10.548]]],[[[124.031,10.571],[124.032,10.569],[124.034,10.568],[124.034,10.566],[124.034,10.569],[124.031,10.571]]],[[[124.436,10.718],[124.411,10.703],[124.383,10.646],[124.375,10.69],[124.345,10.708],[124.316,10.709],[124.304,10.644],[124.278,10.612],[124.275,10.591],[124.313,10.587],[124.335,10.609],[124.381,10.623],[124.383,10.646],[124.401,10.628],[124.424,10.626],[124.501,10.644],[124.516,10.66],[124.512,10.677],[124.486,10.698],[124.436,10.718]]],[[[124.316,10.726],[124.315,10.721],[124.321,10.719],[124.326,10.714],[124.327,10.715],[124.323,10.718],[124.32,10.724],[124.316,10.726]]],[[[124.564,10.814],[124.532,10.798],[124.501,10.761],[124.494,10.745],[124.501,10.729],[124.546,10.759],[124.556,10.792],[124.571,10.806],[124.564,10.814]]],[[[123.59,11.034],[123.589,11.032],[123.591,11.032],[123.59,11.034]]],[[[123.603,11.038],[123.601,11.035],[123.603,11.034],[123.606,11.033],[123.608,11.035],[123.603,11.038]]],[[[123.635,11.061],[123.626,11.058],[123.622,11.052],[123.622,11.046],[123.625,11.046],[123.633,11.051],[123.635,11.061]]],[[[123.648,11.093],[123.636,11.085],[123.636,11.066],[123.659,11.092],[123.648,11.093]]],[[[123.671,11.106],[123.667,11.104],[123.665,11.101],[123.662,11.095],[123.663,11.093],[123.673,11.098],[123.673,11.1],[123.672,11.102],[123.673,11.104],[123.671,11.106]]],[[[123.702,11.128],[123.701,11.117],[123.707,11.118],[123.702,11.128]]],[[[123.698,11.135],[123.695,11.134],[123.697,11.133],[123.697,11.13],[123.691,11.131],[123.693,11.127],[123.697,11.126],[123.699,11.128],[123.7,11.134],[123.698,11.135]]],[[[123.72,11.136],[123.716,11.135],[123.715,11.133],[123.72,11.136]]],[[[123.702,11.142],[123.702,11.141],[123.703,11.142],[123.702,11.142]]],[[[123.7,11.145],[123.698,11.144],[123.698,11.141],[123.701,11.142],[123.7,11.145]]],[[[123.706,11.149],[123.704,11.148],[123.704,11.144],[123.707,11.146],[123.706,11.149]]],[[[123.644,11.15],[123.639,11.148],[123.643,11.143],[123.646,11.142],[123.65,11.143],[123.645,11.147],[123.644,11.15]]],[[[123.923,11.195],[123.915,11.19],[123.925,11.172],[123.923,11.195]]],[[[123.82,11.215],[123.812,11.208],[123.811,11.193],[123.82,11.19],[123.829,11.206],[123.82,11.215]]],[[[123.791,11.22],[123.788,11.219],[123.791,11.214],[123.797,11.215],[123.796,11.217],[123.791,11.22]]],[[[124.064,11.286],[124.026,11.28],[124.02,11.27],[123.999,11.271],[123.989,11.226],[123.944,11.187],[123.943,11.156],[123.964,11.124],[123.955,11.112],[123.958,11.091],[123.969,11.081],[123.934,11.107],[123.934,11.065],[123.901,11.034],[123.934,10.994],[123.919,10.963],[123.923,10.952],[123.902,10.932],[123.869,10.837],[123.874,10.831],[123.838,10.773],[123.831,10.733],[123.8,10.722],[123.791,10.692],[123.742,10.634],[123.747,10.614],[123.704,10.544],[123.704,10.514],[123.715,10.497],[123.687,10.482],[123.691,10.464],[123.676,10.456],[123.667,10.413],[123.643,10.403],[123.638,10.379],[123.586,10.339],[123.583,10.264],[123.528,10.194],[123.515,10.148],[123.491,10.127],[123.492,10.117],[123.483,10.119],[123.449,10.081],[123.443,10.061],[123.415,10.052],[123.403,9.972],[123.389,9.962],[123.383,9.997],[123.371,9.994],[123.366,9.947],[123.376,9.933],[123.396,9.933],[123.4,9.881],[123.387,9.865],[123.371,9.869],[123.372,9.817],[123.344,9.786],[123.3,9.518],[123.302,9.417],[123.329,9.413],[123.354,9.425],[123.397,9.493],[123.436,9.521],[123.466,9.571],[123.48,9.63],[123.51,9.696],[123.51,9.731],[123.538,9.758],[123.531,9.774],[123.537,9.805],[123.559,9.816],[123.575,9.859],[123.609,9.875],[123.605,9.898],[123.625,9.95],[123.625,9.98],[123.614,9.996],[123.64,10.084],[123.657,10.092],[123.659,10.082],[123.681,10.086],[123.684,10.127],[123.724,10.177],[123.756,10.196],[123.766,10.226],[123.802,10.238],[123.834,10.234],[123.863,10.248],[123.882,10.269],[123.885,10.289],[123.909,10.292],[123.941,10.322],[123.97,10.331],[123.976,10.343],[123.959,10.359],[123.973,10.367],[123.97,10.35],[124.001,10.354],[124.021,10.383],[124.002,10.396],[123.998,10.414],[124.033,10.498],[124.028,10.513],[124.036,10.552],[124.023,10.558],[124.032,10.576],[124.022,10.567],[124.027,10.578],[124.018,10.587],[124.031,10.594],[124.033,10.58],[124.033,10.595],[124.012,10.701],[124.017,10.73],[124.004,10.755],[124.029,10.783],[124.031,10.84],[124.054,10.882],[124.03,10.929],[124.044,10.976],[124.043,11.056],[124.011,11.059],[123.998,11.051],[123.994,11.063],[124.003,11.074],[123.982,11.073],[124.035,11.147],[124.037,11.206],[124.07,11.256],[124.057,11.263],[124.064,11.286]]],[[[123.733,11.299],[123.688,11.227],[123.714,11.165],[123.729,11.162],[123.718,11.148],[123.721,11.137],[123.752,11.151],[123.808,11.152],[123.808,11.166],[123.774,11.197],[123.759,11.268],[123.733,11.299]]],[[[124.063,11.307],[124.063,11.305],[124.065,11.307],[124.063,11.307]]],[[[124.117,11.348],[124.106,11.347],[124.113,11.326],[124.122,11.33],[124.117,11.348]]],[[[123.897,11.353],[123.885,11.333],[123.888,11.296],[123.899,11.306],[123.897,11.353]]],[[[124.094,11.523],[124.091,11.513],[124.105,11.507],[124.094,11.523]]]]}},{"type":"Feature","properties":{"slug":"R8","name":"Region VIII (Eastern Visayas)","lng":125.0528,"lat":11.93667},"geometry":{"type":"MultiPolygon","coordinates":[[[[125.06,9.965],[125.073,9.895],[125.08,9.934],[125.06,9.965]]],[[[125.129,10.162],[125.117,10.158],[125.116,10.113],[125.135,10.062],[125.187,10.037],[125.223,9.963],[125.238,9.963],[125.248,9.948],[125.256,9.914],[125.287,9.912],[125.299,9.926],[125.272,9.97],[125.28,9.994],[125.244,10.042],[125.213,10.128],[125.165,10.133],[125.129,10.162]]],[[[124.619,10.263],[124.62,10.264],[124.617,10.266],[124.615,10.265],[124.619,10.263]]],[[[125.222,10.434],[125.216,10.432],[125.22,10.425],[125.225,10.425],[125.228,10.43],[125.222,10.434]]],[[[125.225,10.475],[125.223,10.458],[125.232,10.445],[125.225,10.475]]],[[[124.678,10.492],[124.674,10.492],[124.668,10.489],[124.668,10.486],[124.674,10.487],[124.677,10.49],[124.679,10.49],[124.678,10.492]]],[[[124.672,10.522],[124.669,10.52],[124.673,10.516],[124.673,10.519],[124.672,10.522]]],[[[124.637,10.54],[124.635,10.539],[124.635,10.537],[124.64,10.534],[124.643,10.535],[124.642,10.538],[124.637,10.54]]],[[[124.659,10.546],[124.662,10.543],[124.662,10.544],[124.659,10.546]]],[[[125.027,10.735],[125.025,10.736],[125.024,10.733],[125.028,10.727],[125.031,10.727],[125.028,10.73],[125.027,10.735]]],[[[125.937,10.774],[125.936,10.772],[125.937,10.77],[125.938,10.772],[125.937,10.774]]],[[[125.957,10.776],[125.938,10.768],[125.967,10.747],[125.957,10.776]]],[[[125.652,10.785],[125.647,10.785],[125.643,10.779],[125.644,10.778],[125.646,10.778],[125.649,10.783],[125.652,10.785]]],[[[125.694,10.823],[125.66,10.791],[125.66,10.762],[125.67,10.744],[125.703,10.736],[125.697,10.725],[125.725,10.718],[125.752,10.689],[125.811,10.697],[125.82,10.718],[125.811,10.731],[125.719,10.746],[125.71,10.762],[125.728,10.798],[125.694,10.823]]],[[[125.835,10.932],[125.83,10.929],[125.837,10.921],[125.838,10.914],[125.84,10.915],[125.84,10.922],[125.838,10.93],[125.835,10.932]]],[[[125.831,10.94],[125.826,10.934],[125.835,10.934],[125.831,10.94]]],[[[125.628,11.006],[125.617,11.001],[125.618,10.987],[125.638,10.975],[125.653,10.981],[125.652,11.005],[125.628,11.006]]],[[[125.643,11.008],[125.642,11.008],[125.645,11.008],[125.643,11.008]]],[[[125.747,11.016],[125.746,11.014],[125.749,11.014],[125.747,11.016]]],[[[125.694,11.029],[125.689,11.028],[125.692,11.023],[125.697,11.025],[125.696,11.028],[125.694,11.029]]],[[[125.769,11.033],[125.763,11.014],[125.791,10.994],[125.825,10.939],[125.838,10.94],[125.826,10.97],[125.769,11.033]]],[[[125.763,11.033],[125.761,11.033],[125.762,11.031],[125.763,11.033]]],[[[125.629,11.047],[125.627,11.047],[125.63,11.045],[125.629,11.047]]],[[[125.701,11.056],[125.7,11.057],[125.701,11.055],[125.701,11.056]]],[[[125.696,11.058],[125.695,11.056],[125.696,11.057],[125.696,11.058]]],[[[125.682,11.06],[125.676,11.052],[125.689,11.033],[125.712,11.045],[125.682,11.06]]],[[[125.697,11.062],[125.693,11.061],[125.698,11.058],[125.697,11.062]]],[[[125.685,11.073],[125.683,11.071],[125.685,11.07],[125.685,11.073]]],[[[125.691,11.099],[125.686,11.096],[125.686,11.095],[125.689,11.096],[125.691,11.099]]],[[[125.581,11.104],[125.58,11.104],[125.582,11.104],[125.581,11.104]]],[[[125.576,11.107],[125.569,11.101],[125.578,11.093],[125.585,11.1],[125.576,11.107]]],[[[125.662,11.11],[125.659,11.11],[125.657,11.108],[125.654,11.108],[125.654,11.105],[125.655,11.104],[125.658,11.105],[125.661,11.108],[125.662,11.11]]],[[[125.677,11.112],[125.663,11.11],[125.668,11.091],[125.676,11.102],[125.686,11.1],[125.677,11.112]]],[[[125.47,11.116],[125.468,11.115],[125.469,11.112],[125.47,11.116]]],[[[125.521,11.136],[125.521,11.134],[125.523,11.135],[125.521,11.136]]],[[[125.535,11.136],[125.534,11.134],[125.532,11.135],[125.535,11.133],[125.535,11.136]]],[[[125.536,11.138],[125.534,11.137],[125.536,11.136],[125.54,11.137],[125.536,11.138]]],[[[125.546,11.143],[125.546,11.142],[125.547,11.142],[125.546,11.143]]],[[[125.543,11.143],[125.541,11.141],[125.544,11.142],[125.543,11.143]]],[[[125.549,11.144],[125.548,11.142],[125.549,11.142],[125.549,11.144]]],[[[125.015,11.153],[125.015,11.149],[125.016,11.151],[125.015,11.153]]],[[[125.085,11.258],[125.079,11.267],[125.075,11.269],[125.071,11.265],[125.074,11.259],[125.083,11.254],[125.086,11.255],[125.085,11.258]]],[[[124.972,11.303],[124.971,11.303],[124.973,11.3],[124.972,11.303]]],[[[124.977,11.342],[124.976,11.338],[124.979,11.34],[124.977,11.342]]],[[[124.98,11.362],[124.979,11.361],[124.981,11.362],[124.98,11.362]]],[[[124.988,11.363],[124.988,11.36],[124.991,11.357],[124.991,11.361],[124.988,11.363]]],[[[124.981,11.364],[124.98,11.363],[124.981,11.363],[124.981,11.364]]],[[[124.98,11.366],[124.978,11.365],[124.978,11.363],[124.98,11.366]]],[[[124.987,11.366],[124.987,11.368],[124.985,11.366],[124.987,11.365],[124.987,11.366]]],[[[124.989,11.37],[124.987,11.369],[124.989,11.365],[124.988,11.364],[124.991,11.364],[124.991,11.367],[124.989,11.37]]],[[[124.985,11.389],[124.983,11.389],[124.984,11.387],[124.986,11.387],[124.987,11.389],[124.985,11.389]]],[[[124.896,11.402],[124.895,11.4],[124.896,11.4],[124.896,11.402]]],[[[124.97,11.422],[124.968,11.421],[124.969,11.418],[124.974,11.418],[124.974,11.421],[124.972,11.421],[124.97,11.422]]],[[[124.961,11.422],[124.952,11.419],[124.953,11.401],[124.969,11.393],[124.98,11.403],[124.961,11.422]]],[[[124.967,11.425],[124.966,11.425],[124.968,11.424],[124.967,11.425]]],[[[124.963,11.431],[124.962,11.429],[124.963,11.428],[124.963,11.431]]],[[[124.871,11.434],[124.871,11.433],[124.872,11.432],[124.871,11.434]]],[[[124.909,11.435],[124.908,11.436],[124.906,11.435],[124.908,11.433],[124.909,11.428],[124.913,11.429],[124.911,11.431],[124.911,11.433],[124.909,11.435]]],[[[124.853,11.44],[124.85,11.439],[124.849,11.436],[124.855,11.434],[124.853,11.44]]],[[[125.552,11.439],[125.548,11.431],[125.561,11.431],[125.552,11.439]]],[[[124.888,11.441],[124.888,11.44],[124.886,11.441],[124.886,11.439],[124.89,11.435],[124.89,11.432],[124.892,11.43],[124.893,11.438],[124.888,11.441]]],[[[124.897,11.501],[124.896,11.494],[124.905,11.497],[124.897,11.501]]],[[[124.795,11.527],[124.797,11.524],[124.8,11.526],[124.795,11.527]]],[[[124.812,11.528],[124.802,11.52],[124.805,11.521],[124.807,11.519],[124.808,11.522],[124.815,11.524],[124.816,11.526],[124.812,11.528]]],[[[124.856,11.547],[124.854,11.547],[124.855,11.546],[124.856,11.546],[124.856,11.547]]],[[[124.787,11.55],[124.788,11.551],[124.783,11.55],[124.783,11.549],[124.787,11.55]]],[[[124.854,11.553],[124.853,11.554],[124.854,11.551],[124.854,11.553]]],[[[124.859,11.555],[124.857,11.555],[124.859,11.548],[124.861,11.548],[124.862,11.55],[124.859,11.555]]],[[[124.85,11.563],[124.849,11.561],[124.852,11.56],[124.852,11.562],[124.85,11.563]]],[[[124.314,11.564],[124.286,11.53],[124.289,11.493],[124.3,11.49],[124.299,11.462],[124.311,11.454],[124.304,11.45],[124.314,11.446],[124.307,11.44],[124.318,11.414],[124.349,11.405],[124.341,11.395],[124.326,11.396],[124.33,11.379],[124.361,11.365],[124.341,11.363],[124.342,11.314],[124.359,11.301],[124.372,11.304],[124.367,11.288],[124.39,11.299],[124.385,11.277],[124.376,11.275],[124.381,11.258],[124.391,11.259],[124.387,11.243],[124.403,11.24],[124.396,11.226],[124.386,11.226],[124.391,11.212],[124.383,11.203],[124.402,11.109],[124.389,11.103],[124.386,11.079],[124.369,11.063],[124.382,11.059],[124.397,11.032],[124.407,11.037],[124.399,11.028],[124.401,11.014],[124.408,11.013],[124.4,11.001],[124.414,10.986],[124.389,10.961],[124.375,10.924],[124.388,10.913],[124.407,10.92],[124.414,10.912],[124.416,10.951],[124.427,10.937],[124.422,10.927],[124.439,10.919],[124.431,10.891],[124.443,10.887],[124.451,10.9],[124.478,10.865],[124.516,10.868],[124.551,10.93],[124.55,10.965],[124.538,10.978],[124.57,10.998],[124.571,11.011],[124.59,11.014],[124.614,11.001],[124.623,10.979],[124.654,10.951],[124.684,10.939],[124.709,10.877],[124.761,10.82],[124.783,10.776],[124.794,10.729],[124.792,10.687],[124.804,10.662],[124.794,10.639],[124.776,10.639],[124.763,10.574],[124.766,10.537],[124.751,10.508],[124.729,10.499],[124.721,10.486],[124.731,10.474],[124.723,10.406],[124.733,10.377],[124.765,10.359],[124.791,10.319],[124.767,10.243],[124.768,10.209],[124.753,10.187],[124.758,10.156],[124.778,10.134],[124.845,10.133],[124.889,10.121],[124.905,10.09],[124.937,10.081],[124.965,10.045],[125.012,10.028],[125.028,10.005],[125.019,10.029],[125.027,10.046],[125.023,10.089],[124.977,10.213],[124.987,10.254],[124.97,10.377],[125.008,10.381],[125.025,10.369],[125.04,10.31],[125.06,10.286],[125.078,10.229],[125.123,10.179],[125.125,10.162],[125.14,10.172],[125.125,10.252],[125.131,10.277],[125.217,10.247],[125.253,10.258],[125.268,10.3],[125.258,10.372],[125.24,10.395],[125.215,10.385],[125.18,10.427],[125.191,10.475],[125.164,10.534],[125.176,10.557],[125.189,10.562],[125.187,10.591],[125.113,10.659],[125.105,10.674],[125.117,10.696],[125.085,10.713],[125.041,10.717],[125.04,10.729],[125.028,10.727],[125.011,10.758],[125.004,10.846],[125.035,10.932],[125.04,11.064],[125.022,11.094],[125.025,11.134],[125.007,11.158],[125.026,11.196],[125.031,11.238],[125.021,11.237],[125.02,11.208],[125.005,11.221],[125.008,11.252],[124.999,11.246],[124.987,11.261],[124.979,11.252],[124.962,11.28],[124.968,11.368],[124.98,11.372],[124.968,11.379],[124.98,11.399],[124.956,11.394],[124.955,11.415],[124.941,11.428],[124.915,11.408],[124.903,11.422],[124.899,11.397],[124.88,11.442],[124.873,11.435],[124.881,11.408],[124.855,11.414],[124.866,11.416],[124.862,11.426],[124.851,11.419],[124.84,11.433],[124.843,11.423],[124.815,11.432],[124.807,11.385],[124.786,11.374],[124.764,11.343],[124.741,11.329],[124.731,11.335],[124.702,11.305],[124.672,11.305],[124.647,11.294],[124.609,11.312],[124.585,11.305],[124.551,11.339],[124.534,11.403],[124.537,11.426],[124.487,11.445],[124.481,11.461],[124.477,11.449],[124.463,11.445],[124.465,11.427],[124.481,11.408],[124.484,11.383],[124.474,11.376],[124.409,11.477],[124.314,11.564]]],[[[124.854,11.566],[124.852,11.565],[124.853,11.562],[124.854,11.566]]],[[[124.265,11.582],[124.254,11.578],[124.265,11.554],[124.278,11.563],[124.265,11.582]]],[[[124.907,11.583],[124.906,11.581],[124.907,11.58],[124.908,11.582],[124.907,11.583]]],[[[124.906,11.6],[124.908,11.592],[124.92,11.598],[124.906,11.6]]],[[[125.498,11.601],[125.497,11.601],[125.496,11.598],[125.498,11.594],[125.501,11.593],[125.504,11.593],[125.504,11.6],[125.502,11.601],[125.498,11.601]]],[[[124.757,11.611],[124.757,11.606],[124.76,11.606],[124.759,11.609],[124.757,11.611]]],[[[124.894,11.612],[124.876,11.592],[124.887,11.58],[124.89,11.588],[124.906,11.588],[124.892,11.592],[124.894,11.612]]],[[[124.363,11.619],[124.36,11.619],[124.361,11.618],[124.366,11.618],[124.363,11.619]]],[[[124.877,11.621],[124.874,11.619],[124.877,11.618],[124.877,11.621]]],[[[124.343,11.631],[124.342,11.629],[124.344,11.628],[124.345,11.63],[124.343,11.631]]],[[[124.834,11.638],[124.833,11.637],[124.835,11.637],[124.834,11.638]]],[[[124.888,11.646],[124.884,11.646],[124.883,11.643],[124.881,11.643],[124.882,11.64],[124.883,11.642],[124.885,11.641],[124.888,11.642],[124.886,11.644],[124.888,11.646]]],[[[125.485,11.646],[125.477,11.645],[125.49,11.63],[125.485,11.646]]],[[[124.781,11.674],[124.779,11.672],[124.783,11.671],[124.781,11.674]]],[[[124.328,11.676],[124.326,11.677],[124.326,11.672],[124.332,11.672],[124.328,11.676]]],[[[124.359,11.694],[124.358,11.691],[124.362,11.689],[124.363,11.692],[124.359,11.694]]],[[[124.907,11.699],[124.904,11.693],[124.901,11.694],[124.899,11.691],[124.899,11.69],[124.9,11.691],[124.901,11.689],[124.9,11.686],[124.903,11.689],[124.904,11.693],[124.906,11.694],[124.907,11.699]]],[[[124.426,11.707],[124.334,11.676],[124.361,11.657],[124.356,11.644],[124.395,11.596],[124.389,11.559],[124.406,11.536],[124.418,11.535],[124.445,11.483],[124.473,11.461],[124.489,11.463],[124.502,11.481],[124.511,11.469],[124.545,11.478],[124.575,11.471],[124.606,11.489],[124.617,11.543],[124.583,11.567],[124.537,11.675],[124.465,11.706],[124.426,11.707]]],[[[124.823,11.71],[124.82,11.685],[124.841,11.667],[124.831,11.659],[124.842,11.642],[124.835,11.633],[124.841,11.628],[124.845,11.636],[124.86,11.62],[124.882,11.625],[124.871,11.648],[124.895,11.665],[124.89,11.679],[124.86,11.676],[124.861,11.692],[124.846,11.685],[124.823,11.71]]],[[[124.335,11.71],[124.337,11.708],[124.339,11.708],[124.335,11.71]]],[[[124.87,11.715],[124.87,11.712],[124.875,11.704],[124.879,11.705],[124.888,11.695],[124.883,11.705],[124.876,11.71],[124.875,11.713],[124.87,11.715]]],[[[124.727,11.733],[124.716,11.726],[124.729,11.711],[124.72,11.704],[124.706,11.713],[124.709,11.698],[124.717,11.706],[124.725,11.696],[124.717,11.673],[124.724,11.663],[124.731,11.677],[124.737,11.64],[124.749,11.651],[124.769,11.628],[124.762,11.624],[124.79,11.606],[124.782,11.595],[124.761,11.609],[124.766,11.574],[124.807,11.565],[124.79,11.559],[124.791,11.549],[124.824,11.53],[124.839,11.547],[124.833,11.558],[124.839,11.575],[124.831,11.58],[124.85,11.6],[124.834,11.604],[124.829,11.597],[124.826,11.606],[124.806,11.61],[124.795,11.6],[124.787,11.619],[124.807,11.645],[124.783,11.657],[124.779,11.67],[124.768,11.666],[124.782,11.691],[124.754,11.677],[124.757,11.695],[124.739,11.701],[124.734,11.71],[124.744,11.709],[124.727,11.733]]],[[[124.713,11.737],[124.714,11.734],[124.719,11.732],[124.718,11.735],[124.713,11.737]]],[[[124.746,11.739],[124.756,11.729],[124.753,11.711],[124.747,11.716],[124.753,11.701],[124.774,11.703],[124.776,11.73],[124.758,11.726],[124.76,11.735],[124.746,11.739]]],[[[124.877,11.746],[124.874,11.746],[124.873,11.743],[124.877,11.736],[124.878,11.741],[124.877,11.746]]],[[[124.897,11.748],[124.896,11.748],[124.897,11.742],[124.897,11.748]]],[[[124.869,11.751],[124.871,11.747],[124.872,11.747],[124.872,11.75],[124.869,11.751]]],[[[124.267,11.768],[124.263,11.766],[124.265,11.762],[124.264,11.765],[124.267,11.768]]],[[[124.734,11.785],[124.735,11.783],[124.736,11.784],[124.734,11.785]]],[[[124.723,11.792],[124.722,11.79],[124.724,11.789],[124.723,11.792]]],[[[124.734,11.793],[124.734,11.79],[124.735,11.791],[124.734,11.793]]],[[[124.806,11.798],[124.801,11.796],[124.804,11.795],[124.807,11.797],[124.806,11.798]]],[[[124.716,11.8],[124.715,11.801],[124.714,11.795],[124.716,11.797],[124.716,11.8]]],[[[124.702,11.809],[124.698,11.809],[124.698,11.807],[124.701,11.807],[124.699,11.805],[124.699,11.801],[124.704,11.799],[124.707,11.794],[124.707,11.801],[124.704,11.803],[124.703,11.808],[124.704,11.809],[124.702,11.809]]],[[[124.318,11.817],[124.295,11.8],[124.293,11.788],[124.325,11.76],[124.348,11.773],[124.35,11.803],[124.318,11.817]]],[[[124.819,11.818],[124.817,11.817],[124.819,11.817],[124.819,11.818]]],[[[124.737,11.821],[124.739,11.815],[124.738,11.812],[124.74,11.809],[124.743,11.812],[124.743,11.814],[124.737,11.821]]],[[[124.728,11.828],[124.726,11.827],[124.724,11.824],[124.726,11.82],[124.731,11.826],[124.73,11.828],[124.728,11.828]]],[[[124.684,11.83],[124.673,11.821],[124.697,11.796],[124.684,11.83]]],[[[124.697,11.837],[124.687,11.836],[124.692,11.818],[124.701,11.83],[124.709,11.825],[124.697,11.837]]],[[[124.677,11.84],[124.678,11.838],[124.68,11.839],[124.677,11.84]]],[[[124.717,11.844],[124.716,11.843],[124.719,11.841],[124.717,11.844]]],[[[125.469,11.862],[125.449,11.855],[125.476,11.849],[125.469,11.862]]],[[[125.459,11.867],[125.459,11.869],[125.457,11.869],[125.452,11.864],[125.458,11.862],[125.457,11.866],[125.459,11.867]]],[[[125.469,11.881],[125.465,11.879],[125.465,11.877],[125.469,11.876],[125.471,11.877],[125.469,11.881]]],[[[124.28,11.891],[124.277,11.89],[124.276,11.889],[124.279,11.887],[124.28,11.891]]],[[[124.779,11.891],[124.78,11.888],[124.783,11.89],[124.779,11.891]]],[[[124.723,11.896],[124.724,11.898],[124.719,11.896],[124.719,11.895],[124.721,11.893],[124.723,11.896]]],[[[124.715,11.909],[124.713,11.908],[124.71,11.905],[124.713,11.904],[124.714,11.899],[124.717,11.903],[124.717,11.908],[124.715,11.909]]],[[[124.629,11.915],[124.625,11.914],[124.626,11.909],[124.624,11.906],[124.627,11.908],[124.628,11.906],[124.63,11.909],[124.631,11.913],[124.629,11.915]]],[[[124.641,11.921],[124.634,11.908],[124.657,11.89],[124.664,11.909],[124.645,11.908],[124.641,11.921]]],[[[124.62,11.927],[124.615,11.925],[124.615,11.922],[124.617,11.92],[124.623,11.925],[124.62,11.927]]],[[[124.406,11.929],[124.405,11.927],[124.408,11.927],[124.406,11.929]]],[[[124.444,11.933],[124.422,11.921],[124.411,11.897],[124.45,11.88],[124.467,11.891],[124.453,11.93],[124.451,11.925],[124.444,11.933]]],[[[124.355,11.943],[124.354,11.942],[124.354,11.94],[124.356,11.941],[124.355,11.943]]],[[[124.366,11.955],[124.361,11.94],[124.371,11.937],[124.375,11.951],[124.366,11.955]]],[[[124.332,11.96],[124.319,11.951],[124.308,11.955],[124.299,11.933],[124.28,11.929],[124.273,11.911],[124.287,11.906],[124.279,11.898],[124.311,11.902],[124.316,11.924],[124.338,11.939],[124.332,11.96]]],[[[124.67,11.986],[124.668,11.985],[124.668,11.981],[124.674,11.981],[124.675,11.984],[124.67,11.986]]],[[[124.422,11.992],[124.403,11.985],[124.41,11.98],[124.404,11.967],[124.428,11.956],[124.437,11.976],[124.422,11.992]]],[[[125.556,12.006],[125.56,12.011],[125.557,12.016],[125.555,12.012],[125.556,12.006]]],[[[125.559,12.015],[125.561,12.017],[125.56,12.019],[125.557,12.022],[125.556,12.018],[125.559,12.015]]],[[[125.561,12.023],[125.56,12.027],[125.557,12.027],[125.556,12.023],[125.561,12.023]]],[[[125.563,12.068],[125.559,12.035],[125.569,12.05],[125.563,12.068]]],[[[125.571,12.067],[125.568,12.071],[125.567,12.066],[125.569,12.062],[125.573,12.06],[125.571,12.067]]],[[[124.221,12.084],[124.212,12.075],[124.208,12.081],[124.168,12.077],[124.15,12.063],[124.158,12.049],[124.148,12.056],[124.145,12.046],[124.175,12.031],[124.181,12.047],[124.202,12.048],[124.215,12.067],[124.221,12.058],[124.237,12.058],[124.237,12.082],[124.221,12.084]]],[[[125.564,12.094],[125.563,12.094],[125.562,12.091],[125.564,12.091],[125.564,12.094]]],[[[124.199,12.097],[124.195,12.095],[124.194,12.094],[124.194,12.092],[124.198,12.089],[124.2,12.09],[124.201,12.093],[124.201,12.096],[124.199,12.097]]],[[[125.55,12.119],[125.546,12.121],[125.561,12.105],[125.562,12.099],[125.568,12.099],[125.569,12.101],[125.567,12.108],[125.553,12.119],[125.55,12.119]]],[[[124.099,12.291],[124.084,12.282],[124.098,12.276],[124.099,12.256],[124.114,12.276],[124.099,12.291]]],[[[124.056,12.36],[124.038,12.338],[124.061,12.343],[124.056,12.36]]],[[[124.032,12.361],[124.027,12.345],[124.044,12.354],[124.032,12.361]]],[[[124.012,12.375],[124.01,12.375],[124.01,12.37],[124.012,12.362],[124.015,12.358],[124.016,12.37],[124.012,12.375]]],[[[124.044,12.383],[124.042,12.382],[124.038,12.382],[124.035,12.379],[124.037,12.377],[124.044,12.379],[124.046,12.38],[124.044,12.383]]],[[[124.062,12.387],[124.056,12.382],[124.073,12.358],[124.081,12.36],[124.062,12.387]]],[[[124.03,12.41],[124.005,12.395],[124.004,12.379],[124.03,12.41]]],[[[124.246,12.459],[124.24,12.451],[124.25,12.404],[124.276,12.363],[124.286,12.385],[124.28,12.414],[124.246,12.459]]],[[[124.142,12.483],[124.133,12.454],[124.139,12.432],[124.182,12.381],[124.193,12.412],[124.142,12.483]]],[[[124.502,12.533],[124.503,12.531],[124.506,12.531],[124.508,12.529],[124.511,12.531],[124.502,12.533]]],[[[124.703,12.535],[124.702,12.536],[124.697,12.533],[124.702,12.531],[124.704,12.533],[124.703,12.535]]],[[[124.474,12.541],[124.473,12.539],[124.476,12.537],[124.476,12.54],[124.474,12.541]]],[[[124.481,12.543],[124.482,12.541],[124.485,12.54],[124.481,12.543]]],[[[124.425,12.544],[124.425,12.535],[124.435,12.536],[124.425,12.544]]],[[[124.456,12.549],[124.455,12.549],[124.454,12.547],[124.455,12.543],[124.458,12.547],[124.456,12.549]]],[[[124.684,12.55],[124.682,12.549],[124.685,12.545],[124.689,12.544],[124.687,12.549],[124.684,12.55]]],[[[125.046,12.551],[125.047,12.55],[125.045,12.548],[125.049,12.548],[125.049,12.551],[125.046,12.551]]],[[[125.052,12.552],[125.049,12.551],[125.05,12.547],[125.053,12.55],[125.054,12.552],[125.052,12.552]]],[[[124.486,12.554],[124.486,12.551],[124.489,12.544],[124.491,12.542],[124.493,12.542],[124.493,12.541],[124.494,12.541],[124.493,12.54],[124.497,12.54],[124.498,12.542],[124.496,12.542],[124.496,12.544],[124.492,12.551],[124.49,12.55],[124.488,12.553],[124.486,12.554]]],[[[125.02,12.56],[125.027,12.532],[125.049,12.546],[125.029,12.549],[125.02,12.56]]],[[[125.068,12.563],[125.063,12.561],[125.063,12.556],[125.06,12.554],[125.057,12.553],[125.056,12.548],[125.063,12.549],[125.064,12.556],[125.068,12.563]]],[[[124.32,12.571],[124.318,12.57],[124.318,12.568],[124.32,12.566],[124.319,12.563],[124.322,12.561],[124.324,12.566],[124.32,12.571]]],[[[124.428,12.581],[124.412,12.557],[124.447,12.536],[124.456,12.555],[124.431,12.563],[124.428,12.581]]],[[[125.145,12.585],[125.142,12.574],[125.111,12.563],[125.1,12.582],[125.073,12.579],[125.081,12.541],[125.062,12.538],[125.052,12.542],[125.061,12.547],[125.028,12.53],[125.013,12.565],[124.975,12.55],[124.961,12.559],[124.957,12.584],[124.935,12.568],[124.912,12.567],[124.859,12.585],[124.883,12.565],[124.86,12.531],[124.829,12.528],[124.799,12.543],[124.75,12.517],[124.676,12.509],[124.661,12.518],[124.633,12.508],[124.562,12.534],[124.554,12.524],[124.512,12.519],[124.474,12.537],[124.463,12.521],[124.467,12.546],[124.455,12.534],[124.429,12.53],[124.415,12.549],[124.4,12.549],[124.406,12.561],[124.391,12.567],[124.388,12.544],[124.376,12.545],[124.371,12.554],[124.378,12.555],[124.355,12.556],[124.357,12.538],[124.34,12.547],[124.329,12.535],[124.325,12.555],[124.318,12.551],[124.289,12.584],[124.28,12.583],[124.261,12.55],[124.283,12.517],[124.284,12.468],[124.316,12.446],[124.31,12.439],[124.322,12.427],[124.326,12.385],[124.341,12.376],[124.333,12.348],[124.346,12.292],[124.355,12.289],[124.39,12.196],[124.416,12.18],[124.418,12.167],[124.449,12.155],[124.451,12.138],[124.467,12.132],[124.475,12.108],[124.504,12.091],[124.5,12.083],[124.522,12.078],[124.536,12.058],[124.594,12.066],[124.636,12.053],[124.692,12.01],[124.691,11.988],[124.701,11.981],[124.687,11.976],[124.696,11.954],[124.711,11.942],[124.724,11.946],[124.733,11.929],[124.745,11.931],[124.75,11.915],[124.737,11.897],[124.752,11.904],[124.768,11.898],[124.765,11.906],[124.776,11.9],[124.771,11.908],[124.793,11.914],[124.81,11.906],[124.824,11.884],[124.789,11.904],[124.8,11.888],[124.784,11.888],[124.777,11.879],[124.799,11.871],[124.775,11.863],[124.798,11.859],[124.806,11.85],[124.796,11.848],[124.82,11.845],[124.836,11.83],[124.839,11.816],[124.821,11.811],[124.829,11.795],[124.84,11.802],[124.839,11.816],[124.857,11.814],[124.866,11.793],[124.858,11.791],[124.877,11.782],[124.886,11.753],[124.901,11.756],[124.909,11.741],[124.997,11.78],[125.013,11.779],[125.043,11.752],[125.041,11.725],[125.029,11.735],[125.021,11.711],[124.973,11.67],[124.994,11.615],[124.985,11.617],[124.957,11.597],[124.963,11.583],[124.953,11.573],[124.927,11.567],[124.905,11.579],[124.881,11.577],[124.877,11.557],[124.894,11.554],[124.894,11.539],[124.875,11.532],[124.859,11.547],[124.839,11.539],[124.832,11.509],[124.819,11.516],[124.832,11.498],[124.822,11.491],[124.834,11.484],[124.83,11.476],[124.84,11.465],[124.879,11.473],[124.89,11.463],[124.883,11.481],[124.893,11.51],[124.907,11.497],[124.899,11.494],[124.902,11.471],[124.941,11.448],[124.962,11.455],[124.964,11.432],[124.997,11.427],[124.984,11.42],[124.985,11.39],[124.994,11.389],[124.986,11.377],[124.997,11.353],[124.973,11.322],[124.978,11.284],[124.991,11.284],[125.006,11.268],[125.014,11.277],[125.066,11.278],[125.069,11.287],[125.151,11.275],[125.177,11.234],[125.179,11.199],[125.195,11.183],[125.209,11.127],[125.202,11.125],[125.212,11.116],[125.204,11.117],[125.209,11.098],[125.234,11.086],[125.247,11.123],[125.257,11.119],[125.266,11.137],[125.297,11.143],[125.31,11.125],[125.319,11.127],[125.318,11.117],[125.357,11.121],[125.373,11.1],[125.384,11.109],[125.407,11.1],[125.401,11.093],[125.407,11.082],[125.433,11.092],[125.435,11.111],[125.455,11.099],[125.449,11.117],[125.461,11.126],[125.48,11.105],[125.489,11.111],[125.483,11.094],[125.491,11.103],[125.511,11.081],[125.517,11.134],[125.524,11.143],[125.522,11.128],[125.533,11.133],[125.535,11.153],[125.555,11.143],[125.561,11.153],[125.573,11.15],[125.559,11.127],[125.569,11.128],[125.579,11.107],[125.661,11.143],[125.667,11.136],[125.658,11.122],[125.699,11.108],[125.673,11.083],[125.702,11.067],[125.718,11.029],[125.756,11.011],[125.76,11.046],[125.695,11.132],[125.665,11.198],[125.597,11.232],[125.588,11.225],[125.628,11.197],[125.613,11.196],[125.618,11.19],[125.605,11.195],[125.588,11.187],[125.598,11.179],[125.584,11.178],[125.56,11.188],[125.557,11.181],[125.534,11.195],[125.547,11.26],[125.567,11.272],[125.573,11.287],[125.611,11.302],[125.613,11.316],[125.626,11.325],[125.622,11.334],[125.633,11.337],[125.632,11.356],[125.623,11.368],[125.598,11.373],[125.584,11.399],[125.563,11.393],[125.567,11.405],[125.553,11.405],[125.539,11.43],[125.544,11.438],[125.529,11.44],[125.523,11.454],[125.492,11.448],[125.528,11.475],[125.514,11.478],[125.514,11.494],[125.47,11.545],[125.475,11.591],[125.451,11.588],[125.442,11.596],[125.448,11.608],[125.439,11.607],[125.44,11.62],[125.457,11.629],[125.463,11.644],[125.446,11.654],[125.448,11.663],[125.456,11.661],[125.452,11.669],[125.492,11.671],[125.471,11.685],[125.483,11.695],[125.471,11.704],[125.478,11.715],[125.461,11.733],[125.47,11.736],[125.462,11.759],[125.439,11.738],[125.425,11.746],[125.433,11.758],[125.413,11.757],[125.427,11.765],[125.429,11.778],[125.436,11.767],[125.439,11.781],[125.448,11.77],[125.462,11.772],[125.474,11.793],[125.465,11.816],[125.451,11.814],[125.435,11.827],[125.435,11.858],[125.444,11.869],[125.431,11.872],[125.421,11.893],[125.42,11.905],[125.43,11.905],[125.423,11.93],[125.434,11.936],[125.426,11.956],[125.448,11.97],[125.456,11.994],[125.445,11.992],[125.486,12.027],[125.48,12.035],[125.492,12.033],[125.516,12.06],[125.489,12.063],[125.497,12.07],[125.479,12.078],[125.48,12.09],[125.464,12.091],[125.489,12.094],[125.486,12.102],[125.475,12.108],[125.462,12.098],[125.445,12.102],[125.437,12.126],[125.443,12.138],[125.474,12.145],[125.469,12.155],[125.456,12.154],[125.457,12.167],[125.475,12.166],[125.482,12.176],[125.496,12.169],[125.498,12.184],[125.511,12.171],[125.515,12.192],[125.495,12.217],[125.489,12.209],[125.497,12.203],[125.482,12.208],[125.478,12.231],[125.466,12.236],[125.456,12.227],[125.464,12.242],[125.453,12.259],[125.438,12.263],[125.439,12.273],[125.432,12.267],[125.412,12.285],[125.405,12.268],[125.398,12.281],[125.388,12.28],[125.384,12.265],[125.373,12.266],[125.374,12.275],[125.366,12.27],[125.358,12.28],[125.368,12.291],[125.38,12.289],[125.382,12.302],[125.357,12.306],[125.358,12.288],[125.338,12.269],[125.317,12.274],[125.324,12.283],[125.336,12.274],[125.341,12.283],[125.34,12.295],[125.329,12.298],[125.339,12.309],[125.335,12.318],[125.322,12.301],[125.293,12.29],[125.287,12.307],[125.297,12.304],[125.308,12.316],[125.303,12.32],[125.32,12.327],[125.286,12.337],[125.293,12.345],[125.286,12.356],[125.306,12.364],[125.297,12.37],[125.306,12.383],[125.298,12.384],[125.316,12.386],[125.299,12.397],[125.332,12.396],[125.34,12.405],[125.308,12.415],[125.289,12.443],[125.291,12.469],[125.273,12.478],[125.259,12.474],[125.268,12.489],[125.222,12.529],[125.214,12.523],[125.145,12.585]]],[[[124.382,12.585],[124.38,12.584],[124.383,12.585],[124.385,12.582],[124.384,12.585],[124.382,12.585]]],[[[124.486,12.586],[124.474,12.579],[124.49,12.57],[124.5,12.541],[124.52,12.543],[124.502,12.576],[124.486,12.586]]],[[[124.362,12.59],[124.354,12.588],[124.362,12.563],[124.383,12.568],[124.386,12.58],[124.362,12.59]]],[[[125.143,12.602],[125.136,12.599],[125.143,12.585],[125.143,12.602]]],[[[124.438,12.624],[124.428,12.615],[124.441,12.61],[124.447,12.618],[124.438,12.624]]],[[[124.441,12.626],[124.439,12.624],[124.443,12.624],[124.441,12.626]]],[[[124.432,12.626],[124.43,12.624],[124.433,12.624],[124.432,12.626]]],[[[124.359,12.628],[124.358,12.595],[124.377,12.587],[124.381,12.596],[124.392,12.58],[124.4,12.589],[124.393,12.603],[124.359,12.628]]],[[[125.084,12.63],[125.082,12.63],[125.082,12.625],[125.083,12.622],[125.085,12.623],[125.088,12.621],[125.089,12.625],[125.088,12.628],[125.084,12.63]]],[[[124.391,12.635],[124.39,12.632],[124.393,12.634],[124.391,12.635]]],[[[124.438,12.639],[124.435,12.638],[124.435,12.636],[124.439,12.637],[124.438,12.639]]],[[[124.395,12.639],[124.392,12.638],[124.392,12.637],[124.395,12.637],[124.395,12.639]]],[[[124.994,12.643],[124.99,12.616],[125.001,12.606],[125.004,12.572],[125.022,12.569],[125.03,12.553],[125.054,12.553],[125.07,12.573],[125.059,12.587],[125.039,12.583],[125.016,12.595],[125.011,12.625],[124.994,12.643]]],[[[124.422,12.644],[124.421,12.642],[124.423,12.64],[124.422,12.644]]],[[[124.427,12.647],[124.418,12.627],[124.432,12.629],[124.427,12.647]]],[[[124.369,12.651],[124.369,12.65],[124.373,12.635],[124.376,12.631],[124.379,12.631],[124.381,12.634],[124.38,12.635],[124.379,12.633],[124.38,12.636],[124.379,12.64],[124.38,12.639],[124.377,12.645],[124.375,12.646],[124.376,12.647],[124.375,12.648],[124.374,12.648],[124.37,12.65],[124.369,12.65],[124.369,12.651]]],[[[124.36,12.662],[124.358,12.662],[124.356,12.656],[124.36,12.652],[124.36,12.645],[124.366,12.643],[124.367,12.646],[124.364,12.652],[124.365,12.653],[124.362,12.66],[124.36,12.662]]],[[[124.999,12.664],[124.988,12.658],[124.99,12.648],[125.011,12.641],[125.007,12.662],[124.999,12.664]]],[[[124.399,12.678],[124.414,12.653],[124.426,12.652],[124.424,12.668],[124.418,12.67],[124.417,12.659],[124.399,12.678]]],[[[125.062,12.686],[125.037,12.682],[125.031,12.672],[125.037,12.665],[125.029,12.65],[125.06,12.637],[125.057,12.626],[125.05,12.628],[125.054,12.623],[125.033,12.62],[125.058,12.604],[125.089,12.603],[125.089,12.619],[125.074,12.621],[125.074,12.663],[125.062,12.686]]],[[[124.381,12.689],[124.377,12.684],[124.384,12.681],[124.387,12.685],[124.385,12.687],[124.383,12.687],[124.381,12.689]]],[[[124.356,12.696],[124.366,12.654],[124.394,12.64],[124.392,12.674],[124.356,12.696]]],[[[124.368,12.698],[124.371,12.694],[124.371,12.692],[124.375,12.691],[124.374,12.688],[124.376,12.688],[124.378,12.691],[124.372,12.692],[124.371,12.696],[124.368,12.698]]]]}},{"type":"Feature","properties":{"slug":"R9","name":"Region IX (Zamboanga Peninsula)","lng":122.86352,"lat":7.85354},"geometry":{"type":"MultiPolygon","coordinates":[[[[121.884,6.691],[121.878,6.69],[121.875,6.691],[121.875,6.687],[121.877,6.685],[121.878,6.687],[121.881,6.687],[121.884,6.691]]],[[[121.98,6.736],[121.979,6.735],[121.98,6.733],[121.982,6.731],[121.983,6.732],[121.984,6.731],[121.984,6.733],[121.983,6.733],[121.984,6.736],[121.982,6.735],[121.98,6.736]]],[[[121.992,6.736],[121.99,6.734],[121.995,6.736],[121.992,6.736]]],[[[122.033,6.741],[122.014,6.746],[121.999,6.739],[121.97,6.705],[121.943,6.692],[121.931,6.666],[121.917,6.675],[121.916,6.638],[121.929,6.619],[121.943,6.615],[121.936,6.565],[122.043,6.565],[122.035,6.616],[122.027,6.616],[122.051,6.676],[122.03,6.692],[122.038,6.713],[122.033,6.741]]],[[[121.98,6.755],[121.946,6.738],[121.941,6.711],[121.95,6.71],[121.943,6.719],[121.972,6.713],[121.976,6.736],[121.991,6.745],[121.98,6.755]]],[[[122.057,6.873],[122.051,6.869],[122.06,6.858],[122.074,6.862],[122.057,6.873]]],[[[122.297,6.876],[122.296,6.876],[122.296,6.875],[122.299,6.873],[122.3,6.875],[122.297,6.876]]],[[[122.039,6.886],[122.036,6.885],[122.041,6.883],[122.05,6.883],[122.039,6.886]]],[[[122.16,6.891],[122.136,6.881],[122.156,6.881],[122.16,6.891]]],[[[122.28,6.894],[122.273,6.882],[122.294,6.871],[122.28,6.894]]],[[[122.166,6.897],[122.163,6.895],[122.167,6.895],[122.169,6.891],[122.166,6.889],[122.167,6.887],[122.169,6.893],[122.166,6.897]]],[[[122.161,6.915],[122.161,6.917],[122.157,6.912],[122.157,6.912],[122.156,6.911],[122.157,6.91],[122.16,6.914],[122.16,6.913],[122.163,6.913],[122.162,6.915],[122.161,6.915]]],[[[122.182,6.919],[122.179,6.915],[122.179,6.913],[122.181,6.915],[122.184,6.915],[122.182,6.919]]],[[[122.327,6.956],[122.324,6.956],[122.324,6.954],[122.328,6.953],[122.328,6.956],[122.327,6.956]]],[[[122.358,6.984],[122.355,6.983],[122.358,6.982],[122.358,6.984]]],[[[122.356,6.989],[122.347,6.978],[122.355,6.977],[122.356,6.989]]],[[[122.272,6.999],[122.242,6.984],[122.241,6.992],[122.229,6.991],[122.223,6.978],[122.214,6.98],[122.21,6.956],[122.199,6.953],[122.199,6.919],[122.208,6.937],[122.243,6.954],[122.241,6.963],[122.273,6.958],[122.286,6.978],[122.272,6.999]]],[[[122.254,7.104],[122.251,7.102],[122.251,7.1],[122.252,7.098],[122.254,7.099],[122.254,7.104]]],[[[122.27,7.119],[122.27,7.117],[122.271,7.119],[122.27,7.119]]],[[[122.273,7.126],[122.271,7.125],[122.275,7.124],[122.275,7.125],[122.273,7.126]]],[[[122.262,7.132],[122.261,7.132],[122.262,7.129],[122.262,7.132]]],[[[122.268,7.135],[122.266,7.132],[122.269,7.128],[122.271,7.13],[122.271,7.132],[122.268,7.135]]],[[[122.257,7.138],[122.254,7.134],[122.256,7.133],[122.257,7.134],[122.257,7.138]]],[[[122.255,7.139],[122.254,7.139],[122.255,7.138],[122.255,7.139]]],[[[122.257,7.14],[122.256,7.138],[122.258,7.137],[122.257,7.14]]],[[[122.266,7.152],[122.261,7.149],[122.262,7.145],[122.264,7.149],[122.266,7.15],[122.266,7.152]]],[[[122.273,7.156],[122.271,7.155],[122.273,7.15],[122.273,7.156]]],[[[122.288,7.172],[122.286,7.17],[122.288,7.17],[122.288,7.172]]],[[[122.275,7.171],[122.267,7.165],[122.276,7.163],[122.275,7.171]]],[[[122.287,7.177],[122.283,7.175],[122.285,7.172],[122.288,7.174],[122.286,7.175],[122.287,7.177]]],[[[122.27,7.181],[122.267,7.179],[122.267,7.177],[122.271,7.179],[122.271,7.18],[122.27,7.181]]],[[[122.843,7.28],[122.839,7.277],[122.844,7.278],[122.843,7.28]]],[[[122.855,7.284],[122.841,7.276],[122.851,7.268],[122.86,7.274],[122.855,7.284]]],[[[122.857,7.289],[122.854,7.287],[122.858,7.287],[122.857,7.289]]],[[[122.317,7.315],[122.311,7.314],[122.308,7.31],[122.31,7.309],[122.31,7.308],[122.314,7.308],[122.319,7.312],[122.317,7.315]]],[[[122.324,7.319],[122.323,7.319],[122.326,7.318],[122.324,7.319]]],[[[122.328,7.32],[122.327,7.319],[122.328,7.319],[122.328,7.32]]],[[[122.919,7.343],[122.917,7.342],[122.918,7.341],[122.919,7.343]]],[[[122.409,7.354],[122.409,7.356],[122.408,7.357],[122.409,7.354]]],[[[122.405,7.359],[122.405,7.363],[122.404,7.36],[122.405,7.359]]],[[[123.329,7.375],[123.328,7.373],[123.329,7.37],[123.331,7.373],[123.329,7.375]]],[[[122.429,7.386],[122.429,7.388],[122.427,7.386],[122.429,7.386]]],[[[122.788,7.391],[122.785,7.388],[122.788,7.385],[122.791,7.387],[122.788,7.391]]],[[[122.404,7.395],[122.402,7.397],[122.4,7.394],[122.402,7.393],[122.402,7.395],[122.404,7.395]]],[[[122.374,7.407],[122.37,7.407],[122.37,7.404],[122.373,7.404],[122.374,7.407]]],[[[122.372,7.411],[122.37,7.412],[122.371,7.408],[122.374,7.41],[122.374,7.411],[122.372,7.411]]],[[[122.928,7.43],[122.929,7.431],[122.928,7.434],[122.927,7.432],[122.928,7.43]]],[[[122.848,7.436],[122.845,7.434],[122.849,7.434],[122.848,7.436]]],[[[122.858,7.436],[122.856,7.437],[122.85,7.434],[122.849,7.431],[122.854,7.43],[122.859,7.434],[122.858,7.436]]],[[[122.898,7.443],[122.888,7.427],[122.891,7.379],[122.875,7.365],[122.878,7.373],[122.861,7.386],[122.86,7.412],[122.848,7.426],[122.825,7.439],[122.803,7.423],[122.788,7.346],[122.799,7.337],[122.811,7.341],[122.801,7.329],[122.805,7.298],[122.831,7.278],[122.839,7.279],[122.83,7.288],[122.848,7.309],[122.897,7.318],[122.917,7.348],[122.95,7.338],[122.953,7.349],[122.925,7.358],[122.925,7.372],[122.976,7.364],[122.956,7.391],[122.933,7.397],[122.947,7.408],[122.93,7.428],[122.907,7.43],[122.898,7.443]]],[[[122.964,7.462],[122.964,7.463],[122.963,7.462],[122.963,7.459],[122.97,7.452],[122.968,7.461],[122.964,7.462]]],[[[122.464,7.487],[122.463,7.489],[122.461,7.487],[122.464,7.487]]],[[[123.136,7.487],[123.135,7.489],[123.133,7.489],[123.134,7.486],[123.136,7.486],[123.136,7.487]]],[[[122.418,7.497],[122.415,7.493],[122.416,7.491],[122.415,7.491],[122.416,7.49],[122.423,7.496],[122.418,7.497]]],[[[123.303,7.519],[123.303,7.518],[123.305,7.519],[123.303,7.519]]],[[[123.221,7.522],[123.217,7.52],[123.22,7.518],[123.224,7.516],[123.223,7.52],[123.221,7.522]]],[[[123.253,7.529],[123.251,7.527],[123.256,7.527],[123.253,7.529]]],[[[122.82,7.52],[122.823,7.524],[122.823,7.526],[122.821,7.529],[122.818,7.529],[122.815,7.525],[122.816,7.522],[122.817,7.52],[122.82,7.52]]],[[[122.095,7.531],[122.094,7.532],[122.093,7.53],[122.094,7.53],[122.095,7.531]]],[[[122.446,7.544],[122.444,7.542],[122.448,7.542],[122.446,7.544]]],[[[122.791,7.555],[122.789,7.556],[122.789,7.552],[122.792,7.552],[122.794,7.554],[122.797,7.552],[122.799,7.554],[122.797,7.556],[122.794,7.554],[122.791,7.555]]],[[[123.367,7.572],[123.366,7.571],[123.368,7.57],[123.367,7.572]]],[[[123.049,7.576],[123.047,7.576],[123.049,7.573],[123.049,7.576]]],[[[123.045,7.586],[123.047,7.583],[123.052,7.581],[123.052,7.583],[123.045,7.586]]],[[[122.445,7.588],[122.443,7.587],[122.446,7.587],[122.445,7.588]]],[[[122.493,7.596],[122.489,7.594],[122.492,7.594],[122.493,7.596]]],[[[123.399,7.61],[123.395,7.609],[123.397,7.605],[123.4,7.607],[123.399,7.61]]],[[[123.187,7.611],[123.187,7.61],[123.188,7.61],[123.187,7.611]]],[[[123.072,7.615],[123.075,7.609],[123.076,7.609],[123.077,7.612],[123.072,7.615]]],[[[123.458,7.616],[123.458,7.611],[123.456,7.611],[123.457,7.61],[123.454,7.608],[123.458,7.605],[123.461,7.604],[123.465,7.61],[123.462,7.614],[123.458,7.616]]],[[[123.178,7.619],[123.178,7.616],[123.179,7.617],[123.178,7.619]]],[[[123.179,7.62],[123.179,7.617],[123.181,7.617],[123.179,7.62]]],[[[123.467,7.619],[123.465,7.621],[123.464,7.619],[123.467,7.619]]],[[[123.461,7.621],[123.46,7.621],[123.46,7.619],[123.462,7.62],[123.461,7.621]]],[[[123.06,7.632],[123.06,7.633],[123.059,7.633],[123.06,7.632]]],[[[123.093,7.648],[123.094,7.649],[123.092,7.65],[123.091,7.648],[123.093,7.648]]],[[[123.089,7.65],[123.09,7.652],[123.088,7.65],[123.089,7.65]]],[[[123.122,7.668],[123.124,7.669],[123.124,7.67],[123.121,7.669],[123.122,7.668]]],[[[123.109,7.682],[123.106,7.68],[123.106,7.674],[123.11,7.676],[123.111,7.68],[123.109,7.682]]],[[[122.542,7.687],[122.54,7.689],[122.54,7.685],[122.546,7.682],[122.546,7.686],[122.542,7.687]]],[[[123.5,8.657],[123.496,8.657],[123.495,8.654],[123.496,8.65],[123.503,8.656],[123.501,8.655],[123.5,8.657]]],[[[123.554,8.617],[123.55,8.625],[123.536,8.618],[123.535,8.632],[123.523,8.625],[123.517,8.631],[123.513,8.621],[123.489,8.642],[123.485,8.657],[123.508,8.683],[123.501,8.701],[123.474,8.681],[123.456,8.691],[123.452,8.684],[123.452,8.698],[123.436,8.716],[123.38,8.727],[123.379,8.705],[123.39,8.701],[123.394,8.684],[123.398,8.701],[123.406,8.695],[123.397,8.676],[123.422,8.663],[123.414,8.636],[123.393,8.625],[123.371,8.644],[123.351,8.635],[123.331,8.563],[123.304,8.522],[123.268,8.512],[123.183,8.533],[123.064,8.515],[123.026,8.484],[123.019,8.443],[123.006,8.426],[122.98,8.413],[122.99,8.35],[122.983,8.328],[122.937,8.307],[122.947,8.279],[122.966,8.261],[122.995,8.251],[122.996,8.214],[122.922,8.152],[122.902,8.143],[122.859,8.147],[122.828,8.125],[122.743,8.111],[122.685,8.121],[122.675,8.156],[122.662,8.162],[122.63,8.114],[122.594,8.099],[122.583,8.083],[122.522,8.076],[122.508,8.065],[122.465,8.073],[122.401,8.048],[122.345,8.039],[122.269,7.998],[122.226,7.96],[122.233,7.927],[122.224,7.905],[122.16,7.859],[122.138,7.818],[122.143,7.808],[122.121,7.801],[122.12,7.777],[122.11,7.775],[122.105,7.789],[122.102,7.779],[122.125,7.756],[122.112,7.748],[122.104,7.762],[122.086,7.737],[122.098,7.725],[122.115,7.726],[122.135,7.666],[122.134,7.64],[122.105,7.597],[122.123,7.581],[122.137,7.59],[122.143,7.574],[122.138,7.562],[122.113,7.551],[122.101,7.524],[122.073,7.521],[122.09,7.497],[122.075,7.489],[122.055,7.448],[122.058,7.401],[122.044,7.385],[122.048,7.369],[122.031,7.356],[122.037,7.326],[122.065,7.313],[122.061,7.29],[122.012,7.279],[122.007,7.261],[121.972,7.247],[121.93,7.2],[121.902,7.147],[121.898,7.079],[121.938,6.965],[122.113,6.888],[122.159,6.916],[122.16,6.929],[122.15,6.929],[122.185,6.952],[122.192,7.003],[122.212,7.034],[122.198,7.04],[122.212,7.046],[122.203,7.049],[122.213,7.057],[122.204,7.068],[122.235,7.083],[122.257,7.111],[122.257,7.128],[122.243,7.131],[122.26,7.16],[122.246,7.188],[122.265,7.195],[122.248,7.206],[122.263,7.204],[122.267,7.229],[122.28,7.231],[122.292,7.325],[122.317,7.336],[122.311,7.319],[122.329,7.33],[122.337,7.323],[122.325,7.307],[122.34,7.314],[122.364,7.335],[122.393,7.39],[122.357,7.402],[122.343,7.397],[122.354,7.414],[122.344,7.425],[122.354,7.469],[122.371,7.474],[122.379,7.49],[122.395,7.489],[122.408,7.506],[122.404,7.489],[122.422,7.503],[122.449,7.534],[122.435,7.537],[122.439,7.546],[122.468,7.538],[122.435,7.499],[122.459,7.507],[122.49,7.546],[122.489,7.566],[122.5,7.566],[122.506,7.579],[122.482,7.569],[122.473,7.575],[122.478,7.58],[122.459,7.567],[122.437,7.569],[122.429,7.581],[122.445,7.593],[122.446,7.609],[122.468,7.615],[122.474,7.632],[122.49,7.631],[122.477,7.641],[122.482,7.654],[122.498,7.661],[122.512,7.694],[122.525,7.693],[122.521,7.704],[122.533,7.705],[122.544,7.734],[122.569,7.748],[122.58,7.741],[122.613,7.765],[122.621,7.76],[122.624,7.777],[122.657,7.787],[122.673,7.778],[122.674,7.766],[122.683,7.771],[122.675,7.774],[122.678,7.785],[122.688,7.778],[122.692,7.789],[122.712,7.777],[122.72,7.784],[122.731,7.765],[122.743,7.763],[122.745,7.75],[122.759,7.761],[122.758,7.754],[122.783,7.753],[122.788,7.762],[122.812,7.746],[122.815,7.738],[122.806,7.739],[122.816,7.721],[122.797,7.725],[122.805,7.714],[122.782,7.678],[122.798,7.637],[122.787,7.615],[122.794,7.605],[122.789,7.591],[122.811,7.582],[122.823,7.56],[122.828,7.522],[122.802,7.525],[122.81,7.534],[122.799,7.546],[122.787,7.539],[122.796,7.527],[122.781,7.505],[122.779,7.475],[122.806,7.491],[122.818,7.48],[122.815,7.434],[122.833,7.447],[122.843,7.436],[122.855,7.457],[122.874,7.464],[122.875,7.486],[122.858,7.499],[122.885,7.509],[122.889,7.54],[122.905,7.545],[122.921,7.538],[122.951,7.479],[122.96,7.474],[122.964,7.487],[122.975,7.487],[122.992,7.458],[122.991,7.47],[123.004,7.48],[122.996,7.5],[123.034,7.569],[123.026,7.627],[123.057,7.626],[123.048,7.639],[123.053,7.654],[123.041,7.645],[123.034,7.658],[123.05,7.666],[123.061,7.661],[123.062,7.681],[123.084,7.677],[123.085,7.695],[123.103,7.703],[123.114,7.736],[123.119,7.72],[123.139,7.712],[123.145,7.699],[123.146,7.688],[123.125,7.67],[123.131,7.655],[123.144,7.658],[123.138,7.645],[123.151,7.649],[123.162,7.638],[123.175,7.645],[123.174,7.625],[123.197,7.591],[123.175,7.574],[123.162,7.582],[123.137,7.576],[123.125,7.603],[123.097,7.603],[123.131,7.58],[123.129,7.566],[123.102,7.557],[123.102,7.538],[123.116,7.528],[123.116,7.514],[123.167,7.495],[123.164,7.473],[123.177,7.466],[123.198,7.485],[123.181,7.505],[123.213,7.522],[123.224,7.54],[123.242,7.53],[123.257,7.537],[123.301,7.532],[123.308,7.519],[123.29,7.509],[123.295,7.494],[123.285,7.467],[123.316,7.45],[123.334,7.413],[123.375,7.4],[123.381,7.376],[123.406,7.358],[123.421,7.362],[123.424,7.374],[123.452,7.372],[123.446,7.402],[123.435,7.41],[123.451,7.435],[123.447,7.443],[123.413,7.467],[123.394,7.458],[123.38,7.491],[123.382,7.535],[123.336,7.552],[123.338,7.57],[123.356,7.58],[123.369,7.572],[123.37,7.579],[123.388,7.556],[123.394,7.573],[123.379,7.597],[123.385,7.606],[123.463,7.63],[123.478,7.668],[123.482,7.729],[123.47,7.744],[123.443,7.746],[123.446,7.764],[123.42,7.768],[123.431,7.782],[123.423,7.815],[123.447,7.823],[123.447,7.815],[123.461,7.812],[123.508,7.836],[123.527,7.835],[123.539,7.85],[123.571,7.852],[123.622,7.829],[123.634,7.869],[123.659,7.877],[123.666,7.889],[123.649,7.892],[123.664,7.922],[123.635,7.933],[123.65,7.96],[123.636,7.977],[123.645,7.977],[123.64,7.989],[123.664,7.998],[123.649,8.02],[123.641,8.004],[123.634,8.034],[123.56,8.026],[123.558,8.295],[123.567,8.315],[123.554,8.617]]],[[[123.227,8.749],[123.224,8.75],[123.219,8.748],[123.218,8.746],[123.218,8.744],[123.221,8.742],[123.226,8.743],[123.228,8.746],[123.227,8.749]]],[[[123.42,8.85],[123.421,8.857],[123.414,8.86],[123.412,8.858],[123.413,8.853],[123.416,8.85],[123.42,8.85]]]]}},{"type":"Feature","properties":{"slug":"R10","name":"Region X (Northern Mindanao)","lng":124.79329,"lat":8.15515},"geometry":{"type":"MultiPolygon","coordinates":[[[[123.575,8.633],[123.572,8.631],[123.567,8.62],[123.569,8.621],[123.572,8.625],[123.575,8.633]]],[[[123.634,8.021],[123.645,8.013],[123.704,8.052],[123.722,8.045],[123.754,8.057],[123.76,8.051],[123.758,8.059],[123.775,8.065],[123.769,8.072],[123.785,8.081],[123.789,8.1],[123.866,8.158],[123.864,8.227],[123.846,8.27],[123.848,8.312],[123.864,8.325],[123.845,8.35],[123.837,8.43],[123.815,8.454],[123.818,8.476],[123.777,8.513],[123.785,8.528],[123.773,8.556],[123.761,8.556],[123.744,8.576],[123.744,8.6],[123.755,8.6],[123.741,8.6],[123.735,8.611],[123.739,8.588],[123.738,8.599],[123.688,8.641],[123.666,8.645],[123.656,8.635],[123.64,8.642],[123.631,8.633],[123.639,8.642],[123.613,8.651],[123.623,8.661],[123.608,8.67],[123.586,8.668],[123.58,8.66],[123.598,8.662],[123.604,8.651],[123.576,8.619],[123.575,8.581],[123.567,8.571],[123.569,8.597],[123.556,8.594],[123.565,8.616],[123.554,8.617],[123.567,8.315],[123.558,8.295],[123.559,8.032],[123.564,8.023],[123.634,8.034],[123.634,8.021]]],[[[124.801,7.522],[124.805,7.512],[124.789,7.484],[124.817,7.499],[124.841,7.475],[124.839,7.456],[124.867,7.434],[124.88,7.436],[124.882,7.418],[124.902,7.415],[124.93,7.436],[124.974,7.401],[124.983,7.408],[125.044,7.404],[125.066,7.434],[125.067,7.451],[125.124,7.454],[125.13,7.463],[125.155,7.466],[125.164,7.509],[125.229,7.492],[125.231,7.501],[125.264,7.507],[125.266,7.565],[125.326,7.565],[125.324,7.602],[125.301,7.637],[125.327,7.63],[125.335,7.636],[125.368,7.621],[125.425,7.623],[125.424,7.684],[125.441,7.739],[125.416,7.819],[125.42,7.91],[125.415,7.938],[125.375,8.015],[125.377,8.038],[125.393,8.043],[125.406,8.076],[125.443,8.094],[125.431,8.119],[125.416,8.122],[125.419,8.131],[125.394,8.17],[125.366,8.186],[125.367,8.215],[125.347,8.232],[125.332,8.297],[125.309,8.312],[125.275,8.355],[125.276,8.412],[125.287,8.422],[125.266,8.438],[125.248,8.478],[125.249,8.557],[125.262,8.588],[125.255,8.58],[125.17,8.584],[125.181,8.592],[125.183,8.614],[125.239,8.66],[125.241,8.841],[125.263,8.842],[125.248,8.888],[125.233,8.892],[125.236,8.909],[125.217,8.919],[125.218,8.935],[125.23,8.937],[125.223,8.943],[125.233,8.951],[125.226,8.95],[125.231,8.971],[125.218,8.982],[125.238,8.988],[125.218,9.03],[125.208,9.094],[125.186,9.076],[125.185,9.028],[125.171,9.01],[125.188,8.927],[125.185,8.896],[125.168,8.876],[125.164,8.846],[125.151,8.851],[125.125,8.836],[125.078,8.828],[125.066,8.858],[125.024,8.901],[125.024,8.919],[124.906,8.982],[124.901,8.994],[124.875,9.006],[124.876,9.017],[124.863,9.006],[124.816,9.004],[124.779,8.976],[124.772,8.955],[124.786,8.917],[124.79,8.825],[124.764,8.759],[124.777,8.718],[124.772,8.712],[124.76,8.718],[124.745,8.705],[124.739,8.673],[124.745,8.645],[124.756,8.649],[124.763,8.642],[124.761,8.609],[124.771,8.594],[124.743,8.559],[124.749,8.554],[124.742,8.554],[124.739,8.534],[124.754,8.512],[124.739,8.491],[124.7,8.472],[124.667,8.484],[124.662,8.507],[124.656,8.501],[124.657,8.509],[124.614,8.521],[124.578,8.519],[124.571,8.542],[124.544,8.541],[124.513,8.573],[124.471,8.591],[124.479,8.617],[124.468,8.625],[124.387,8.594],[124.312,8.536],[124.295,8.472],[124.284,8.463],[124.283,8.397],[124.262,8.377],[124.258,8.34],[124.246,8.33],[124.265,8.279],[124.249,8.264],[124.23,8.218],[124.167,8.186],[124.108,8.187],[124.084,8.196],[124.083,8.189],[124.068,8.187],[124.032,8.199],[123.961,8.171],[123.931,8.153],[123.899,8.114],[123.87,8.103],[123.848,8.112],[123.834,8.085],[123.787,8.058],[123.778,8.032],[123.745,7.994],[123.694,7.979],[123.676,7.951],[123.653,7.952],[123.65,7.96],[123.635,7.933],[123.664,7.922],[123.649,7.892],[123.666,7.889],[123.659,7.877],[123.634,7.869],[123.622,7.847],[123.624,7.83],[123.691,7.813],[123.692,7.798],[123.721,7.791],[123.74,7.762],[123.736,7.733],[123.764,7.731],[123.776,7.714],[123.773,7.705],[123.85,7.698],[123.861,7.725],[123.851,7.735],[123.87,7.738],[123.955,7.724],[124.002,7.743],[123.996,7.785],[124.029,7.822],[123.996,7.839],[123.966,7.88],[124.002,7.913],[123.988,7.935],[124.031,7.953],[124.102,7.964],[124.096,7.987],[124.114,7.986],[124.118,8.003],[124.101,8.003],[124.109,8.03],[124.158,8.033],[124.158,8.02],[124.194,8.021],[124.191,8.029],[124.205,8.032],[124.199,8.047],[124.212,8.049],[124.214,8.071],[124.248,8.07],[124.253,8.056],[124.284,8.053],[124.332,8.074],[124.338,8.102],[124.371,8.121],[124.369,8.157],[124.396,8.153],[124.435,8.128],[124.456,8.133],[124.481,8.163],[124.537,8.09],[124.548,8.065],[124.548,8.024],[124.602,7.912],[124.598,7.903],[124.625,7.888],[124.619,7.869],[124.627,7.868],[124.634,7.843],[124.664,7.835],[124.683,7.796],[124.705,7.78],[124.711,7.754],[124.731,7.745],[124.74,7.73],[124.729,7.721],[124.731,7.703],[124.744,7.698],[124.744,7.684],[124.756,7.682],[124.756,7.654],[124.777,7.646],[124.776,7.636],[124.803,7.628],[124.807,7.597],[124.821,7.59],[124.815,7.572],[124.825,7.572],[124.818,7.565],[124.829,7.547],[124.801,7.522]]],[[[124.825,9.173],[124.822,9.172],[124.825,9.171],[124.825,9.173]]],[[[124.702,9.258],[124.67,9.251],[124.643,9.233],[124.635,9.217],[124.635,9.17],[124.675,9.121],[124.708,9.106],[124.744,9.103],[124.761,9.081],[124.775,9.08],[124.806,9.118],[124.793,9.138],[124.798,9.146],[124.779,9.203],[124.731,9.249],[124.702,9.258]]]]}},{"type":"Feature","properties":{"slug":"R11","name":"Region XI (Davao Region)","lng":125.82989,"lat":7.22145},"geometry":{"type":"MultiPolygon","coordinates":[[[[125.397,5.438],[125.37,5.429],[125.347,5.393],[125.329,5.389],[125.348,5.387],[125.352,5.369],[125.407,5.378],[125.42,5.366],[125.43,5.42],[125.397,5.438]]],[[[125.478,5.496],[125.468,5.48],[125.483,5.468],[125.475,5.463],[125.467,5.476],[125.456,5.468],[125.458,5.456],[125.474,5.455],[125.455,5.45],[125.46,5.436],[125.452,5.436],[125.465,5.429],[125.454,5.426],[125.464,5.423],[125.463,5.397],[125.472,5.389],[125.493,5.421],[125.487,5.428],[125.5,5.468],[125.495,5.485],[125.478,5.496]]],[[[125.489,5.515],[125.487,5.515],[125.489,5.511],[125.491,5.512],[125.489,5.515]]],[[[126.292,6.768],[126.292,6.771],[126.29,6.771],[126.29,6.769],[126.292,6.768]]],[[[126.258,6.796],[126.257,6.795],[126.261,6.79],[126.265,6.785],[126.271,6.78],[126.276,6.779],[126.275,6.784],[126.271,6.788],[126.269,6.793],[126.263,6.796],[126.258,6.796]]],[[[126.275,6.833],[126.273,6.833],[126.274,6.831],[126.275,6.833]]],[[[125.687,6.962],[125.67,6.945],[125.687,6.908],[125.713,6.898],[125.725,6.922],[125.721,6.937],[125.705,6.96],[125.687,6.962]]],[[[125.779,7.179],[125.778,7.177],[125.78,7.172],[125.78,7.168],[125.783,7.161],[125.785,7.16],[125.781,7.17],[125.779,7.179]]],[[[125.773,7.194],[125.773,7.19],[125.775,7.19],[125.773,7.194]]],[[[125.709,7.198],[125.696,7.194],[125.687,7.136],[125.664,7.109],[125.664,7.094],[125.679,7.063],[125.695,7.077],[125.712,7.069],[125.727,7.006],[125.723,6.964],[125.749,6.919],[125.75,6.901],[125.766,6.893],[125.793,6.938],[125.775,7.032],[125.783,7.088],[125.798,7.117],[125.761,7.163],[125.732,7.169],[125.722,7.191],[125.709,7.198]]],[[[125.832,7.286],[125.83,7.285],[125.83,7.278],[125.828,7.275],[125.829,7.271],[125.832,7.269],[125.835,7.279],[125.835,7.283],[125.832,7.286]]],[[[125.842,7.293],[125.839,7.292],[125.84,7.287],[125.844,7.291],[125.842,7.293]]],[[[126.387,7.881],[126.383,7.881],[126.382,7.878],[126.383,7.88],[126.387,7.88],[126.387,7.881]]],[[[125.229,7.492],[125.224,7.47],[125.241,7.414],[125.23,7.412],[125.276,7.374],[125.229,7.356],[125.246,7.295],[125.24,7.279],[125.254,7.275],[125.255,7.259],[125.223,7.211],[125.229,7.176],[125.289,7.115],[125.293,7.036],[125.259,7.029],[125.206,6.915],[125.186,6.891],[125.165,6.881],[125.157,6.857],[125.127,6.858],[125.098,6.84],[125.079,6.84],[125.073,6.809],[125.085,6.794],[125.067,6.781],[125.054,6.79],[125.052,6.767],[125.073,6.761],[125.047,6.668],[125.062,6.662],[125.065,6.613],[125.092,6.567],[125.121,6.548],[125.14,6.52],[125.119,6.501],[125.098,6.498],[125.108,6.436],[125.133,6.431],[125.221,6.466],[125.225,6.452],[125.249,6.435],[125.279,6.454],[125.307,6.455],[125.312,6.478],[125.34,6.494],[125.346,6.524],[125.337,6.537],[125.346,6.541],[125.363,6.535],[125.365,6.523],[125.393,6.503],[125.406,6.481],[125.404,6.418],[125.424,6.37],[125.426,6.32],[125.45,6.322],[125.474,6.296],[125.505,6.23],[125.507,6.15],[125.533,6.107],[125.539,6.071],[125.504,5.996],[125.481,5.908],[125.483,5.838],[125.397,5.68],[125.394,5.649],[125.326,5.597],[125.317,5.569],[125.328,5.569],[125.332,5.555],[125.352,5.568],[125.376,5.559],[125.414,5.573],[125.484,5.696],[125.499,5.703],[125.513,5.749],[125.565,5.801],[125.566,5.814],[125.603,5.861],[125.625,5.873],[125.649,5.918],[125.661,5.921],[125.664,5.947],[125.686,5.972],[125.693,6.017],[125.702,6.024],[125.701,6.073],[125.715,6.103],[125.703,6.127],[125.712,6.171],[125.703,6.213],[125.686,6.251],[125.671,6.26],[125.639,6.361],[125.619,6.387],[125.618,6.41],[125.583,6.439],[125.594,6.501],[125.586,6.49],[125.572,6.496],[125.563,6.505],[125.582,6.515],[125.551,6.535],[125.548,6.527],[125.533,6.531],[125.536,6.522],[125.524,6.517],[125.514,6.546],[125.52,6.555],[125.48,6.575],[125.484,6.599],[125.463,6.594],[125.43,6.633],[125.421,6.622],[125.449,6.593],[125.444,6.578],[125.401,6.605],[125.387,6.604],[125.372,6.724],[125.391,6.756],[125.383,6.767],[125.393,6.793],[125.379,6.806],[125.392,6.803],[125.423,6.839],[125.419,6.849],[125.452,6.87],[125.456,6.896],[125.49,6.921],[125.49,6.985],[125.539,7.041],[125.565,7.046],[125.576,7.025],[125.581,7.041],[125.61,7.046],[125.628,7.084],[125.65,7.096],[125.664,7.127],[125.645,7.216],[125.65,7.244],[125.679,7.253],[125.679,7.269],[125.697,7.294],[125.712,7.29],[125.717,7.305],[125.81,7.366],[125.852,7.361],[125.856,7.342],[125.838,7.255],[125.872,7.21],[125.873,7.183],[125.893,7.166],[125.884,7.126],[125.911,7.091],[125.957,7.067],[125.96,7.061],[125.947,7.057],[125.95,7.047],[125.981,7.031],[125.991,7.014],[125.972,6.953],[125.987,6.914],[126.024,6.875],[126.067,6.861],[126.08,6.847],[126.073,6.824],[126.084,6.821],[126.086,6.805],[126.075,6.762],[126.098,6.737],[126.089,6.731],[126.084,6.698],[126.092,6.682],[126.076,6.672],[126.069,6.652],[126.084,6.6],[126.094,6.599],[126.084,6.531],[126.117,6.455],[126.151,6.419],[126.136,6.388],[126.146,6.376],[126.168,6.371],[126.187,6.339],[126.193,6.269],[126.204,6.287],[126.207,6.323],[126.198,6.389],[126.213,6.425],[126.226,6.435],[126.212,6.509],[126.227,6.525],[126.232,6.551],[126.22,6.635],[126.26,6.753],[126.192,6.839],[126.155,6.906],[126.164,6.907],[126.181,6.877],[126.189,6.88],[126.19,6.894],[126.177,6.899],[126.188,6.919],[126.184,6.934],[126.206,6.954],[126.242,6.937],[126.262,6.912],[126.257,6.927],[126.27,6.928],[126.26,6.926],[126.278,6.884],[126.302,6.862],[126.295,6.846],[126.285,6.844],[126.288,6.822],[126.312,6.803],[126.35,6.803],[126.345,6.858],[126.292,6.901],[126.282,6.929],[126.307,6.94],[126.316,6.977],[126.338,7.006],[126.366,6.992],[126.399,6.992],[126.416,7.004],[126.459,6.995],[126.446,7.017],[126.452,7.057],[126.474,7.065],[126.467,7.086],[126.478,7.092],[126.484,7.114],[126.501,7.113],[126.505,7.124],[126.516,7.125],[126.516,7.143],[126.532,7.147],[126.524,7.167],[126.537,7.186],[126.534,7.206],[126.548,7.211],[126.561,7.202],[126.572,7.224],[126.564,7.234],[126.587,7.254],[126.605,7.289],[126.597,7.296],[126.566,7.288],[126.551,7.313],[126.57,7.333],[126.551,7.352],[126.555,7.374],[126.578,7.395],[126.554,7.402],[126.549,7.429],[126.558,7.447],[126.595,7.449],[126.599,7.505],[126.575,7.562],[126.582,7.569],[126.559,7.578],[126.561,7.605],[126.578,7.61],[126.552,7.637],[126.559,7.673],[126.551,7.695],[126.555,7.712],[126.57,7.719],[126.559,7.714],[126.554,7.726],[126.561,7.73],[126.532,7.74],[126.507,7.736],[126.455,7.787],[126.447,7.809],[126.426,7.81],[126.421,7.826],[126.383,7.83],[126.374,7.851],[126.384,7.867],[126.359,7.885],[126.368,7.919],[126.351,7.933],[126.352,8.002],[126.228,8],[126.195,7.978],[126.192,7.986],[126.16,7.983],[126.149,7.997],[126.069,7.959],[126.039,7.931],[126,7.952],[125.98,7.999],[125.911,8],[125.918,7.965],[125.901,7.931],[125.876,7.936],[125.851,7.967],[125.806,7.97],[125.786,7.949],[125.776,7.952],[125.752,7.983],[125.753,7.998],[125.379,8.003],[125.415,7.938],[125.416,7.819],[125.441,7.742],[125.424,7.684],[125.425,7.623],[125.368,7.621],[125.335,7.636],[125.327,7.63],[125.301,7.637],[125.324,7.602],[125.326,7.565],[125.266,7.565],[125.264,7.507],[125.231,7.501],[125.229,7.492]]]]}},{"type":"Feature","properties":{"slug":"R12","name":"Region XII (SOCCSKSARGEN)","lng":124.81573,"lat":6.598},"geometry":{"type":"MultiPolygon","coordinates":[[[[124.209,7.257],[124.189,7.25],[124.199,7.243],[124.188,7.243],[124.181,7.225],[124.169,7.222],[124.17,7.21],[124.158,7.204],[124.19,7.191],[124.212,7.195],[124.226,7.177],[124.253,7.166],[124.269,7.173],[124.276,7.16],[124.288,7.161],[124.317,7.138],[124.302,7.171],[124.257,7.211],[124.263,7.225],[124.234,7.233],[124.246,7.262],[124.24,7.269],[124.209,7.257]]],[[[124.033,6.741],[124.016,6.715],[124.036,6.678],[124.055,6.603],[124.034,6.572],[124.036,6.553],[124.042,6.559],[124.064,6.545],[124.042,6.529],[124.029,6.538],[124.021,6.531],[124.039,6.487],[124.032,6.475],[124.041,6.453],[124.028,6.457],[124.044,6.435],[124.036,6.424],[124.05,6.412],[124.056,6.378],[124.064,6.381],[124.065,6.394],[124.077,6.39],[124.108,6.319],[124.154,6.273],[124.168,6.273],[124.185,6.211],[124.261,6.153],[124.277,6.159],[124.322,6.115],[124.353,6.119],[124.393,6.092],[124.425,6.087],[124.521,6.022],[124.578,6.015],[124.603,5.986],[124.64,5.985],[124.659,5.966],[124.802,5.908],[124.823,5.89],[124.951,5.856],[124.98,5.862],[125.035,5.851],[125.079,5.863],[125.088,5.874],[125.077,5.896],[125.098,5.912],[125.098,5.949],[125.142,6.02],[125.157,6.066],[125.154,6.091],[125.17,6.106],[125.25,6.096],[125.272,6.084],[125.279,6.065],[125.271,6.056],[125.292,5.982],[125.266,5.938],[125.272,5.919],[125.241,5.91],[125.237,5.895],[125.214,5.887],[125.221,5.861],[125.204,5.826],[125.181,5.838],[125.174,5.799],[125.189,5.787],[125.183,5.774],[125.217,5.768],[125.227,5.729],[125.246,5.711],[125.273,5.71],[125.286,5.694],[125.309,5.632],[125.294,5.583],[125.323,5.572],[125.332,5.607],[125.394,5.649],[125.397,5.68],[125.483,5.838],[125.481,5.908],[125.504,5.996],[125.539,6.071],[125.533,6.107],[125.507,6.15],[125.505,6.23],[125.474,6.296],[125.45,6.322],[125.426,6.32],[125.424,6.37],[125.404,6.418],[125.406,6.481],[125.393,6.503],[125.365,6.523],[125.363,6.535],[125.337,6.537],[125.346,6.524],[125.34,6.494],[125.312,6.478],[125.307,6.455],[125.279,6.454],[125.249,6.435],[125.225,6.452],[125.221,6.466],[125.133,6.431],[125.108,6.436],[125.098,6.498],[125.119,6.501],[125.14,6.52],[125.121,6.548],[125.092,6.567],[125.065,6.613],[125.062,6.662],[125.047,6.668],[125.073,6.761],[125.052,6.767],[125.054,6.79],[125.067,6.781],[125.085,6.794],[125.073,6.809],[125.079,6.84],[125.098,6.84],[125.127,6.858],[125.157,6.857],[125.165,6.881],[125.186,6.891],[125.206,6.915],[125.259,7.029],[125.293,7.036],[125.289,7.115],[125.229,7.176],[125.223,7.211],[125.255,7.259],[125.254,7.275],[125.24,7.279],[125.246,7.295],[125.229,7.356],[125.276,7.374],[125.23,7.412],[125.241,7.414],[125.224,7.47],[125.229,7.492],[125.164,7.509],[125.155,7.466],[125.13,7.463],[125.124,7.454],[125.067,7.451],[125.066,7.434],[125.044,7.404],[124.983,7.408],[124.974,7.401],[124.93,7.436],[124.894,7.415],[124.882,7.418],[124.88,7.436],[124.867,7.434],[124.839,7.456],[124.841,7.475],[124.817,7.499],[124.789,7.484],[124.805,7.512],[124.797,7.532],[124.791,7.543],[124.771,7.547],[124.772,7.561],[124.761,7.562],[124.742,7.591],[124.692,7.59],[124.59,7.609],[124.528,7.638],[124.491,7.505],[124.485,7.439],[124.463,7.438],[124.403,7.354],[124.396,7.355],[124.366,7.236],[124.34,7.169],[124.377,7.17],[124.395,7.224],[124.417,7.221],[124.418,7.23],[124.436,7.227],[124.444,7.236],[124.45,7.207],[124.49,7.207],[124.465,7.172],[124.461,7.133],[124.432,7.09],[124.458,7.079],[124.459,7.056],[124.501,7.03],[124.523,7.03],[124.537,7.039],[124.531,7.032],[124.545,7.019],[124.558,7.022],[124.557,7.008],[124.586,6.97],[124.627,6.975],[124.648,6.956],[124.657,6.961],[124.665,6.948],[124.677,6.947],[124.689,6.954],[124.685,6.974],[124.708,6.981],[124.703,6.991],[124.722,6.999],[124.706,7.007],[124.718,7.018],[124.701,7.039],[124.703,7.051],[124.689,7.056],[124.689,7.072],[124.701,7.068],[124.712,7.079],[124.71,7.101],[124.723,7.087],[124.733,7.097],[124.727,7.108],[124.737,7.11],[124.725,7.122],[124.73,7.133],[124.694,7.146],[124.696,7.184],[124.72,7.182],[124.759,7.151],[124.772,7.157],[124.796,7.136],[124.795,7.123],[124.782,7.132],[124.786,7.101],[124.772,7.076],[124.825,7.063],[124.824,6.949],[124.803,6.949],[124.804,6.912],[124.804,6.882],[124.828,6.861],[124.805,6.842],[124.804,6.817],[124.824,6.816],[124.822,6.794],[124.83,6.792],[124.871,6.798],[124.889,6.796],[124.891,6.787],[124.942,6.791],[124.953,6.785],[124.946,6.756],[124.959,6.737],[124.97,6.74],[124.984,6.727],[125.008,6.734],[125.007,6.712],[124.969,6.71],[124.887,6.678],[124.902,6.656],[124.868,6.643],[124.865,6.61],[124.833,6.601],[124.82,6.613],[124.81,6.612],[124.81,6.605],[124.798,6.613],[124.786,6.603],[124.779,6.627],[124.785,6.639],[124.775,6.643],[124.787,6.649],[124.761,6.665],[124.795,6.684],[124.77,6.727],[124.743,6.748],[124.717,6.811],[124.694,6.793],[124.67,6.865],[124.634,6.888],[124.598,6.865],[124.603,6.851],[124.58,6.85],[124.579,6.816],[124.586,6.81],[124.578,6.782],[124.509,6.773],[124.516,6.728],[124.414,6.728],[124.279,6.696],[124.276,6.736],[124.284,6.754],[124.248,6.757],[124.228,6.734],[124.21,6.743],[124.148,6.747],[124.033,6.741]]]]}},{"type":"Feature","properties":{"slug":"R13","name":"Region XIII (Caraga)","lng":125.79299,"lat":8.70336},"geometry":{"type":"MultiPolygon","coordinates":[[[[126.342,8.877],[126.342,8.88],[126.34,8.88],[126.34,8.878],[126.342,8.877]]],[[[126.194,9.233],[126.191,9.234],[126.191,9.233],[126.192,9.23],[126.195,9.229],[126.197,9.232],[126.194,9.233]]],[[[125.998,9.38],[125.994,9.378],[125.995,9.373],[126,9.373],[125.998,9.377],[126,9.38],[125.998,9.38]]],[[[126.057,9.398],[126.052,9.393],[126.047,9.392],[126.044,9.387],[126.051,9.388],[126.052,9.391],[126.054,9.39],[126.054,9.393],[126.056,9.395],[126.057,9.398]]],[[[125.925,9.417],[125.916,9.414],[125.921,9.405],[125.93,9.412],[125.936,9.409],[125.928,9.401],[125.94,9.405],[125.936,9.416],[125.925,9.417]]],[[[125.915,9.419],[125.911,9.418],[125.912,9.416],[125.91,9.414],[125.908,9.411],[125.915,9.415],[125.915,9.419]]],[[[126.013,9.43],[125.992,9.411],[126.004,9.414],[126.014,9.402],[126.012,9.414],[126.025,9.412],[126.013,9.43]]],[[[125.898,9.534],[125.898,9.536],[125.897,9.535],[125.898,9.534]]],[[[125.869,9.541],[125.867,9.54],[125.87,9.539],[125.871,9.54],[125.869,9.541]]],[[[125.843,9.546],[125.841,9.545],[125.844,9.544],[125.844,9.543],[125.845,9.542],[125.847,9.544],[125.843,9.546]]],[[[125.839,9.556],[125.835,9.554],[125.839,9.554],[125.839,9.556]]],[[[125.932,9.568],[125.933,9.569],[125.929,9.567],[125.932,9.568]]],[[[125.785,9.573],[125.784,9.571],[125.785,9.571],[125.785,9.573]]],[[[125.936,9.574],[125.935,9.573],[125.934,9.571],[125.936,9.571],[125.936,9.574]]],[[[125.925,9.579],[125.923,9.578],[125.923,9.574],[125.926,9.575],[125.925,9.579]]],[[[125.757,9.584],[125.756,9.577],[125.767,9.577],[125.757,9.584]]],[[[125.904,9.597],[125.905,9.599],[125.903,9.597],[125.905,9.595],[125.906,9.596],[125.904,9.597]]],[[[126.178,9.606],[126.178,9.603],[126.18,9.603],[126.178,9.606]]],[[[125.718,9.607],[125.715,9.606],[125.714,9.601],[125.719,9.604],[125.718,9.605],[125.718,9.607]]],[[[126.146,9.614],[126.135,9.61],[126.129,9.603],[126.134,9.603],[126.138,9.607],[126.145,9.612],[126.146,9.612],[126.146,9.614]]],[[[126.176,9.616],[126.171,9.608],[126.183,9.611],[126.176,9.616]]],[[[126.18,9.64],[126.175,9.639],[126.175,9.636],[126.173,9.63],[126.173,9.623],[126.176,9.619],[126.18,9.624],[126.181,9.64],[126.18,9.64]]],[[[125.715,9.654],[125.713,9.655],[125.713,9.652],[125.715,9.652],[125.715,9.654]]],[[[125.708,9.666],[125.708,9.668],[125.707,9.668],[125.707,9.664],[125.708,9.666]]],[[[125.673,9.68],[125.67,9.679],[125.672,9.674],[125.673,9.674],[125.674,9.677],[125.675,9.68],[125.673,9.68]]],[[[125.616,9.687],[125.615,9.686],[125.617,9.686],[125.616,9.687]]],[[[125.995,9.688],[125.995,9.686],[125.997,9.686],[125.995,9.688]]],[[[125.617,9.688],[125.616,9.687],[125.618,9.687],[125.617,9.688]]],[[[126.019,9.688],[126.019,9.686],[126.02,9.685],[126.02,9.687],[126.019,9.688]]],[[[125.626,9.69],[125.628,9.692],[125.625,9.692],[125.625,9.691],[125.626,9.69]]],[[[125.608,9.694],[125.606,9.683],[125.614,9.691],[125.608,9.694]]],[[[126.074,9.697],[126.073,9.696],[126.074,9.694],[126.08,9.691],[126.081,9.69],[126.083,9.691],[126.086,9.689],[126.087,9.692],[126.091,9.692],[126.09,9.695],[126.074,9.697]]],[[[126.038,9.7],[126.037,9.7],[126.038,9.698],[126.04,9.699],[126.038,9.7]]],[[[125.613,9.705],[125.611,9.704],[125.612,9.702],[125.61,9.702],[125.608,9.699],[125.615,9.698],[125.617,9.7],[125.613,9.704],[125.613,9.705]]],[[[125.663,9.71],[125.67,9.697],[125.664,9.691],[125.673,9.7],[125.663,9.71]]],[[[125.628,9.728],[125.617,9.705],[125.636,9.712],[125.644,9.669],[125.658,9.664],[125.661,9.699],[125.65,9.711],[125.664,9.722],[125.649,9.727],[125.639,9.719],[125.628,9.728]]],[[[125.983,9.737],[125.981,9.719],[125.972,9.724],[125.966,9.714],[125.974,9.689],[125.983,9.687],[125.981,9.699],[125.996,9.691],[126.009,9.703],[125.998,9.714],[126.004,9.721],[125.994,9.723],[126.001,9.727],[125.983,9.737]]],[[[126.028,9.737],[126.026,9.727],[126.017,9.726],[126.023,9.717],[126.011,9.716],[126.006,9.683],[126.022,9.69],[126.028,9.704],[126.022,9.708],[126.033,9.714],[126.042,9.704],[126.071,9.71],[126.064,9.716],[126.071,9.729],[126.045,9.733],[126.037,9.724],[126.028,9.737]]],[[[126.043,9.74],[126.041,9.739],[126.042,9.737],[126.04,9.737],[126.047,9.734],[126.048,9.738],[126.043,9.74]]],[[[125.644,9.741],[125.638,9.739],[125.637,9.737],[125.64,9.736],[125.639,9.733],[125.642,9.733],[125.643,9.737],[125.648,9.738],[125.648,9.74],[125.644,9.741]]],[[[126.172,9.746],[126.153,9.739],[126.165,9.737],[126.172,9.746]]],[[[126.042,9.751],[126.039,9.751],[126.035,9.744],[126.039,9.744],[126.039,9.742],[126.043,9.744],[126.045,9.749],[126.042,9.751]]],[[[125.695,9.753],[125.679,9.74],[125.69,9.746],[125.69,9.737],[125.701,9.735],[125.695,9.753]]],[[[125.674,9.757],[125.672,9.756],[125.676,9.751],[125.677,9.754],[125.674,9.757]]],[[[125.934,9.76],[125.914,9.756],[125.911,9.74],[125.921,9.727],[125.906,9.72],[125.91,9.707],[125.925,9.704],[125.916,9.696],[125.927,9.654],[125.907,9.653],[125.908,9.621],[125.901,9.632],[125.896,9.628],[125.907,9.623],[125.89,9.622],[125.888,9.612],[125.91,9.615],[125.917,9.598],[125.906,9.598],[125.912,9.583],[125.937,9.579],[125.94,9.567],[125.932,9.562],[125.941,9.56],[125.963,9.568],[125.971,9.585],[125.967,9.623],[125.986,9.641],[125.99,9.665],[125.986,9.683],[125.96,9.688],[125.959,9.722],[125.962,9.733],[125.963,9.725],[125.971,9.728],[125.965,9.743],[125.96,9.734],[125.952,9.74],[125.939,9.732],[125.947,9.745],[125.936,9.747],[125.947,9.755],[125.934,9.76]]],[[[125.621,9.761],[125.619,9.761],[125.619,9.759],[125.622,9.76],[125.621,9.761]]],[[[125.576,9.763],[125.575,9.762],[125.577,9.76],[125.576,9.763]]],[[[125.612,9.766],[125.595,9.756],[125.616,9.753],[125.612,9.766]]],[[[125.636,9.769],[125.627,9.765],[125.625,9.74],[125.641,9.755],[125.636,9.769]]],[[[125.581,9.77],[125.58,9.768],[125.581,9.767],[125.582,9.769],[125.581,9.77]]],[[[125.541,9.77],[125.539,9.77],[125.54,9.769],[125.541,9.77]]],[[[125.633,9.771],[125.632,9.77],[125.633,9.769],[125.633,9.771]]],[[[125.539,9.772],[125.537,9.771],[125.538,9.77],[125.539,9.772]]],[[[125.522,9.771],[125.523,9.774],[125.519,9.772],[125.522,9.771]]],[[[125.631,9.776],[125.624,9.774],[125.624,9.77],[125.626,9.771],[125.627,9.77],[125.627,9.772],[125.628,9.77],[125.631,9.77],[125.631,9.776]]],[[[125.543,9.778],[125.54,9.772],[125.561,9.768],[125.56,9.777],[125.543,9.778]]],[[[125.535,9.78],[125.532,9.778],[125.532,9.774],[125.534,9.774],[125.537,9.772],[125.538,9.773],[125.538,9.777],[125.539,9.778],[125.535,9.78]]],[[[125.54,9.78],[125.539,9.778],[125.541,9.777],[125.542,9.778],[125.54,9.78]]],[[[125.553,9.788],[125.542,9.78],[125.559,9.779],[125.553,9.788]]],[[[125.546,9.789],[125.545,9.789],[125.546,9.787],[125.547,9.789],[125.546,9.789]]],[[[125.654,9.797],[125.653,9.795],[125.649,9.794],[125.65,9.793],[125.655,9.792],[125.654,9.797]]],[[[125.638,9.799],[125.629,9.785],[125.637,9.787],[125.632,9.776],[125.642,9.775],[125.634,9.77],[125.652,9.772],[125.653,9.755],[125.665,9.753],[125.668,9.767],[125.638,9.799]]],[[[125.586,9.802],[125.585,9.801],[125.588,9.8],[125.584,9.8],[125.582,9.799],[125.584,9.795],[125.59,9.798],[125.586,9.802]]],[[[125.716,9.813],[125.71,9.792],[125.698,9.797],[125.697,9.787],[125.701,9.764],[125.717,9.765],[125.726,9.753],[125.723,9.764],[125.741,9.781],[125.717,9.788],[125.716,9.813]]],[[[125.379,8.003],[125.753,7.998],[125.752,7.983],[125.776,7.952],[125.786,7.949],[125.806,7.97],[125.851,7.967],[125.876,7.936],[125.901,7.931],[125.918,7.965],[125.911,8],[125.98,7.999],[126,7.952],[126.039,7.931],[126.069,7.959],[126.149,7.997],[126.16,7.983],[126.192,7.986],[126.195,7.978],[126.228,8],[126.352,8.002],[126.351,7.933],[126.368,7.919],[126.386,7.954],[126.407,7.954],[126.423,7.979],[126.449,7.989],[126.43,7.994],[126.416,7.983],[126.421,7.995],[126.409,7.995],[126.406,8.01],[126.422,8.016],[126.413,8.032],[126.422,8.05],[126.412,8.052],[126.422,8.055],[126.434,8.089],[126.453,8.098],[126.434,8.1],[126.426,8.111],[126.44,8.126],[126.433,8.156],[126.447,8.177],[126.442,8.212],[126.451,8.222],[126.446,8.228],[126.459,8.231],[126.456,8.245],[126.438,8.246],[126.393,8.205],[126.356,8.195],[126.344,8.183],[126.317,8.223],[126.308,8.218],[126.383,8.292],[126.375,8.308],[126.33,8.314],[126.326,8.331],[126.338,8.334],[126.318,8.353],[126.338,8.37],[126.346,8.363],[126.345,8.372],[126.355,8.368],[126.357,8.387],[126.38,8.409],[126.374,8.432],[126.348,8.428],[126.363,8.463],[126.355,8.47],[126.397,8.468],[126.384,8.483],[126.398,8.493],[126.388,8.512],[126.351,8.52],[126.361,8.545],[126.341,8.543],[126.337,8.53],[126.313,8.539],[126.288,8.529],[126.262,8.551],[126.207,8.558],[126.188,8.546],[126.226,8.533],[126.219,8.523],[126.164,8.541],[126.164,8.531],[126.143,8.529],[126.123,8.543],[126.112,8.567],[126.125,8.583],[126.082,8.612],[126.097,8.624],[126.097,8.646],[126.128,8.654],[126.139,8.665],[126.136,8.671],[126.172,8.681],[126.188,8.699],[126.213,8.691],[126.245,8.695],[126.212,8.711],[126.213,8.734],[126.238,8.74],[126.239,8.763],[126.254,8.773],[126.256,8.767],[126.289,8.772],[126.302,8.782],[126.301,8.806],[126.327,8.825],[126.315,8.838],[126.335,8.841],[126.324,8.87],[126.307,8.881],[126.325,8.897],[126.325,8.919],[126.312,8.916],[126.311,8.926],[126.298,8.92],[126.291,8.927],[126.311,8.936],[126.307,8.956],[126.289,8.976],[126.271,8.97],[126.275,8.983],[126.242,9.015],[126.236,9.008],[126.224,9.018],[126.235,9.014],[126.236,9.023],[126.211,9.051],[126.198,9.09],[126.194,9.078],[126.181,9.079],[126.158,9.105],[126.179,9.161],[126.175,9.202],[126.185,9.219],[126.181,9.245],[126.197,9.27],[126.191,9.288],[126.207,9.307],[126.17,9.309],[126.119,9.257],[126.057,9.233],[126.048,9.239],[126.026,9.258],[125.984,9.322],[125.986,9.342],[125.972,9.365],[125.988,9.379],[125.988,9.404],[125.972,9.394],[125.971,9.378],[125.942,9.371],[125.932,9.377],[125.932,9.395],[125.918,9.388],[125.916,9.399],[125.894,9.414],[125.895,9.429],[125.923,9.437],[125.923,9.444],[125.93,9.437],[125.94,9.445],[125.954,9.441],[125.959,9.451],[125.95,9.457],[125.962,9.48],[125.949,9.484],[125.946,9.466],[125.939,9.474],[125.943,9.446],[125.927,9.474],[125.917,9.475],[125.917,9.496],[125.908,9.502],[125.908,9.49],[125.875,9.499],[125.878,9.514],[125.86,9.535],[125.79,9.558],[125.766,9.553],[125.74,9.566],[125.74,9.592],[125.733,9.582],[125.71,9.597],[125.64,9.61],[125.608,9.634],[125.597,9.661],[125.606,9.677],[125.59,9.695],[125.61,9.71],[125.605,9.731],[125.615,9.735],[125.619,9.751],[125.593,9.752],[125.591,9.731],[125.573,9.746],[125.574,9.733],[125.566,9.743],[125.573,9.762],[125.558,9.751],[125.557,9.764],[125.534,9.773],[125.506,9.766],[125.496,9.793],[125.459,9.801],[125.441,9.825],[125.439,9.792],[125.401,9.767],[125.391,9.656],[125.437,9.483],[125.448,9.474],[125.461,9.384],[125.503,9.302],[125.505,9.245],[125.531,9.194],[125.52,9.142],[125.537,9.079],[125.512,9.028],[125.524,9.011],[125.502,9.013],[125.43,8.976],[125.343,8.991],[125.332,8.969],[125.326,8.974],[125.331,8.991],[125.281,8.991],[125.237,9.031],[125.218,9.09],[125.208,9.094],[125.218,9.03],[125.238,8.988],[125.218,8.982],[125.231,8.971],[125.226,8.95],[125.233,8.951],[125.223,8.943],[125.23,8.937],[125.218,8.935],[125.217,8.919],[125.236,8.909],[125.233,8.892],[125.248,8.888],[125.263,8.842],[125.241,8.841],[125.239,8.66],[125.183,8.614],[125.181,8.592],[125.17,8.584],[125.255,8.58],[125.262,8.588],[125.249,8.557],[125.248,8.478],[125.266,8.438],[125.287,8.422],[125.276,8.412],[125.275,8.355],[125.309,8.312],[125.332,8.297],[125.347,8.232],[125.367,8.215],[125.366,8.186],[125.394,8.17],[125.419,8.131],[125.416,8.122],[125.431,8.119],[125.443,8.097],[125.436,8.085],[125.406,8.076],[125.393,8.043],[125.38,8.043],[125.379,8.003]]],[[[125.97,9.857],[125.968,9.855],[125.965,9.854],[125.964,9.852],[125.968,9.852],[125.973,9.855],[125.97,9.857]]],[[[125.965,9.858],[125.963,9.856],[125.964,9.855],[125.965,9.858]]],[[[125.966,9.859],[125.966,9.857],[125.967,9.858],[125.966,9.859]]],[[[125.967,9.862],[125.967,9.859],[125.969,9.857],[125.971,9.861],[125.967,9.862]]],[[[125.973,9.863],[125.971,9.863],[125.972,9.862],[125.974,9.863],[125.973,9.863]]],[[[125.969,9.866],[125.967,9.862],[125.969,9.861],[125.97,9.863],[125.969,9.866]]],[[[125.961,9.889],[125.96,9.889],[125.96,9.887],[125.962,9.888],[125.961,9.889]]],[[[125.95,9.893],[125.924,9.868],[125.949,9.85],[125.968,9.866],[125.95,9.893]]],[[[125.905,9.901],[125.905,9.9],[125.904,9.9],[125.905,9.895],[125.907,9.898],[125.905,9.901]]],[[[125.925,9.907],[125.924,9.906],[125.926,9.906],[125.925,9.907]]],[[[125.611,9.912],[125.585,9.898],[125.571,9.909],[125.56,9.895],[125.565,9.881],[125.584,9.895],[125.574,9.876],[125.577,9.853],[125.596,9.891],[125.612,9.89],[125.611,9.912]]],[[[125.97,9.915],[125.968,9.911],[125.968,9.909],[125.974,9.913],[125.97,9.915]]],[[[125.642,9.916],[125.622,9.909],[125.615,9.882],[125.6,9.879],[125.595,9.853],[125.578,9.839],[125.581,9.82],[125.59,9.835],[125.597,9.833],[125.601,9.822],[125.585,9.816],[125.594,9.813],[125.592,9.805],[125.622,9.827],[125.659,9.828],[125.688,9.849],[125.679,9.857],[125.659,9.849],[125.654,9.865],[125.644,9.862],[125.642,9.916]]],[[[125.443,9.917],[125.442,9.917],[125.442,9.912],[125.448,9.911],[125.451,9.908],[125.448,9.911],[125.448,9.915],[125.443,9.917]]],[[[125.899,9.919],[125.893,9.893],[125.911,9.908],[125.899,9.919]]],[[[125.515,9.921],[125.511,9.886],[125.537,9.862],[125.553,9.862],[125.519,9.899],[125.515,9.921]]],[[[125.894,9.923],[125.892,9.923],[125.895,9.92],[125.896,9.922],[125.894,9.923]]],[[[125.641,9.927],[125.639,9.925],[125.639,9.922],[125.643,9.919],[125.645,9.922],[125.644,9.925],[125.641,9.927]]],[[[125.812,9.928],[125.81,9.93],[125.809,9.928],[125.806,9.92],[125.809,9.92],[125.812,9.922],[125.812,9.928]]],[[[125.956,9.93],[125.954,9.929],[125.955,9.928],[125.956,9.93]]],[[[125.497,9.929],[125.495,9.929],[125.492,9.924],[125.496,9.921],[125.501,9.926],[125.497,9.929]]],[[[125.938,9.93],[125.936,9.927],[125.932,9.927],[125.932,9.919],[125.934,9.917],[125.935,9.917],[125.937,9.914],[125.937,9.917],[125.935,9.919],[125.935,9.921],[125.939,9.92],[125.938,9.923],[125.936,9.923],[125.935,9.924],[125.935,9.926],[125.941,9.927],[125.94,9.928],[125.938,9.927],[125.939,9.929],[125.938,9.93]]],[[[125.681,9.934],[125.677,9.931],[125.681,9.93],[125.682,9.932],[125.681,9.934]]],[[[125.631,9.938],[125.625,9.934],[125.635,9.928],[125.631,9.938]]],[[[125.965,9.938],[125.964,9.938],[125.964,9.937],[125.965,9.938]]],[[[125.689,9.94],[125.687,9.936],[125.689,9.936],[125.689,9.94]]],[[[125.553,9.947],[125.551,9.947],[125.552,9.945],[125.553,9.945],[125.554,9.944],[125.553,9.947]]],[[[125.99,9.949],[125.987,9.943],[125.991,9.948],[125.99,9.949]]],[[[125.543,9.95],[125.542,9.949],[125.543,9.946],[125.546,9.944],[125.548,9.947],[125.55,9.947],[125.549,9.949],[125.545,9.948],[125.543,9.95]]],[[[125.958,9.95],[125.957,9.952],[125.954,9.949],[125.958,9.948],[125.958,9.95]]],[[[125.969,9.964],[125.975,9.94],[125.953,9.934],[125.959,9.927],[125.946,9.926],[125.928,9.908],[125.937,9.903],[125.925,9.903],[125.915,9.884],[125.907,9.891],[125.914,9.875],[125.927,9.882],[125.928,9.897],[125.932,9.885],[125.943,9.888],[125.973,9.918],[125.982,9.943],[125.969,9.964]]],[[[125.524,9.982],[125.518,9.982],[125.521,9.972],[125.524,9.982]]],[[[125.536,9.991],[125.557,9.961],[125.56,9.971],[125.536,9.991]]],[[[125.497,10.018],[125.503,9.981],[125.511,9.998],[125.497,10.018]]],[[[125.514,10.03],[125.513,10.004],[125.538,10.009],[125.514,10.03]]],[[[125.583,10.061],[125.578,10.06],[125.58,10.056],[125.583,10.056],[125.58,10.057],[125.581,10.06],[125.585,10.059],[125.585,10.06],[125.583,10.061]]],[[[126.071,10.056],[126.058,10.06],[126.033,10.035],[126.03,10.008],[126.038,10.003],[125.996,9.941],[125.973,9.923],[125.976,9.904],[125.959,9.881],[125.976,9.856],[125.959,9.855],[125.949,9.835],[125.975,9.826],[125.973,9.811],[125.99,9.801],[126.015,9.757],[126.032,9.745],[126.035,9.757],[126.022,9.761],[126.027,9.768],[126.05,9.755],[126.113,9.748],[126.114,9.759],[126.126,9.757],[126.132,9.771],[126.158,9.779],[126.169,9.81],[126.147,9.806],[126.152,9.814],[126.142,9.826],[126.142,9.845],[126.122,9.837],[126.115,9.85],[126.091,9.849],[126.097,9.864],[126.115,9.867],[126.121,9.879],[126.111,9.895],[126.114,9.924],[126.101,9.939],[126.083,10.011],[126.07,10.024],[126.071,10.056]]],[[[125.581,10.076],[125.581,10.074],[125.583,10.073],[125.583,10.075],[125.581,10.076]]],[[[125.472,10.082],[125.471,10.081],[125.471,10.079],[125.474,10.079],[125.472,10.082]]],[[[125.505,10.084],[125.501,10.084],[125.501,10.082],[125.504,10.082],[125.505,10.084]]],[[[125.478,10.091],[125.477,10.089],[125.477,10.082],[125.479,10.078],[125.481,10.079],[125.481,10.082],[125.483,10.084],[125.482,10.085],[125.484,10.086],[125.479,10.088],[125.478,10.091]]],[[[125.485,10.094],[125.483,10.093],[125.486,10.091],[125.485,10.094]]],[[[125.477,10.106],[125.475,10.106],[125.476,10.102],[125.48,10.101],[125.479,10.098],[125.482,10.097],[125.482,10.096],[125.485,10.095],[125.483,10.1],[125.48,10.098],[125.483,10.101],[125.477,10.106]]],[[[125.482,10.146],[125.479,10.144],[125.483,10.141],[125.482,10.146]]],[[[125.483,10.153],[125.483,10.155],[125.482,10.153],[125.481,10.154],[125.482,10.153],[125.48,10.152],[125.481,10.147],[125.483,10.146],[125.483,10.149],[125.488,10.153],[125.483,10.153]]],[[[125.492,10.172],[125.491,10.174],[125.49,10.171],[125.493,10.168],[125.493,10.171],[125.491,10.171],[125.492,10.172]]],[[[125.463,10.175],[125.46,10.169],[125.462,10.167],[125.463,10.167],[125.467,10.172],[125.463,10.175]]],[[[125.502,10.182],[125.501,10.181],[125.504,10.182],[125.502,10.182]]],[[[125.59,10.382],[125.588,10.379],[125.588,10.375],[125.593,10.37],[125.592,10.374],[125.595,10.378],[125.594,10.382],[125.59,10.382]]],[[[125.473,10.441],[125.471,10.44],[125.468,10.434],[125.465,10.432],[125.466,10.429],[125.472,10.429],[125.473,10.432],[125.472,10.43],[125.469,10.43],[125.473,10.436],[125.473,10.441]]],[[[125.473,10.461],[125.463,10.457],[125.477,10.427],[125.498,10.423],[125.493,10.433],[125.502,10.446],[125.473,10.461]]],[[[125.642,10.472],[125.621,10.459],[125.612,10.442],[125.597,10.366],[125.581,10.359],[125.551,10.385],[125.546,10.363],[125.556,10.353],[125.559,10.32],[125.514,10.321],[125.518,10.285],[125.535,10.289],[125.537,10.281],[125.521,10.277],[125.527,10.272],[125.518,10.271],[125.522,10.246],[125.512,10.242],[125.543,10.203],[125.526,10.191],[125.519,10.206],[125.498,10.209],[125.505,10.194],[125.526,10.184],[125.518,10.177],[125.505,10.186],[125.507,10.172],[125.496,10.182],[125.5,10.156],[125.488,10.143],[125.502,10.134],[125.485,10.133],[125.487,10.123],[125.493,10.127],[125.489,10.117],[125.481,10.119],[125.478,10.14],[125.473,10.135],[125.481,10.104],[125.49,10.095],[125.495,10.104],[125.498,10.083],[125.506,10.085],[125.497,10.079],[125.508,10.063],[125.528,10.062],[125.548,10.085],[125.577,10.065],[125.576,10.078],[125.565,10.081],[125.57,10.09],[125.59,10.077],[125.59,10.062],[125.6,10.059],[125.591,10.052],[125.604,10.044],[125.601,10.036],[125.584,10.051],[125.576,10.044],[125.589,10.028],[125.574,10.029],[125.569,10.018],[125.581,9.999],[125.56,9.991],[125.577,9.976],[125.581,9.987],[125.606,9.994],[125.608,9.983],[125.591,9.978],[125.617,9.96],[125.612,9.953],[125.591,9.963],[125.591,9.955],[125.645,9.936],[125.649,9.896],[125.641,9.888],[125.667,9.852],[125.678,9.868],[125.701,9.865],[125.707,9.891],[125.694,9.915],[125.673,9.917],[125.676,9.936],[125.657,9.948],[125.679,9.962],[125.671,9.993],[125.698,10.06],[125.684,10.097],[125.661,10.121],[125.658,10.149],[125.676,10.154],[125.676,10.168],[125.654,10.165],[125.644,10.185],[125.663,10.203],[125.644,10.243],[125.655,10.262],[125.647,10.307],[125.682,10.392],[125.642,10.472]]]]}},{"type":"Feature","properties":{"slug":"BARMM","name":"Bangsamoro Autonomous Region in Muslim Mindanao","lng":124.36475,"lat":7.37807},"geometry":{"type":"MultiPolygon","coordinates":[[[[119.469,4.594],[119.468,4.594],[119.468,4.591],[119.466,4.587],[119.471,4.59],[119.469,4.594]]],[[[119.47,4.602],[119.467,4.599],[119.471,4.598],[119.472,4.599],[119.47,4.602]]],[[[119.385,4.626],[119.384,4.617],[119.392,4.616],[119.385,4.626]]],[[[119.386,4.635],[119.381,4.63],[119.385,4.629],[119.386,4.635]]],[[[119.387,4.64],[119.385,4.637],[119.387,4.638],[119.387,4.64]]],[[[119.456,4.642],[119.455,4.643],[119.455,4.641],[119.457,4.641],[119.457,4.64],[119.458,4.639],[119.457,4.64],[119.459,4.64],[119.458,4.642],[119.456,4.642]]],[[[119.391,4.651],[119.392,4.642],[119.4,4.643],[119.391,4.651]]],[[[119.396,4.667],[119.39,4.66],[119.402,4.657],[119.396,4.667]]],[[[119.209,4.669],[119.208,4.671],[119.206,4.67],[119.209,4.669]]],[[[119.394,4.678],[119.392,4.677],[119.393,4.675],[119.395,4.678],[119.394,4.678]]],[[[119.146,4.722],[119.146,4.721],[119.148,4.717],[119.148,4.721],[119.146,4.722]]],[[[119.238,4.726],[119.239,4.728],[119.234,4.726],[119.238,4.726]]],[[[119.422,4.788],[119.389,4.744],[119.408,4.739],[119.404,4.706],[119.393,4.702],[119.393,4.67],[119.401,4.668],[119.422,4.788]]],[[[119.827,4.823],[119.809,4.817],[119.814,4.798],[119.841,4.79],[119.868,4.796],[119.865,4.806],[119.827,4.823]]],[[[119.412,4.867],[119.409,4.857],[119.41,4.857],[119.413,4.848],[119.416,4.846],[119.417,4.847],[119.417,4.85],[119.418,4.851],[119.417,4.852],[119.419,4.853],[119.418,4.854],[119.416,4.852],[119.415,4.862],[119.412,4.867]]],[[[119.932,4.902],[119.929,4.902],[119.93,4.901],[119.929,4.899],[119.93,4.9],[119.93,4.897],[119.931,4.895],[119.931,4.898],[119.934,4.901],[119.932,4.9],[119.932,4.902]]],[[[119.404,4.904],[119.407,4.9],[119.405,4.899],[119.405,4.897],[119.409,4.898],[119.404,4.904]]],[[[119.397,4.906],[119.388,4.896],[119.41,4.875],[119.397,4.906]]],[[[119.943,4.91],[119.943,4.908],[119.941,4.909],[119.937,4.905],[119.944,4.905],[119.943,4.91]]],[[[119.455,4.914],[119.445,4.908],[119.447,4.88],[119.471,4.764],[119.456,4.686],[119.459,4.68],[119.464,4.687],[119.463,4.673],[119.455,4.675],[119.458,4.642],[119.482,4.669],[119.507,4.762],[119.494,4.836],[119.455,4.914]]],[[[119.948,4.914],[119.947,4.914],[119.945,4.911],[119.948,4.914]]],[[[119.949,4.917],[119.948,4.916],[119.95,4.915],[119.949,4.917]]],[[[119.83,4.918],[119.829,4.917],[119.832,4.916],[119.83,4.918]]],[[[119.952,4.919],[119.951,4.918],[119.951,4.917],[119.952,4.919]]],[[[119.962,4.925],[119.955,4.921],[119.959,4.921],[119.963,4.925],[119.962,4.925]]],[[[119.802,4.927],[119.789,4.917],[119.804,4.855],[119.852,4.863],[119.853,4.901],[119.828,4.917],[119.829,4.905],[119.818,4.903],[119.814,4.911],[119.824,4.922],[119.802,4.927]]],[[[119.972,4.938],[119.972,4.934],[119.973,4.936],[119.972,4.938]]],[[[119.97,4.94],[119.97,4.932],[119.972,4.934],[119.971,4.935],[119.971,4.933],[119.97,4.94]]],[[[119.874,4.945],[119.873,4.947],[119.868,4.944],[119.867,4.939],[119.874,4.945]]],[[[119.978,4.953],[119.978,4.951],[119.976,4.952],[119.974,4.948],[119.975,4.949],[119.981,4.947],[119.981,4.95],[119.978,4.953]]],[[[119.988,4.963],[119.985,4.964],[119.985,4.961],[119.987,4.961],[119.988,4.963]]],[[[119.985,4.973],[119.984,4.972],[119.985,4.97],[119.985,4.973]]],[[[119.986,4.978],[119.987,4.973],[119.991,4.976],[119.989,4.978],[119.986,4.978]]],[[[119.989,4.986],[119.988,4.98],[119.989,4.979],[119.992,4.983],[119.989,4.986]]],[[[119.99,5.002],[119.988,4.999],[119.989,4.997],[119.993,4.995],[119.993,4.998],[119.99,5.002]]],[[[119.988,5.008],[119.988,5.005],[119.989,5.004],[119.99,5.006],[119.988,5.008]]],[[[120.03,5.005],[120.029,5.009],[120.029,5.006],[120.03,5.005]]],[[[120.189,5.013],[120.183,5.013],[120.194,5.013],[120.189,5.013]]],[[[120.116,5.013],[120.116,5.011],[120.12,5.005],[120.116,5.013]]],[[[119.987,5.014],[119.986,5.012],[119.987,5.011],[119.987,5.014]]],[[[120.013,5.017],[120.012,5.008],[119.992,5.005],[120.001,4.996],[119.988,4.969],[119.995,4.953],[120.009,4.96],[120.014,4.988],[120.025,4.998],[120.026,5.008],[120.013,5.017]]],[[[120.11,5.019],[120.107,5.019],[120.112,5.018],[120.11,5.019]]],[[[119.984,5.023],[119.983,5.023],[119.984,5.019],[119.984,5.018],[119.986,5.017],[119.987,5.02],[119.984,5.023]]],[[[120.012,5.021],[120.01,5.023],[120.009,5.019],[120.012,5.019],[120.012,5.021]]],[[[120.016,5.024],[120.016,5.025],[120.015,5.025],[120.016,5.024]]],[[[120.014,5.029],[120.014,5.028],[120.015,5.028],[120.014,5.029]]],[[[119.759,5.035],[119.737,5.03],[119.745,5.005],[119.772,5.013],[119.78,5.026],[119.775,5.035],[119.76,5.028],[119.759,5.035]]],[[[120.106,5.037],[120.101,5.029],[120.134,5.004],[120.136,5.02],[120.106,5.037]]],[[[120.015,5.034],[120.014,5.037],[120.01,5.039],[120.01,5.036],[120.013,5.032],[120.015,5.034],[120.015,5.03],[120.016,5.029],[120.017,5.034],[120.016,5.031],[120.016,5.036],[120.015,5.034]]],[[[119.788,5.04],[119.778,5.037],[119.797,5.025],[119.805,5.032],[119.788,5.04]]],[[[120.21,5.045],[120.185,5.022],[120.215,5.015],[120.228,5.034],[120.21,5.045]]],[[[120.05,5.045],[120.049,5.043],[120.052,5.042],[120.05,5.045]]],[[[120.072,5.061],[120.07,5.062],[120.068,5.061],[120.071,5.061],[120.074,5.059],[120.077,5.059],[120.072,5.061]]],[[[119.921,5.073],[119.919,5.069],[119.922,5.066],[119.925,5.071],[119.925,5.072],[119.923,5.071],[119.921,5.073]]],[[[119.816,5.075],[119.819,5.071],[119.819,5.074],[119.816,5.075]]],[[[119.954,5.079],[119.952,5.078],[119.951,5.074],[119.956,5.078],[119.954,5.079]]],[[[119.941,5.086],[119.936,5.085],[119.932,5.078],[119.933,5.076],[119.935,5.076],[119.934,5.074],[119.938,5.075],[119.94,5.078],[119.944,5.08],[119.945,5.083],[119.941,5.086]]],[[[120.26,5.09],[120.244,5.075],[120.252,5.064],[120.273,5.081],[120.26,5.09]]],[[[119.978,5.093],[119.977,5.093],[119.977,5.092],[119.978,5.093]]],[[[119.992,5.102],[119.988,5.085],[119.997,5.09],[119.992,5.102]]],[[[119.809,5.105],[119.806,5.096],[119.815,5.092],[119.809,5.105]]],[[[119.982,5.111],[119.981,5.11],[119.983,5.109],[119.982,5.111]]],[[[119.81,5.123],[119.765,5.094],[119.742,5.036],[119.774,5.049],[119.785,5.042],[119.791,5.066],[119.802,5.052],[119.817,5.058],[119.82,5.067],[119.807,5.078],[119.814,5.091],[119.804,5.098],[119.81,5.123]]],[[[120.313,5.13],[120.275,5.103],[120.269,5.089],[120.283,5.083],[120.318,5.103],[120.313,5.13]]],[[[120.313,5.133],[120.312,5.131],[120.313,5.132],[120.313,5.133]]],[[[119.81,5.133],[119.805,5.13],[119.804,5.128],[119.805,5.127],[119.808,5.128],[119.811,5.132],[119.81,5.133]]],[[[120.231,5.142],[120.228,5.14],[120.229,5.137],[120.232,5.138],[120.233,5.141],[120.231,5.142]]],[[[120.15,5.15],[120.148,5.147],[120.151,5.145],[120.15,5.15]]],[[[120.233,5.151],[120.232,5.15],[120.233,5.149],[120.233,5.151]]],[[[120.451,5.152],[120.45,5.155],[120.447,5.151],[120.45,5.148],[120.451,5.152]]],[[[120.502,5.158],[120.503,5.16],[120.502,5.159],[120.502,5.158]]],[[[119.852,5.161],[119.85,5.159],[119.853,5.16],[119.852,5.161]]],[[[120.342,5.161],[120.325,5.154],[120.318,5.138],[120.336,5.117],[120.348,5.133],[120.342,5.161]]],[[[120.064,5.161],[120.041,5.153],[120.056,5.149],[120.064,5.161]]],[[[120.283,5.162],[120.28,5.152],[120.288,5.155],[120.283,5.162]]],[[[120.235,5.162],[120.232,5.157],[120.234,5.156],[120.236,5.158],[120.235,5.162]]],[[[120.14,5.162],[120.138,5.161],[120.139,5.159],[120.14,5.162]]],[[[119.85,5.165],[119.848,5.165],[119.846,5.164],[119.845,5.163],[119.845,5.162],[119.847,5.162],[119.846,5.163],[119.848,5.164],[119.853,5.163],[119.85,5.165]]],[[[120.15,5.166],[120.143,5.159],[120.154,5.161],[120.15,5.166]]],[[[120.3,5.171],[120.297,5.17],[120.298,5.169],[120.3,5.169],[120.3,5.171]]],[[[120.289,5.17],[120.287,5.171],[120.284,5.17],[120.285,5.167],[120.287,5.165],[120.29,5.167],[120.289,5.17]]],[[[120.261,5.173],[120.26,5.165],[120.269,5.167],[120.261,5.173]]],[[[120.319,5.173],[120.318,5.175],[120.318,5.174],[120.319,5.173]]],[[[120.351,5.176],[120.347,5.175],[120.347,5.173],[120.35,5.171],[120.354,5.171],[120.355,5.172],[120.354,5.175],[120.351,5.176]]],[[[120.282,5.177],[120.282,5.176],[120.283,5.174],[120.284,5.177],[120.282,5.177]]],[[[120.455,5.177],[120.453,5.178],[120.453,5.177],[120.455,5.177]]],[[[120.527,5.177],[120.524,5.181],[120.523,5.179],[120.527,5.177]]],[[[120.282,5.181],[120.281,5.179],[120.285,5.178],[120.282,5.181]]],[[[120.451,5.179],[120.452,5.18],[120.451,5.182],[120.451,5.179]]],[[[120.266,5.182],[120.265,5.181],[120.267,5.181],[120.266,5.182]]],[[[120.302,5.19],[120.302,5.188],[120.303,5.189],[120.302,5.19]]],[[[120.482,5.194],[120.488,5.165],[120.499,5.159],[120.507,5.174],[120.508,5.161],[120.505,5.184],[120.482,5.194]]],[[[120.508,5.194],[120.508,5.196],[120.507,5.195],[120.508,5.194]]],[[[120.61,5.195],[120.61,5.197],[120.609,5.196],[120.61,5.195]]],[[[120.241,5.198],[120.238,5.196],[120.239,5.194],[120.241,5.197],[120.241,5.198]]],[[[120.356,5.198],[120.353,5.195],[120.352,5.19],[120.354,5.19],[120.354,5.192],[120.356,5.19],[120.356,5.192],[120.358,5.192],[120.356,5.194],[120.357,5.196],[120.356,5.198]]],[[[120.246,5.198],[120.244,5.197],[120.244,5.196],[120.246,5.198]]],[[[120.595,5.201],[120.594,5.2],[120.596,5.199],[120.595,5.201]]],[[[119.878,5.2],[119.878,5.201],[119.876,5.199],[119.878,5.2]]],[[[120.584,5.199],[120.585,5.199],[120.586,5.2],[120.586,5.202],[120.584,5.2],[120.584,5.2],[120.584,5.199],[120.584,5.199]]],[[[120.591,5.203],[120.59,5.201],[120.592,5.202],[120.591,5.203]]],[[[120.512,5.203],[120.508,5.202],[120.507,5.2],[120.514,5.193],[120.519,5.193],[120.518,5.19],[120.522,5.188],[120.524,5.185],[120.523,5.192],[120.512,5.203]]],[[[120.587,5.202],[120.587,5.204],[120.584,5.205],[120.583,5.202],[120.586,5.202],[120.586,5.2],[120.585,5.199],[120.584,5.199],[120.583,5.2],[120.582,5.201],[120.581,5.2],[120.586,5.198],[120.588,5.199],[120.587,5.202]]],[[[120.356,5.21],[120.357,5.212],[120.356,5.212],[120.355,5.21],[120.356,5.21]]],[[[120.696,5.209],[120.69,5.212],[120.691,5.211],[120.696,5.209]]],[[[119.879,5.213],[119.87,5.201],[119.871,5.197],[119.87,5.201],[119.879,5.213]]],[[[120.611,5.214],[120.609,5.215],[120.609,5.214],[120.611,5.214]]],[[[120.315,5.217],[120.315,5.216],[120.316,5.216],[120.315,5.217]]],[[[120.354,5.22],[120.353,5.218],[120.354,5.215],[120.356,5.218],[120.356,5.22],[120.354,5.22]]],[[[120.604,5.22],[120.569,5.208],[120.599,5.202],[120.61,5.218],[120.604,5.22]]],[[[119.907,5.22],[119.904,5.22],[119.906,5.218],[119.907,5.22]]],[[[120.33,5.219],[120.33,5.221],[120.329,5.219],[120.33,5.219]]],[[[119.899,5.222],[119.891,5.218],[119.891,5.215],[119.895,5.213],[119.896,5.215],[119.898,5.215],[119.902,5.219],[119.899,5.222]]],[[[120.328,5.22],[120.328,5.223],[120.325,5.219],[120.326,5.215],[120.328,5.217],[120.328,5.22]]],[[[120.248,5.222],[120.247,5.217],[120.249,5.215],[120.249,5.218],[120.248,5.222]]],[[[120.582,5.218],[120.597,5.222],[120.594,5.223],[120.581,5.219],[120.582,5.218]]],[[[120.675,5.221],[120.672,5.223],[120.673,5.221],[120.675,5.221]]],[[[120.661,5.223],[120.673,5.209],[120.686,5.21],[120.661,5.223]]],[[[120.312,5.223],[120.312,5.22],[120.314,5.218],[120.316,5.22],[120.312,5.223]]],[[[119.905,5.225],[119.904,5.224],[119.903,5.221],[119.91,5.221],[119.909,5.225],[119.905,5.225]]],[[[119.909,5.226],[119.91,5.224],[119.91,5.225],[119.909,5.226]]],[[[120.369,5.224],[120.37,5.226],[120.367,5.226],[120.367,5.225],[120.369,5.224]]],[[[120.314,5.227],[120.312,5.226],[120.314,5.225],[120.314,5.227]]],[[[119.92,5.228],[119.918,5.227],[119.918,5.222],[119.92,5.228]]],[[[120.251,5.225],[120.25,5.228],[120.248,5.224],[120.248,5.222],[120.251,5.225]]],[[[119.925,5.227],[119.925,5.229],[119.924,5.227],[119.925,5.227]]],[[[120.325,5.23],[120.324,5.227],[120.326,5.229],[120.325,5.23]]],[[[120.321,5.233],[120.319,5.233],[120.32,5.231],[120.321,5.231],[120.321,5.233]]],[[[120.328,5.233],[120.325,5.231],[120.328,5.231],[120.328,5.233]]],[[[119.906,5.233],[119.898,5.231],[119.895,5.229],[119.904,5.233],[119.908,5.232],[119.906,5.233]]],[[[120.648,5.234],[120.644,5.234],[120.647,5.232],[120.648,5.234]]],[[[120.639,5.235],[120.63,5.228],[120.648,5.223],[120.653,5.228],[120.639,5.235]]],[[[120.325,5.235],[120.322,5.234],[120.323,5.232],[120.325,5.235]]],[[[120.378,5.235],[120.374,5.234],[120.377,5.231],[120.378,5.233],[120.378,5.235]]],[[[119.935,5.235],[119.935,5.236],[119.935,5.234],[119.935,5.235]]],[[[119.916,5.236],[119.913,5.235],[119.912,5.234],[119.916,5.236]]],[[[120.404,5.237],[120.403,5.237],[120.403,5.236],[120.404,5.232],[120.406,5.232],[120.406,5.235],[120.404,5.237]]],[[[119.926,5.241],[119.917,5.237],[119.92,5.236],[119.921,5.239],[119.926,5.241],[119.927,5.24],[119.926,5.241]]],[[[119.949,5.242],[119.947,5.239],[119.942,5.239],[119.943,5.235],[119.94,5.233],[119.94,5.23],[119.938,5.23],[119.937,5.228],[119.941,5.228],[119.95,5.238],[119.954,5.24],[119.95,5.24],[119.949,5.242]]],[[[120.323,5.245],[120.321,5.24],[120.323,5.239],[120.321,5.236],[120.326,5.237],[120.326,5.243],[120.323,5.245]]],[[[120.347,5.246],[120.34,5.236],[120.344,5.237],[120.344,5.238],[120.347,5.243],[120.347,5.246]]],[[[119.936,5.247],[119.934,5.244],[119.935,5.238],[119.934,5.244],[119.936,5.247]]],[[[119.963,5.246],[119.964,5.247],[119.96,5.245],[119.962,5.245],[119.963,5.244],[119.962,5.245],[119.963,5.246]]],[[[120.298,5.249],[120.297,5.249],[120.297,5.246],[120.298,5.249]]],[[[120.315,5.251],[120.298,5.241],[120.311,5.225],[120.321,5.243],[120.315,5.251]]],[[[119.963,5.251],[119.963,5.252],[119.962,5.25],[119.961,5.251],[119.961,5.249],[119.96,5.25],[119.96,5.248],[119.957,5.244],[119.965,5.249],[119.965,5.247],[119.967,5.249],[119.969,5.249],[119.967,5.249],[119.968,5.251],[119.964,5.249],[119.963,5.251]]],[[[120.325,5.252],[120.325,5.247],[120.329,5.243],[120.33,5.246],[120.325,5.252]]],[[[119.945,5.253],[119.946,5.254],[119.944,5.253],[119.945,5.253]]],[[[120.27,5.256],[120.26,5.248],[120.259,5.218],[120.242,5.191],[120.251,5.192],[120.245,5.179],[120.267,5.187],[120.272,5.171],[120.282,5.183],[120.301,5.185],[120.319,5.207],[120.27,5.256]]],[[[119.969,5.258],[119.967,5.257],[119.968,5.256],[119.969,5.258]]],[[[120.28,5.259],[120.279,5.257],[120.279,5.253],[120.278,5.253],[120.278,5.252],[120.28,5.251],[120.282,5.248],[120.286,5.248],[120.288,5.254],[120.28,5.259]]],[[[120.358,5.259],[120.346,5.252],[120.352,5.245],[120.329,5.213],[120.343,5.182],[120.352,5.202],[120.347,5.216],[120.356,5.221],[120.367,5.25],[120.358,5.259]]],[[[120.367,5.261],[120.365,5.26],[120.364,5.258],[120.369,5.258],[120.369,5.26],[120.367,5.261]]],[[[120.256,5.262],[120.255,5.261],[120.256,5.26],[120.256,5.262]]],[[[120.265,5.263],[120.263,5.259],[120.262,5.252],[120.265,5.253],[120.269,5.259],[120.268,5.262],[120.265,5.263]]],[[[120.281,5.27],[120.28,5.268],[120.282,5.267],[120.283,5.269],[120.281,5.27]]],[[[120.274,5.267],[120.275,5.269],[120.273,5.27],[120.274,5.267]]],[[[120.282,5.272],[120.281,5.271],[120.283,5.27],[120.282,5.272]]],[[[120.373,5.272],[120.379,5.26],[120.383,5.267],[120.373,5.272]]],[[[120.27,5.271],[120.269,5.273],[120.267,5.272],[120.27,5.271]]],[[[120.263,5.272],[120.262,5.274],[120.261,5.273],[120.263,5.272]]],[[[120.289,5.275],[120.285,5.273],[120.293,5.262],[120.297,5.267],[120.291,5.27],[120.289,5.275]]],[[[120.256,5.274],[120.254,5.274],[120.254,5.272],[120.256,5.272],[120.256,5.274]]],[[[120.295,5.276],[120.295,5.274],[120.298,5.272],[120.295,5.276]]],[[[120.293,5.277],[120.29,5.274],[120.291,5.271],[120.297,5.269],[120.295,5.272],[120.296,5.271],[120.293,5.273],[120.294,5.275],[120.293,5.277]]],[[[120.306,5.283],[120.304,5.281],[120.307,5.275],[120.31,5.275],[120.315,5.276],[120.311,5.281],[120.306,5.283]]],[[[120.261,5.285],[120.26,5.284],[120.262,5.28],[120.265,5.28],[120.265,5.282],[120.261,5.285]]],[[[120.264,5.285],[120.263,5.284],[120.265,5.283],[120.264,5.285]]],[[[120.271,5.287],[120.269,5.287],[120.271,5.284],[120.272,5.285],[120.271,5.287]]],[[[120.276,5.285],[120.276,5.287],[120.274,5.288],[120.274,5.285],[120.276,5.284],[120.276,5.285]]],[[[120.241,5.296],[120.239,5.297],[120.24,5.295],[120.241,5.296]]],[[[120.477,5.296],[120.477,5.298],[120.475,5.297],[120.477,5.296]]],[[[120.226,5.299],[120.224,5.298],[120.23,5.296],[120.226,5.299]]],[[[120.284,5.3],[120.283,5.296],[120.284,5.298],[120.287,5.295],[120.29,5.297],[120.289,5.299],[120.284,5.3]]],[[[120.573,5.303],[120.566,5.302],[120.571,5.293],[120.573,5.303]]],[[[120.417,5.309],[120.416,5.308],[120.416,5.305],[120.418,5.307],[120.417,5.309]]],[[[120.266,5.314],[120.265,5.308],[120.266,5.306],[120.267,5.307],[120.268,5.305],[120.266,5.305],[120.272,5.301],[120.273,5.302],[120.273,5.3],[120.278,5.3],[120.277,5.304],[120.275,5.306],[120.274,5.309],[120.272,5.31],[120.273,5.308],[120.271,5.308],[120.269,5.311],[120.271,5.312],[120.266,5.314]]],[[[120.22,5.315],[120.221,5.319],[120.219,5.315],[120.22,5.315]]],[[[120.226,5.326],[120.218,5.306],[120.238,5.299],[120.226,5.326]]],[[[120.579,5.33],[120.577,5.33],[120.577,5.328],[120.579,5.328],[120.579,5.33]]],[[[120.267,5.349],[120.265,5.347],[120.266,5.344],[120.27,5.344],[120.27,5.343],[120.273,5.342],[120.276,5.343],[120.271,5.349],[120.267,5.349]]],[[[120.21,5.349],[120.194,5.339],[120.172,5.343],[120.154,5.322],[120.078,5.28],[120.076,5.262],[120.07,5.27],[120.029,5.239],[120.031,5.232],[119.979,5.237],[119.973,5.224],[119.958,5.223],[119.943,5.188],[119.857,5.145],[119.839,5.155],[119.83,5.15],[119.811,5.124],[119.825,5.111],[119.814,5.081],[119.822,5.054],[119.861,5.047],[119.849,5.063],[119.882,5.059],[119.879,5.073],[119.889,5.064],[119.901,5.075],[119.92,5.074],[119.919,5.088],[119.943,5.09],[119.967,5.079],[119.983,5.105],[119.976,5.118],[119.992,5.123],[119.987,5.142],[119.997,5.13],[120.003,5.138],[119.995,5.156],[120.015,5.157],[120.036,5.181],[120.051,5.185],[120.06,5.162],[120.077,5.17],[120.071,5.147],[120.088,5.162],[120.086,5.153],[120.096,5.151],[120.099,5.168],[120.11,5.168],[120.112,5.185],[120.122,5.187],[120.118,5.208],[120.127,5.209],[120.142,5.184],[120.156,5.182],[120.158,5.163],[120.168,5.191],[120.191,5.183],[120.166,5.145],[120.186,5.131],[120.2,5.138],[120.215,5.12],[120.224,5.124],[120.216,5.148],[120.225,5.171],[120.239,5.179],[120.23,5.2],[120.238,5.214],[120.241,5.206],[120.248,5.211],[120.255,5.257],[120.247,5.261],[120.25,5.283],[120.233,5.282],[120.214,5.302],[120.221,5.33],[120.21,5.349]]],[[[120.226,5.359],[120.225,5.339],[120.245,5.324],[120.242,5.349],[120.226,5.359]]],[[[120.321,5.387],[120.296,5.382],[120.293,5.37],[120.307,5.363],[120.329,5.37],[120.338,5.382],[120.321,5.387]]],[[[120.392,5.405],[120.376,5.402],[120.367,5.388],[120.404,5.398],[120.392,5.405]]],[[[120.587,5.424],[120.586,5.424],[120.587,5.422],[120.587,5.424]]],[[[120.586,5.435],[120.579,5.435],[120.579,5.42],[120.585,5.432],[120.601,5.409],[120.574,5.419],[120.579,5.405],[120.592,5.398],[120.608,5.404],[120.586,5.435]]],[[[120.231,5.448],[120.23,5.447],[120.231,5.444],[120.23,5.447],[120.232,5.446],[120.231,5.448]]],[[[120.239,5.454],[120.237,5.453],[120.241,5.451],[120.243,5.451],[120.242,5.453],[120.239,5.453],[120.239,5.454]]],[[[120.191,5.462],[120.181,5.449],[120.193,5.443],[120.191,5.462]]],[[[120.817,5.464],[120.816,5.465],[120.817,5.463],[120.82,5.464],[120.817,5.464]]],[[[120.233,5.466],[120.226,5.442],[120.251,5.442],[120.25,5.453],[120.252,5.446],[120.227,5.443],[120.228,5.458],[120.249,5.456],[120.233,5.466]]],[[[120.825,5.468],[120.82,5.465],[120.825,5.466],[120.826,5.467],[120.825,5.468]]],[[[120.587,5.468],[120.578,5.46],[120.585,5.443],[120.591,5.446],[120.587,5.468]]],[[[120.805,5.471],[120.804,5.471],[120.804,5.469],[120.805,5.471]]],[[[120.799,5.475],[120.799,5.47],[120.798,5.473],[120.794,5.473],[120.795,5.469],[120.793,5.469],[120.793,5.467],[120.791,5.467],[120.793,5.465],[120.797,5.465],[120.798,5.469],[120.8,5.469],[120.8,5.473],[120.799,5.475]]],[[[120.863,5.475],[120.862,5.478],[120.858,5.479],[120.856,5.478],[120.855,5.477],[120.861,5.474],[120.863,5.475]]],[[[120.861,5.486],[120.86,5.487],[120.858,5.486],[120.861,5.486]]],[[[120.851,5.479],[120.851,5.483],[120.844,5.487],[120.841,5.487],[120.841,5.483],[120.845,5.48],[120.851,5.479]]],[[[120.853,5.487],[120.852,5.487],[120.856,5.486],[120.853,5.487]]],[[[120.722,5.488],[120.716,5.478],[120.722,5.471],[120.72,5.483],[120.733,5.476],[120.741,5.444],[120.743,5.459],[120.722,5.488]]],[[[120.866,5.486],[120.869,5.488],[120.863,5.487],[120.866,5.486]]],[[[120.845,5.49],[120.84,5.491],[120.84,5.49],[120.85,5.488],[120.845,5.49]]],[[[120.903,5.492],[120.901,5.492],[120.904,5.491],[120.903,5.492]]],[[[120.899,5.492],[120.897,5.492],[120.9,5.491],[120.899,5.492]]],[[[120.893,5.493],[120.892,5.492],[120.896,5.492],[120.893,5.493]]],[[[120.884,5.493],[120.879,5.492],[120.876,5.491],[120.886,5.493],[120.884,5.493]]],[[[120.77,5.494],[120.764,5.492],[120.773,5.478],[120.778,5.492],[120.77,5.494]]],[[[120.948,5.495],[120.946,5.496],[120.947,5.494],[120.948,5.495]]],[[[120.944,5.495],[120.942,5.496],[120.943,5.493],[120.945,5.492],[120.944,5.495]]],[[[120.937,5.499],[120.936,5.499],[120.937,5.496],[120.937,5.499]]],[[[120.926,5.501],[120.924,5.498],[120.924,5.495],[120.922,5.495],[120.926,5.493],[120.923,5.493],[120.922,5.492],[120.928,5.488],[120.929,5.493],[120.927,5.494],[120.926,5.501]]],[[[120.928,5.502],[120.93,5.497],[120.931,5.499],[120.928,5.502]]],[[[120.567,5.498],[120.566,5.502],[120.562,5.503],[120.562,5.502],[120.567,5.498]]],[[[120.784,5.506],[120.783,5.503],[120.785,5.504],[120.784,5.506]]],[[[120.934,5.505],[120.934,5.502],[120.935,5.5],[120.935,5.504],[120.934,5.505]]],[[[120.963,5.507],[120.952,5.49],[120.903,5.489],[120.952,5.489],[120.963,5.507]]],[[[120.946,5.507],[120.946,5.502],[120.948,5.501],[120.951,5.504],[120.95,5.506],[120.946,5.507]]],[[[120.941,5.508],[120.939,5.507],[120.941,5.501],[120.943,5.499],[120.944,5.506],[120.941,5.508]]],[[[120.907,5.508],[120.908,5.51],[120.907,5.511],[120.905,5.509],[120.907,5.508]]],[[[120.946,5.515],[120.946,5.511],[120.948,5.509],[120.952,5.509],[120.953,5.513],[120.952,5.514],[120.95,5.514],[120.949,5.513],[120.946,5.515]]],[[[120.953,5.518],[120.952,5.516],[120.954,5.515],[120.953,5.518]]],[[[120.948,5.518],[120.946,5.518],[120.947,5.516],[120.95,5.516],[120.948,5.518]]],[[[120.955,5.519],[120.952,5.518],[120.954,5.518],[120.955,5.517],[120.955,5.519]]],[[[120.964,5.517],[120.963,5.52],[120.963,5.518],[120.964,5.517]]],[[[120.807,5.509],[120.809,5.511],[120.811,5.516],[120.811,5.524],[120.806,5.51],[120.807,5.509]]],[[[120.956,5.524],[120.954,5.523],[120.956,5.523],[120.956,5.524]]],[[[120.909,5.526],[120.907,5.525],[120.908,5.523],[120.91,5.523],[120.909,5.525],[120.909,5.526]]],[[[120.802,5.526],[120.8,5.526],[120.801,5.524],[120.802,5.526]]],[[[120.804,5.515],[120.807,5.529],[120.788,5.512],[120.774,5.484],[120.79,5.455],[120.8,5.456],[120.801,5.468],[120.792,5.457],[120.785,5.472],[120.8,5.477],[120.804,5.515]]],[[[120.756,5.556],[120.752,5.553],[120.753,5.55],[120.757,5.551],[120.756,5.556]]],[[[120.912,5.557],[120.911,5.553],[120.915,5.55],[120.915,5.552],[120.917,5.552],[120.917,5.549],[120.92,5.55],[120.919,5.548],[120.92,5.546],[120.928,5.545],[120.93,5.546],[120.93,5.548],[120.927,5.552],[120.919,5.553],[120.912,5.557]]],[[[120.794,5.57],[120.761,5.556],[120.744,5.517],[120.758,5.498],[120.777,5.496],[120.783,5.515],[120.805,5.53],[120.811,5.559],[120.794,5.57]]],[[[120.729,5.586],[120.726,5.584],[120.729,5.583],[120.729,5.586]]],[[[120.851,5.592],[120.824,5.574],[120.822,5.55],[120.812,5.545],[120.829,5.51],[120.857,5.488],[120.88,5.495],[120.908,5.536],[120.875,5.567],[120.873,5.581],[120.851,5.592]]],[[[120.873,5.603],[120.872,5.603],[120.873,5.6],[120.873,5.603]]],[[[120.857,5.601],[120.859,5.589],[120.877,5.594],[120.877,5.601],[120.866,5.593],[120.857,5.601]]],[[[120.276,5.63],[120.275,5.615],[120.285,5.623],[120.276,5.63]]],[[[120.279,5.64],[120.277,5.64],[120.276,5.638],[120.281,5.635],[120.281,5.637],[120.279,5.64]]],[[[120.282,5.656],[120.28,5.654],[120.282,5.652],[120.282,5.656]]],[[[120.349,5.67],[120.346,5.669],[120.346,5.666],[120.351,5.661],[120.353,5.661],[120.354,5.663],[120.349,5.67]]],[[[121.013,5.685],[121.012,5.683],[121.013,5.684],[121.013,5.685]]],[[[121.011,5.692],[121.009,5.691],[121.011,5.688],[121.008,5.687],[121.01,5.685],[121.01,5.686],[121.014,5.686],[121.014,5.687],[121.014,5.69],[121.011,5.69],[121.011,5.692]]],[[[121.067,5.694],[121.034,5.68],[121.012,5.682],[121.042,5.658],[121.071,5.675],[121.067,5.694]]],[[[121.016,5.694],[121.015,5.693],[121.017,5.693],[121.016,5.694]]],[[[120.994,5.698],[120.995,5.679],[121.011,5.668],[120.994,5.698]]],[[[120.91,5.698],[120.909,5.695],[120.909,5.697],[120.912,5.696],[120.91,5.698]]],[[[120.22,5.698],[120.216,5.698],[120.22,5.694],[120.219,5.692],[120.222,5.692],[120.224,5.695],[120.224,5.696],[120.22,5.698]]],[[[120.915,5.702],[120.913,5.701],[120.914,5.698],[120.916,5.7],[120.915,5.702]]],[[[121.019,5.707],[121.019,5.709],[121.018,5.708],[121.019,5.707]]],[[[120.836,5.71],[120.805,5.7],[120.798,5.664],[120.863,5.666],[120.865,5.68],[120.888,5.685],[120.89,5.693],[120.836,5.71]]],[[[121.018,5.713],[121.016,5.713],[121.016,5.712],[121.019,5.713],[121.018,5.713]]],[[[121.031,5.714],[121.025,5.714],[121.025,5.713],[121.023,5.712],[121.023,5.709],[121.03,5.712],[121.031,5.714]]],[[[121.028,5.717],[121.029,5.718],[121.027,5.717],[121.028,5.717]]],[[[121.013,5.721],[121.013,5.72],[121.015,5.72],[121.013,5.721]]],[[[121.025,5.721],[121.024,5.722],[121.024,5.721],[121.025,5.721]]],[[[120.299,5.733],[120.295,5.73],[120.295,5.725],[120.3,5.728],[120.301,5.732],[120.299,5.733]]],[[[120.998,5.738],[120.997,5.719],[121.012,5.716],[121.017,5.732],[120.998,5.738]]],[[[120.407,5.734],[120.409,5.74],[120.403,5.728],[120.401,5.73],[120.399,5.728],[120.397,5.725],[120.398,5.719],[120.401,5.72],[120.407,5.734]]],[[[120.911,5.759],[120.886,5.742],[120.879,5.707],[120.891,5.694],[120.924,5.706],[120.935,5.718],[120.931,5.746],[120.911,5.759]]],[[[120.416,5.764],[120.413,5.763],[120.412,5.762],[120.411,5.762],[120.409,5.76],[120.407,5.751],[120.411,5.746],[120.414,5.749],[120.419,5.759],[120.419,5.763],[120.416,5.764]]],[[[121.209,5.807],[121.207,5.803],[121.209,5.801],[121.209,5.803],[121.211,5.802],[121.209,5.807]]],[[[121.213,5.81],[121.212,5.809],[121.213,5.808],[121.211,5.806],[121.216,5.803],[121.217,5.805],[121.213,5.807],[121.213,5.81]]],[[[120.399,5.812],[120.401,5.788],[120.416,5.773],[120.42,5.792],[120.399,5.812]]],[[[121.21,5.821],[121.218,5.804],[121.242,5.815],[121.224,5.818],[121.225,5.811],[121.21,5.821]]],[[[121.203,5.829],[121.202,5.828],[121.204,5.826],[121.203,5.829]]],[[[121.199,5.838],[121.195,5.838],[121.197,5.837],[121.195,5.837],[121.196,5.834],[121.198,5.834],[121.198,5.833],[121.197,5.833],[121.197,5.833],[121.196,5.833],[121.196,5.833],[121.198,5.83],[121.2,5.831],[121.2,5.829],[121.204,5.831],[121.204,5.834],[121.199,5.838]]],[[[121.195,5.839],[121.195,5.838],[121.197,5.838],[121.195,5.839]]],[[[121.24,5.844],[121.239,5.844],[121.241,5.843],[121.241,5.84],[121.238,5.84],[121.238,5.837],[121.233,5.838],[121.235,5.836],[121.238,5.837],[121.241,5.841],[121.241,5.843],[121.24,5.844]]],[[[121.027,5.841],[121.021,5.84],[121.029,5.834],[121.027,5.841]]],[[[121.129,5.845],[121.128,5.843],[121.13,5.841],[121.131,5.843],[121.129,5.845]]],[[[121.104,5.845],[121.102,5.845],[121.1,5.842],[121.102,5.839],[121.105,5.84],[121.107,5.842],[121.106,5.844],[121.104,5.845]]],[[[121.147,5.85],[121.131,5.812],[121.139,5.788],[121.159,5.778],[121.206,5.8],[121.194,5.836],[121.147,5.85]]],[[[121.28,5.856],[121.271,5.855],[121.274,5.854],[121.28,5.856]]],[[[121.09,5.859],[121.082,5.856],[121.086,5.845],[121.079,5.851],[121.082,5.84],[121.095,5.85],[121.09,5.859]]],[[[121.217,5.859],[121.224,5.842],[121.237,5.839],[121.217,5.859]]],[[[121.299,5.875],[121.299,5.874],[121.3,5.875],[121.299,5.875]]],[[[119.98,5.875],[119.98,5.873],[119.981,5.872],[119.98,5.875]]],[[[119.976,5.876],[119.974,5.873],[119.976,5.871],[119.979,5.871],[119.975,5.872],[119.976,5.876]]],[[[121.213,5.876],[121.212,5.877],[121.209,5.874],[121.212,5.87],[121.214,5.871],[121.215,5.875],[121.213,5.876]]],[[[121.258,5.881],[121.257,5.882],[121.258,5.879],[121.258,5.881]]],[[[119.94,5.885],[119.92,5.872],[119.962,5.862],[119.956,5.878],[119.94,5.885]]],[[[119.975,5.885],[119.974,5.886],[119.973,5.884],[119.975,5.884],[119.975,5.885]]],[[[120.018,5.88],[120.02,5.886],[120.017,5.881],[120.015,5.879],[120.018,5.88]]],[[[119.977,5.888],[119.976,5.886],[119.978,5.885],[119.977,5.888]]],[[[120.01,5.889],[120.01,5.878],[120,5.875],[120.008,5.875],[119.981,5.872],[119.971,5.862],[120.009,5.869],[120.012,5.885],[120.019,5.884],[120.01,5.889]]],[[[121.31,5.88],[121.313,5.884],[121.32,5.888],[121.32,5.89],[121.319,5.888],[121.31,5.883],[121.31,5.88]]],[[[120.012,5.89],[120.011,5.889],[120.014,5.889],[120.012,5.89]]],[[[120.009,5.892],[120.009,5.89],[120.011,5.891],[120.009,5.892]]],[[[119.972,5.893],[119.965,5.881],[119.97,5.866],[119.972,5.893]]],[[[120.073,5.894],[120.066,5.887],[120.072,5.893],[120.07,5.877],[120.079,5.871],[120.073,5.894]]],[[[120.01,5.901],[120.006,5.895],[120.015,5.893],[120.01,5.901]]],[[[120.01,5.903],[120.007,5.901],[120.008,5.9],[120.01,5.903]]],[[[119.986,5.908],[119.983,5.906],[119.986,5.905],[119.985,5.907],[119.988,5.906],[119.986,5.908]]],[[[121.038,5.909],[121.038,5.908],[121.04,5.906],[121.04,5.908],[121.038,5.909]]],[[[121.042,5.907],[121.042,5.908],[121.041,5.909],[121.042,5.907]]],[[[119.984,5.911],[119.981,5.911],[119.986,5.91],[119.984,5.911]]],[[[119.986,5.914],[119.984,5.913],[119.988,5.911],[119.986,5.914]]],[[[121.388,5.915],[121.386,5.913],[121.388,5.913],[121.388,5.915]]],[[[119.995,5.916],[119.994,5.914],[119.995,5.915],[119.995,5.916]]],[[[119.99,5.918],[119.991,5.916],[119.988,5.916],[119.99,5.914],[119.99,5.915],[119.991,5.915],[119.991,5.916],[119.99,5.918]]],[[[119.994,5.92],[119.994,5.917],[119.995,5.916],[119.997,5.917],[119.994,5.92]]],[[[120.004,5.921],[120,5.918],[120,5.916],[120.004,5.906],[120.006,5.908],[120.004,5.906],[120.007,5.904],[120.005,5.904],[120.006,5.903],[120.008,5.904],[120.007,5.906],[120.006,5.907],[120.007,5.909],[120.005,5.909],[120.007,5.912],[120.003,5.913],[120.006,5.913],[120.006,5.917],[120.008,5.919],[120.006,5.92],[120.003,5.92],[120.004,5.921]]],[[[120.003,5.924],[119.999,5.924],[120.001,5.923],[120.001,5.921],[119.998,5.92],[119.999,5.919],[119.997,5.917],[119.999,5.918],[120,5.92],[120.002,5.921],[120.002,5.923],[120.002,5.921],[120.005,5.922],[120.003,5.924]]],[[[119.992,5.94],[119.978,5.931],[119.989,5.925],[119.978,5.928],[119.98,5.917],[119.999,5.922],[119.992,5.927],[120.002,5.937],[119.992,5.94]]],[[[120.121,5.969],[120.11,5.959],[120.119,5.937],[120.121,5.95],[120.114,5.945],[120.111,5.956],[120.118,5.961],[120.123,5.952],[120.121,5.969]]],[[[120.104,5.969],[120.103,5.968],[120.104,5.968],[120.103,5.966],[120.105,5.966],[120.106,5.962],[120.11,5.962],[120.111,5.963],[120.109,5.965],[120.11,5.963],[120.109,5.967],[120.106,5.967],[120.109,5.966],[120.105,5.965],[120.104,5.967],[120.105,5.969],[120.104,5.969]]],[[[121.579,5.979],[121.573,5.971],[121.58,5.97],[121.558,5.955],[121.571,5.932],[121.597,5.955],[121.579,5.979]]],[[[120.103,5.989],[120.09,5.974],[120.12,5.917],[120.122,5.932],[120.095,5.976],[120.106,5.986],[120.111,5.978],[120.103,5.971],[120.111,5.973],[120.114,5.964],[120.121,5.971],[120.103,5.989]]],[[[121.674,6.015],[121.672,6.014],[121.674,6.013],[121.674,6.015]]],[[[121.368,6.016],[121.369,6.007],[121.374,6.011],[121.368,6.016]]],[[[120.882,6.015],[120.882,6.017],[120.88,6.016],[120.882,6.015]]],[[[121.861,6.023],[121.859,6.023],[121.861,6.022],[121.861,6.023]]],[[[121.666,6.028],[121.66,6.022],[121.659,6.019],[121.658,6.017],[121.656,6.009],[121.659,6.01],[121.66,6.016],[121.665,6.017],[121.665,6.021],[121.667,6.022],[121.667,6.023],[121.668,6.024],[121.667,6.024],[121.666,6.028]]],[[[121.327,6.034],[121.317,6.031],[121.316,6.018],[121.327,6.023],[121.327,6.034]]],[[[121.663,6.041],[121.663,6.039],[121.665,6.037],[121.666,6.038],[121.663,6.041]]],[[[121.551,6.042],[121.534,6.026],[121.526,5.993],[121.556,6.016],[121.551,6.042]]],[[[121.518,6.05],[121.514,6.042],[121.523,6.044],[121.518,6.05]]],[[[121.781,6.052],[121.782,6.05],[121.791,6.045],[121.793,6.045],[121.781,6.052]]],[[[121.408,6.057],[121.382,6.037],[121.381,6.026],[121.388,6.016],[121.424,6.014],[121.433,6.038],[121.408,6.057]]],[[[121.678,6.057],[121.669,6.038],[121.681,6.04],[121.687,6.028],[121.652,5.997],[121.667,5.988],[121.693,5.995],[121.701,6.017],[121.728,6.031],[121.704,6.042],[121.688,6.036],[121.691,6.046],[121.675,6.055],[121.7,6.051],[121.678,6.057]]],[[[120.483,6.06],[120.48,6.053],[120.489,6.048],[120.483,6.06]]],[[[121.193,6.071],[121.192,6.073],[121.192,6.07],[121.194,6.07],[121.193,6.071]]],[[[121.453,6.076],[121.442,6.071],[121.446,6.05],[121.461,6.064],[121.453,6.076]]],[[[121.704,6.077],[121.702,6.076],[121.701,6.074],[121.706,6.069],[121.707,6.065],[121.718,6.059],[121.721,6.06],[121.721,6.063],[121.715,6.071],[121.71,6.075],[121.704,6.077]]],[[[121.165,6.078],[121.167,6.071],[121.177,6.076],[121.165,6.078]]],[[[118.318,6.087],[118.31,6.071],[118.318,6.073],[118.318,6.087]]],[[[121.272,6.091],[121.266,6.075],[121.278,6.076],[121.272,6.091]]],[[[121.06,6.091],[121.017,6.087],[121.003,6.058],[120.929,6.03],[120.899,6.006],[120.873,5.954],[120.874,5.937],[120.88,5.92],[120.909,5.911],[120.922,5.892],[120.94,5.889],[121.023,5.928],[121.055,5.906],[121.058,5.889],[121.076,5.878],[121.082,5.884],[121.073,5.889],[121.085,5.892],[121.069,5.898],[121.128,5.905],[121.143,5.927],[121.162,5.925],[121.168,5.944],[121.182,5.934],[121.196,5.955],[121.213,5.94],[121.219,5.944],[121.219,5.936],[121.237,5.936],[121.246,5.92],[121.233,5.907],[121.236,5.894],[121.257,5.893],[121.264,5.88],[121.289,5.875],[121.275,5.865],[121.271,5.872],[121.274,5.864],[121.285,5.866],[121.284,5.856],[121.3,5.868],[121.291,5.874],[121.354,5.919],[121.376,5.916],[121.385,5.904],[121.383,5.937],[121.411,5.944],[121.425,5.959],[121.419,5.995],[121.394,6.011],[121.369,6.005],[121.363,5.989],[121.356,5.997],[121.364,6.005],[121.347,6.011],[121.33,5.999],[121.28,6.019],[121.206,5.996],[121.154,6.078],[121.134,6.079],[121.122,6.09],[121.06,6.091]]],[[[121.663,6.092],[121.656,6.077],[121.668,6.083],[121.663,6.092]]],[[[121.764,6.095],[121.756,6.078],[121.777,6.053],[121.786,6.055],[121.806,6.028],[121.854,5.999],[121.91,6.019],[121.948,6.052],[121.853,6.019],[121.841,6.034],[121.815,6.042],[121.764,6.095]]],[[[118.45,6.106],[118.444,6.105],[118.446,6.101],[118.45,6.101],[118.451,6.105],[118.45,6.106]]],[[[120.505,6.112],[120.502,6.109],[120.504,6.103],[120.509,6.098],[120.514,6.098],[120.515,6.102],[120.513,6.106],[120.508,6.112],[120.505,6.112]]],[[[120.966,6.114],[120.951,6.103],[120.962,6.101],[120.955,6.106],[120.966,6.114]]],[[[120.979,6.122],[120.978,6.12],[120.973,6.121],[120.978,6.12],[120.979,6.122]]],[[[120.889,6.129],[120.889,6.126],[120.893,6.124],[120.889,6.129]]],[[[120.898,6.131],[120.894,6.123],[120.916,6.129],[120.898,6.131]]],[[[120.983,6.131],[120.983,6.13],[120.986,6.13],[120.983,6.131]]],[[[120.992,6.132],[120.99,6.13],[120.991,6.128],[120.987,6.124],[120.986,6.127],[120.982,6.127],[120.983,6.122],[120.986,6.122],[120.997,6.131],[120.992,6.132]]],[[[120.882,6.135],[120.881,6.135],[120.883,6.132],[120.886,6.129],[120.888,6.129],[120.882,6.133],[120.882,6.135]]],[[[121,6.135],[121,6.133],[120.998,6.133],[121,6.133],[121.001,6.133],[121,6.135]]],[[[120.991,6.136],[120.99,6.137],[120.989,6.136],[120.991,6.136]]],[[[120.978,6.137],[120.972,6.133],[120.975,6.13],[120.977,6.132],[120.979,6.131],[120.98,6.133],[120.978,6.134],[120.978,6.137]]],[[[120.899,6.137],[120.898,6.138],[120.898,6.137],[120.899,6.136],[120.899,6.137]]],[[[121.816,6.14],[121.815,6.137],[121.816,6.139],[121.816,6.14]]],[[[120.993,6.14],[120.994,6.132],[121.001,6.136],[120.993,6.14]]],[[[120.989,6.141],[120.983,6.139],[120.985,6.138],[120.99,6.14],[120.989,6.141]]],[[[120.535,6.145],[120.532,6.121],[120.547,6.113],[120.556,6.127],[120.535,6.145]]],[[[121.764,6.146],[121.762,6.139],[121.768,6.138],[121.769,6.14],[121.764,6.146]]],[[[120.908,6.147],[120.905,6.147],[120.906,6.145],[120.909,6.144],[120.911,6.145],[120.911,6.143],[120.913,6.142],[120.915,6.144],[120.914,6.146],[120.915,6.146],[120.913,6.147],[120.908,6.146],[120.908,6.147]]],[[[121.841,6.148],[121.816,6.135],[121.821,6.118],[121.846,6.117],[121.854,6.126],[121.841,6.148]]],[[[120.933,6.142],[120.935,6.148],[120.932,6.142],[120.93,6.141],[120.931,6.14],[120.933,6.142]]],[[[120.48,6.149],[120.477,6.146],[120.474,6.141],[120.479,6.136],[120.482,6.138],[120.483,6.142],[120.482,6.149],[120.48,6.149]]],[[[120.897,6.151],[120.894,6.15],[120.896,6.146],[120.897,6.148],[120.899,6.147],[120.896,6.15],[120.899,6.149],[120.897,6.151]]],[[[121.871,6.157],[121.87,6.156],[121.871,6.155],[121.872,6.155],[121.871,6.157]]],[[[120.948,6.166],[120.95,6.163],[120.947,6.159],[120.95,6.164],[120.948,6.166]]],[[[120.941,6.168],[120.938,6.166],[120.937,6.167],[120.936,6.165],[120.939,6.164],[120.94,6.166],[120.941,6.165],[120.942,6.167],[120.941,6.168]]],[[[118.11,6.165],[118.112,6.167],[118.11,6.168],[118.109,6.167],[118.11,6.165]]],[[[120.992,6.169],[120.987,6.164],[121.001,6.162],[120.992,6.169]]],[[[121.005,6.172],[120.992,6.168],[121.005,6.171],[121.004,6.16],[121.005,6.172]]],[[[120.458,6.172],[120.431,6.168],[120.415,6.152],[120.452,6.133],[120.466,6.163],[120.458,6.172]]],[[[120.952,6.175],[120.949,6.172],[120.951,6.171],[120.952,6.175]]],[[[121.818,6.176],[121.797,6.155],[121.805,6.13],[121.833,6.147],[121.818,6.176]]],[[[120.934,6.177],[120.934,6.176],[120.935,6.175],[120.934,6.177]]],[[[120.93,6.178],[120.893,6.157],[120.883,6.137],[120.902,6.161],[120.91,6.158],[120.924,6.174],[120.934,6.169],[120.93,6.178]]],[[[120.964,6.18],[120.965,6.176],[120.968,6.173],[120.969,6.174],[120.966,6.177],[120.966,6.179],[120.964,6.18]]],[[[118.123,6.19],[118.119,6.19],[118.115,6.185],[118.118,6.183],[118.122,6.185],[118.124,6.189],[118.123,6.19]]],[[[120.971,6.191],[120.968,6.181],[120.978,6.177],[120.971,6.191]]],[[[120.965,6.206],[120.957,6.192],[120.964,6.173],[120.968,6.198],[120.986,6.194],[120.98,6.178],[120.991,6.182],[120.99,6.195],[120.965,6.206]]],[[[118.15,6.207],[118.148,6.206],[118.15,6.203],[118.151,6.205],[118.15,6.207]]],[[[121.044,6.208],[121.05,6.195],[121.055,6.202],[121.044,6.208]]],[[[120.856,6.218],[120.845,6.207],[120.861,6.208],[120.856,6.218]]],[[[118.07,6.236],[118.068,6.234],[118.064,6.228],[118.072,6.232],[118.07,6.236]]],[[[121.834,6.242],[121.837,6.215],[121.846,6.23],[121.834,6.242]]],[[[121.998,6.289],[121.993,6.286],[121.998,6.287],[121.999,6.288],[121.998,6.289]]],[[[118.079,6.29],[118.071,6.281],[118.082,6.284],[118.079,6.29]]],[[[120.651,6.293],[120.65,6.291],[120.652,6.292],[120.651,6.293]]],[[[120.652,6.301],[120.652,6.299],[120.653,6.298],[120.652,6.301]]],[[[121.963,6.313],[121.96,6.288],[121.98,6.292],[121.982,6.281],[121.967,6.285],[121.971,6.279],[122.016,6.291],[121.987,6.285],[121.992,6.304],[121.963,6.313]]],[[[121.995,6.313],[121.992,6.313],[121.989,6.311],[121.994,6.31],[121.992,6.312],[121.995,6.313]]],[[[122.001,6.316],[122.001,6.313],[122.007,6.307],[122.006,6.303],[122.011,6.302],[122.012,6.296],[122.016,6.295],[122.015,6.3],[122.008,6.307],[122.006,6.312],[122.004,6.316],[122.001,6.316]]],[[[120.654,6.321],[120.637,6.29],[120.656,6.304],[120.655,6.274],[120.645,6.293],[120.621,6.267],[120.633,6.25],[120.663,6.279],[120.668,6.306],[120.654,6.321]]],[[[121.924,6.328],[121.919,6.318],[121.928,6.304],[121.924,6.328]]],[[[122.05,6.342],[122.038,6.315],[122.049,6.324],[122.05,6.342]]],[[[120.856,6.343],[120.846,6.338],[120.842,6.309],[120.86,6.309],[120.876,6.323],[120.873,6.338],[120.856,6.343]]],[[[122.03,6.35],[122.017,6.327],[122.041,6.329],[122.03,6.35]]],[[[121.976,6.362],[121.95,6.351],[121.959,6.336],[121.982,6.337],[121.976,6.362]]],[[[120.595,6.395],[120.557,6.374],[120.518,6.263],[120.481,6.272],[120.479,6.253],[120.534,6.239],[120.577,6.25],[120.589,6.351],[120.603,6.389],[120.595,6.395]]],[[[122.04,6.398],[122.037,6.396],[122.037,6.393],[122.038,6.392],[122.041,6.393],[122.04,6.398]]],[[[122.122,6.43],[122.119,6.432],[122.114,6.429],[122.114,6.428],[122.118,6.425],[122.124,6.426],[122.128,6.428],[122.125,6.432],[122.122,6.43]]],[[[122.134,6.43],[122.136,6.436],[122.126,6.435],[122.134,6.43]]],[[[120.711,6.437],[120.669,6.417],[120.67,6.403],[120.711,6.397],[120.711,6.437]]],[[[122.143,6.445],[122.143,6.445],[122.143,6.444],[122.144,6.445],[122.143,6.445]]],[[[122.175,6.453],[122.169,6.452],[122.178,6.453],[122.175,6.453]]],[[[121.857,6.454],[121.855,6.453],[121.855,6.451],[121.857,6.452],[121.857,6.454]]],[[[122.18,6.454],[122.178,6.453],[122.18,6.453],[122.18,6.454]]],[[[122.176,6.457],[122.175,6.456],[122.175,6.455],[122.176,6.455],[122.176,6.457]]],[[[122.222,6.466],[122.23,6.453],[122.219,6.449],[122.226,6.447],[122.232,6.456],[122.222,6.466]]],[[[121.827,6.468],[121.816,6.462],[121.827,6.448],[121.834,6.459],[121.827,6.468]]],[[[122.206,6.479],[122.208,6.464],[122.197,6.463],[122.224,6.452],[122.206,6.479]]],[[[122.212,6.487],[122.211,6.489],[122.209,6.487],[122.212,6.487]]],[[[122.205,6.486],[122.206,6.489],[122.203,6.49],[122.205,6.486]]],[[[122.207,6.49],[122.207,6.492],[122.206,6.494],[122.204,6.492],[122.207,6.49]]],[[[122.208,6.508],[122.201,6.515],[122.203,6.498],[122.218,6.494],[122.208,6.508]]],[[[121.779,6.527],[121.773,6.522],[121.773,6.519],[121.778,6.519],[121.782,6.522],[121.783,6.524],[121.779,6.527]]],[[[122.202,6.52],[122.204,6.525],[122.204,6.528],[122.2,6.522],[122.202,6.52]]],[[[121.788,6.532],[121.787,6.531],[121.789,6.526],[121.793,6.524],[121.792,6.529],[121.788,6.532]]],[[[121.837,6.533],[121.838,6.526],[121.839,6.533],[121.837,6.533]]],[[[121.757,6.541],[121.755,6.534],[121.764,6.535],[121.757,6.541]]],[[[121.832,6.551],[121.833,6.547],[121.835,6.546],[121.837,6.546],[121.834,6.546],[121.834,6.55],[121.832,6.551]]],[[[121.866,6.55],[121.863,6.55],[121.866,6.547],[121.867,6.548],[121.866,6.55]]],[[[121.794,6.567],[121.791,6.552],[121.806,6.55],[121.794,6.567]]],[[[121.749,6.563],[121.748,6.57],[121.745,6.572],[121.743,6.571],[121.743,6.568],[121.746,6.564],[121.749,6.563]]],[[[121.692,6.586],[121.69,6.58],[121.69,6.571],[121.692,6.566],[121.697,6.564],[121.698,6.567],[121.695,6.575],[121.694,6.584],[121.692,6.586]]],[[[121.563,6.587],[121.561,6.585],[121.563,6.583],[121.566,6.583],[121.567,6.587],[121.563,6.587]]],[[[121.612,6.587],[121.611,6.587],[121.612,6.583],[121.612,6.587]]],[[[121.774,6.596],[121.772,6.594],[121.774,6.589],[121.777,6.587],[121.781,6.588],[121.781,6.592],[121.774,6.596]]],[[[121.616,6.599],[121.614,6.594],[121.616,6.595],[121.616,6.599]]],[[[121.617,6.602],[121.616,6.6],[121.618,6.6],[121.617,6.602]]],[[[121.561,6.602],[121.56,6.601],[121.56,6.594],[121.564,6.592],[121.566,6.593],[121.566,6.597],[121.564,6.598],[121.561,6.602]]],[[[121.547,6.603],[121.545,6.602],[121.548,6.6],[121.551,6.602],[121.547,6.603]]],[[[121.755,6.613],[121.756,6.609],[121.757,6.61],[121.755,6.613]]],[[[121.549,6.624],[121.545,6.619],[121.544,6.614],[121.555,6.618],[121.549,6.624]]],[[[121.516,6.626],[121.51,6.621],[121.518,6.615],[121.516,6.626]]],[[[121.562,6.637],[121.56,6.636],[121.558,6.629],[121.562,6.63],[121.563,6.636],[121.562,6.637]]],[[[121.64,6.645],[121.638,6.643],[121.638,6.638],[121.64,6.639],[121.642,6.643],[121.64,6.645]]],[[[121.574,6.648],[121.569,6.646],[121.569,6.644],[121.573,6.646],[121.574,6.648]]],[[[121.587,6.65],[121.569,6.639],[121.585,6.625],[121.587,6.65]]],[[[121.533,6.66],[121.53,6.659],[121.529,6.656],[121.529,6.65],[121.53,6.647],[121.534,6.646],[121.538,6.653],[121.535,6.658],[121.533,6.66]]],[[[121.57,6.665],[121.568,6.662],[121.569,6.657],[121.563,6.647],[121.565,6.646],[121.571,6.654],[121.571,6.661],[121.57,6.665]]],[[[121.916,6.679],[121.915,6.678],[121.917,6.676],[121.917,6.678],[121.916,6.679]]],[[[121.595,6.683],[121.584,6.665],[121.62,6.599],[121.619,6.559],[121.62,6.622],[121.632,6.652],[121.595,6.683]]],[[[121.71,6.694],[121.703,6.685],[121.705,6.642],[121.718,6.686],[121.71,6.694]]],[[[122.256,6.738],[122.254,6.738],[122.253,6.736],[122.256,6.73],[122.259,6.727],[122.264,6.727],[122.264,6.728],[122.262,6.729],[122.26,6.735],[122.256,6.738]]],[[[122.396,6.75],[122.392,6.739],[122.405,6.734],[122.396,6.75]]],[[[121.917,6.675],[121.885,6.656],[121.856,6.679],[121.831,6.679],[121.805,6.651],[121.794,6.628],[121.803,6.61],[121.794,6.607],[121.825,6.584],[121.851,6.591],[121.855,6.58],[121.87,6.576],[121.881,6.556],[121.865,6.544],[121.876,6.528],[121.865,6.523],[121.87,6.506],[121.885,6.492],[121.895,6.495],[121.891,6.483],[121.904,6.483],[121.919,6.447],[121.958,6.432],[121.95,6.418],[121.958,6.406],[121.972,6.416],[121.984,6.409],[122.039,6.412],[122.091,6.436],[122.193,6.461],[122.2,6.493],[122.19,6.521],[122.202,6.533],[122.212,6.581],[122.239,6.596],[122.256,6.588],[122.308,6.593],[122.328,6.624],[122.307,6.645],[122.266,6.641],[122.236,6.665],[122.143,6.67],[122.136,6.717],[122.116,6.722],[122.094,6.713],[122.077,6.747],[122.056,6.751],[122.03,6.733],[122.038,6.713],[122.03,6.692],[122.051,6.676],[122.027,6.616],[122.035,6.616],[122.043,6.565],[121.955,6.56],[121.936,6.565],[121.943,6.615],[121.929,6.619],[121.916,6.638],[121.917,6.675]]],[[[121.459,6.766],[121.451,6.747],[121.469,6.734],[121.472,6.748],[121.459,6.766]]],[[[122.377,6.775],[122.363,6.762],[122.38,6.768],[122.377,6.775]]],[[[121.435,6.78],[121.432,6.778],[121.432,6.772],[121.429,6.766],[121.431,6.758],[121.434,6.757],[121.438,6.758],[121.439,6.761],[121.438,6.77],[121.434,6.774],[121.437,6.777],[121.436,6.779],[121.435,6.78]]],[[[121.534,6.835],[121.53,6.829],[121.549,6.812],[121.534,6.835]]],[[[121.553,6.847],[121.547,6.838],[121.556,6.828],[121.561,6.842],[121.553,6.847]]],[[[118.401,6.879],[118.4,6.88],[118.4,6.878],[118.397,6.88],[118.394,6.878],[118.394,6.871],[118.399,6.871],[118.401,6.879]]],[[[118.409,6.889],[118.406,6.888],[118.407,6.884],[118.41,6.887],[118.409,6.889]]],[[[121.588,6.907],[121.586,6.906],[121.586,6.902],[121.588,6.894],[121.591,6.889],[121.593,6.888],[121.594,6.891],[121.593,6.896],[121.594,6.901],[121.593,6.903],[121.589,6.904],[121.588,6.907]]],[[[118.421,7.01],[118.42,7.008],[118.423,7.007],[118.423,7.009],[118.421,7.01]]],[[[118.53,7.031],[118.53,7.032],[118.529,7.031],[118.53,7.031]]],[[[118.507,7.049],[118.478,7.028],[118.45,7.036],[118.42,7.024],[118.418,7.015],[118.414,7.025],[118.408,7.021],[118.43,7.008],[118.431,6.989],[118.476,6.973],[118.482,6.983],[118.482,6.968],[118.51,6.968],[118.513,6.975],[118.536,6.964],[118.509,6.992],[118.527,7.031],[118.507,7.049]]],[[[118.457,7.082],[118.456,7.079],[118.454,7.078],[118.458,7.077],[118.461,7.08],[118.457,7.082]]],[[[118.438,7.088],[118.436,7.087],[118.436,7.084],[118.44,7.082],[118.441,7.086],[118.438,7.088]]],[[[118.423,7.098],[118.421,7.101],[118.421,7.098],[118.423,7.097],[118.423,7.098]]],[[[118.424,7.126],[118.421,7.125],[118.421,7.123],[118.426,7.122],[118.426,7.126],[118.424,7.126]]],[[[118.42,7.179],[118.418,7.177],[118.415,7.176],[118.415,7.17],[118.419,7.171],[118.42,7.175],[118.424,7.177],[118.42,7.179]]],[[[124.076,7.376],[124.027,7.344],[124.015,7.321],[124.021,7.297],[124.046,7.313],[124.042,7.332],[124.07,7.354],[124.076,7.376]]],[[[124.801,7.522],[124.829,7.547],[124.818,7.565],[124.825,7.572],[124.815,7.572],[124.821,7.59],[124.807,7.597],[124.803,7.628],[124.776,7.636],[124.777,7.646],[124.756,7.654],[124.756,7.682],[124.744,7.684],[124.744,7.698],[124.731,7.703],[124.729,7.721],[124.74,7.73],[124.731,7.745],[124.711,7.754],[124.705,7.78],[124.683,7.796],[124.664,7.835],[124.634,7.843],[124.627,7.868],[124.619,7.869],[124.625,7.888],[124.598,7.903],[124.602,7.912],[124.548,8.024],[124.548,8.065],[124.537,8.09],[124.481,8.163],[124.456,8.133],[124.435,8.128],[124.396,8.153],[124.369,8.157],[124.371,8.121],[124.338,8.102],[124.332,8.074],[124.284,8.053],[124.253,8.056],[124.248,8.07],[124.214,8.071],[124.212,8.049],[124.199,8.047],[124.205,8.032],[124.191,8.029],[124.194,8.021],[124.158,8.02],[124.158,8.033],[124.109,8.03],[124.101,8.003],[124.118,8.003],[124.114,7.986],[124.096,7.987],[124.102,7.964],[124.031,7.953],[123.988,7.935],[124.002,7.913],[123.966,7.88],[123.996,7.839],[124.029,7.822],[123.996,7.785],[124.002,7.743],[123.955,7.724],[123.851,7.735],[123.861,7.725],[123.851,7.697],[123.876,7.703],[123.902,7.69],[123.916,7.693],[123.975,7.668],[123.979,7.646],[124.012,7.648],[124.037,7.628],[124.044,7.603],[124.067,7.585],[124.118,7.51],[124.132,7.472],[124.145,7.463],[124.142,7.449],[124.131,7.455],[124.128,7.446],[124.172,7.428],[124.17,7.415],[124.18,7.415],[124.156,7.402],[124.197,7.421],[124.206,7.408],[124.224,7.406],[124.233,7.418],[124.247,7.409],[124.248,7.377],[124.26,7.376],[124.258,7.349],[124.231,7.342],[124.218,7.358],[124.202,7.352],[124.215,7.343],[124.217,7.307],[124.205,7.259],[124.24,7.269],[124.246,7.262],[124.234,7.233],[124.263,7.225],[124.257,7.211],[124.302,7.171],[124.318,7.142],[124.313,7.135],[124.269,7.173],[124.253,7.166],[124.234,7.172],[124.212,7.195],[124.173,7.198],[124.159,7.189],[124.155,7.173],[124.115,7.151],[124.064,7.143],[124,7.04],[123.996,7.003],[123.97,6.963],[123.971,6.929],[123.957,6.894],[123.975,6.866],[123.958,6.855],[123.962,6.827],[123.944,6.818],[123.962,6.812],[123.96,6.788],[123.968,6.798],[123.976,6.794],[123.971,6.769],[123.988,6.771],[123.999,6.795],[124.031,6.778],[124.041,6.758],[124.033,6.741],[124.148,6.747],[124.21,6.743],[124.228,6.734],[124.248,6.757],[124.284,6.754],[124.276,6.736],[124.279,6.696],[124.414,6.728],[124.516,6.728],[124.509,6.773],[124.578,6.782],[124.586,6.81],[124.579,6.816],[124.58,6.85],[124.603,6.851],[124.598,6.865],[124.634,6.888],[124.67,6.865],[124.694,6.793],[124.717,6.811],[124.743,6.748],[124.77,6.727],[124.795,6.684],[124.761,6.665],[124.787,6.649],[124.775,6.643],[124.785,6.639],[124.779,6.627],[124.786,6.603],[124.798,6.613],[124.81,6.605],[124.81,6.612],[124.82,6.613],[124.833,6.601],[124.865,6.61],[124.868,6.643],[124.902,6.656],[124.887,6.678],[124.969,6.71],[125.007,6.712],[125.008,6.734],[124.984,6.727],[124.97,6.74],[124.959,6.737],[124.946,6.756],[124.953,6.785],[124.928,6.792],[124.891,6.787],[124.889,6.796],[124.871,6.798],[124.83,6.792],[124.822,6.794],[124.824,6.816],[124.804,6.817],[124.805,6.842],[124.828,6.861],[124.804,6.882],[124.804,6.912],[124.803,6.949],[124.824,6.949],[124.825,7.063],[124.772,7.076],[124.786,7.101],[124.782,7.132],[124.798,7.126],[124.772,7.157],[124.759,7.151],[124.72,7.182],[124.694,7.182],[124.694,7.146],[124.73,7.133],[124.725,7.122],[124.737,7.11],[124.727,7.108],[124.733,7.097],[124.723,7.087],[124.71,7.101],[124.712,7.079],[124.701,7.068],[124.689,7.072],[124.689,7.056],[124.703,7.051],[124.701,7.039],[124.718,7.018],[124.706,7.007],[124.722,6.999],[124.703,6.991],[124.708,6.981],[124.685,6.974],[124.689,6.954],[124.677,6.947],[124.665,6.948],[124.657,6.961],[124.648,6.956],[124.627,6.975],[124.586,6.97],[124.557,7.008],[124.558,7.022],[124.545,7.019],[124.531,7.032],[124.537,7.039],[124.523,7.03],[124.501,7.03],[124.459,7.056],[124.458,7.079],[124.432,7.09],[124.461,7.133],[124.465,7.172],[124.49,7.207],[124.45,7.207],[124.444,7.236],[124.436,7.227],[124.418,7.23],[124.417,7.221],[124.395,7.224],[124.377,7.17],[124.34,7.169],[124.366,7.236],[124.396,7.355],[124.403,7.354],[124.463,7.438],[124.485,7.439],[124.491,7.505],[124.528,7.638],[124.59,7.609],[124.692,7.59],[124.742,7.591],[124.761,7.562],[124.772,7.561],[124.771,7.547],[124.791,7.543],[124.801,7.522]]]]}}]}